年,月,日,時,分,縣市,區,死,受傷,2-30,天候,光線,道路類別,速限,道路型態,事故位置,路面鋪裝,路面狀態,路面缺陷,障礙物,視距,號誌種類,號誌動作,分向設施,快車道或一般車道間,快慢車道間,路面邊線,事故類型及型態,主要肇因,受傷程度,主要傷處,保護裝備,行動電話,當事者區分,車輛用途,當事者行動狀態,駕駛資格情形,駕駛執照種類,飲酒情形,車輛撞擊部位最初,車輛撞擊部位其他,肇事因素個別,肇事因素主要,肇事逃逸,職業,旅次目的,車種,GPS緯度,GPS經度,事故類別
2022,1,2,11,40,臺中市,北屯區,0,1,0,8,1,5,50,4,1,1,5,4,5,7,1,1,10,5,5,2,16,6,3,10,1,1,B03,7,5,1,8,2,8,,6,6,1,2,8,B03,120.685,24.1904,2
2022,1,2,11,41,臺中市,東勢區,0,2,0,8,1,5,50,4,1,1,5,4,5,7,4,4,10,5,5,2,16,6,2,9,1,1,C03,7,9,1,10,2,11,,6,6,1,22,8,C03,120.831371,24.255721,2
2022,1,2,11,43,臺中市,北屯區,0,0,0,8,,,50,,,,,,,,,,,,,,,26,,,,,B03,,,1,,2,,,26,26,1,21,,B03,120.692671,24.16802,3
2022,1,2,11,45,臺中市,大雅區,0,0,0,8,,,50,,,,,,,,,,,,,,,43,,,,,B03,,,1,,,,,43,43,1,22,,B03,120.647796,24.227751,3
2022,1,2,11,45,臺中市,豐原區,0,0,0,,,,50,,,,,,,,,,,,,,,23,,,,,C03,,,1,,9,,,23,23,1,19,,C03,120.714738,24.239317,3
2022,1,2,11,47,臺中市,太平區,0,2,0,8,1,5,30,11,9,1,5,4,5,7,4,4,4,5,5,1,18,13,2,9,1,1,C03,7,5,1,10,2,14,,13,13,1,21,8,C03,120.809845,24.097169,2
2022,1,2,11,48,臺中市,太平區,0,1,0,8,1,5,50,3,1,1,5,4,5,7,4,4,5,5,5,2,16,44,3,10,1,1,B03,7,7,1,8,2,6,,7,7,1,21,8,B03,120.728987,24.103876,2
2022,1,2,11,58,臺中市,北屯區,0,3,0,8,1,5,50,4,1,1,5,4,5,7,4,4,10,5,5,2,16,6,2,9,1,1,C03,7,9,1,10,2,11,,6,6,1,21,8,C03,120.70186,24.167796,2
2022,1,2,12,2,臺中市,大雅區,0,1,0,8,1,5,50,15,9,1,5,4,5,7,4,4,9,5,5,2,13,16,2,8,1,1,C03,7,9,1,10,2,11,,16,16,1,22,8,C03,120.634021,24.24263,2
2022,1,2,12,5,臺中市,太平區,0,2,0,8,1,5,50,5,9,1,5,4,5,7,2,1,5,2,5,2,18,23,2,8,1,1,C03,7,9,1,10,2,14,,23,23,1,5,8,C03,120.726765,24.115432,2
2022,1,2,12,13,臺中市,西屯區,0,0,0,8,,,50,,,,,,,,,,,,,,,12,,,,,B03,,,1,,1,,,12,12,1,5,,B03,120.63759,24.166445,3
2022,1,2,12,13,臺中市,神岡區,0,1,0,8,1,5,30,4,1,1,5,4,5,7,4,4,10,5,5,1,15,6,2,9,1,1,C03,7,9,1,10,2,11,,6,6,1,22,8,C03,120.651828,24.260836,2
2022,1,2,12,15,臺中市,潭子區,0,0,0,8,,,30,,,,,,,,,,,,,,,19,,,,,C03,,,1,,2,,,19,19,1,22,,C03,120.706455,24.211996,3
2022,1,2,12,15,臺中市,南屯區,0,0,0,8,,,40,,,,,,,,,,,,,,,12,,,,,B03,,,1,,1,,,12,12,1,22,,B03,120.627777,24.151666,3
2022,1,2,12,18,臺中市,南屯區,0,0,0,8,,,40,,,,,,,,,,,,,,,12,,,,,B03,,,1,,1,,,12,12,1,5,,B03,120.63397,24.146648,3
2022,1,2,12,24,臺中市,西區,0,2,0,8,1,5,30,4,1,1,5,4,5,7,4,4,10,5,5,2,15,6,3,10,1,1,B03,7,10,1,8,2,5,,6,6,1,5,7,B03,120.657041,24.155245,2
2022,1,2,12,28,臺中市,東區,0,0,0,8,1,5,50,4,2,1,5,4,5,7,4,4,1,2,5,2,17,67,,,,,,,,,,,,,67,67,1,,,,120.697162,24.139603,3
2022,1,2,12,28,臺中市,大肚區,0,0,0,8,,,30,,,,,,,,,,,,,,,12,,,,,B03,,,1,,2,,,12,12,1,22,,B03,120.580237,24.167151,3
2022,1,2,12,34,臺中市,北區,0,3,0,8,1,5,50,4,1,1,5,4,5,7,1,1,10,5,5,2,15,25,2,9,1,1,C03,7,9,3,18,7,11,,25,25,1,22,9,C03,120.672246,24.170148,2
2022,1,2,12,36,臺中市,梧棲區,0,1,0,8,1,5,40,3,1,1,5,4,5,7,4,4,10,5,5,2,16,23,2,8,1,1,C03,7,9,1,10,2,11,,23,23,1,12,8,C03,120.533518,24.242793,2
2022,1,2,12,40,臺中市,西區,0,0,0,,,,40,,,,,,,,,,,,,,,42,,,,,C03,,,1,,9,,,42,42,1,5,,C03,120.662505,24.136626,3
2022,1,2,12,40,臺中市,北區,0,1,0,8,1,5,50,4,1,1,5,4,5,7,1,1,10,2,5,2,13,23,2,9,1,1,C03,7,9,1,10,2,11,,23,23,1,5,8,C03,120.677171,24.165195,2
2022,1,2,12,45,臺中市,南屯區,0,0,0,8,,,50,,,,,,,,,,,,,,,17,,,,,B02,,,4,10,1,,,17,17,1,12,,B02,120.646015,24.150672,3
2022,1,2,12,48,臺中市,清水區,0,0,0,8,,,50,,,,,,,,,,,,,,,23,,,,,B03,,,1,,2,,,23,23,1,21,,B03,120.574872,24.282789,3
2022,1,2,12,54,臺中市,北屯區,0,2,0,8,1,5,50,14,7,1,5,4,5,7,4,4,4,3,4,2,16,10,2,9,1,1,C03,7,11,1,10,2,11,,10,10,1,21,8,C03,120.694319,24.170776,2
2022,1,2,12,59,臺中市,潭子區,0,1,0,8,1,5,30,3,9,1,5,4,5,7,4,4,10,5,5,2,17,6,3,10,1,1,B03,7,5,1,8,2,4,,6,6,1,22,8,B03,120.706401,24.211883,2
2022,1,2,13,8,臺中市,后里區,0,0,0,8,1,5,50,3,1,1,5,4,5,7,1,1,1,4,5,1,16,6,3,10,1,1,B03,7,5,1,8,2,1,,6,6,1,21,8,B03,120.693821,24.318021,3
2022,1,2,13,10,臺中市,西區,0,0,0,8,1,5,50,14,7,1,5,4,5,7,4,4,3,2,4,2,12,23,,,,,B03,,,1,,1,,,23,23,1,21,,B03,120.669027,24.130288,3
2022,1,2,13,13,臺中市,北區,0,2,0,8,1,5,40,4,1,1,5,4,5,7,1,1,10,5,5,2,17,25,2,9,1,1,C03,7,5,1,10,2,11,,25,25,1,22,9,C03,120.677933,24.151693,2
2022,1,2,13,14,臺中市,豐原區,0,0,0,8,,,50,,,,,,,,,,,,,,,12,,,,,B03,,,1,,2,,,12,12,1,22,,B03,120.718864,24.245328,3
2022,1,2,13,15,臺中市,南屯區,0,0,0,8,,,50,,,,,,,,,,,,,,,23,,,,,C03,,,1,,9,,,23,23,1,22,,C03,120.65,24.139722,3
2022,1,2,13,24,臺中市,太平區,0,1,0,8,1,5,50,14,9,1,5,4,5,7,4,4,5,5,5,2,20,42,2,9,1,1,C03,7,9,3,18,2,11,,42,42,1,20,8,C03,120.72307,24.111977,2
2022,1,2,13,25,臺中市,后里區,0,0,0,8,,,50,,,,,,,,,,,,,,,10,,,,,B03,,,1,,2,,,10,10,1,22,,B03,120.70137,24.324947,3
2022,1,2,13,26,臺中市,東區,0,0,0,8,,,50,,,,,,,,,,,,,,,23,,,,,B03,,,1,,2,,,23,23,1,21,,B03,120.701008,24.144601,3
2022,1,2,13,27,臺中市,西屯區,0,0,0,8,,,50,,,,,,,,,,,,,,,23,,,,,B03,,,1,,1,,,23,23,1,22,,B03,120.639618,24.171741,3
2022,1,2,13,27,臺中市,豐原區,0,0,0,8,,,50,,,,,,,,,,,,,,,23,,,,,B03,,,1,,2,,,23,23,1,4,,B03,120.735361,24.246599,3
2022,1,2,13,30,臺中市,東區,0,0,0,8,,,50,,,,,,,,,,,,,,,44,,,,,B03,,,1,,2,,,44,44,1,22,,B03,120.686931,24.133037,3
2022,1,2,13,30,臺中市,西屯區,0,0,0,8,,,40,,,,,,,,,,,,,,,10,,,,,B03,,,1,,11,,,10,10,1,22,,B03,120.640571,24.176001,3
2022,1,2,13,30,臺中市,清水區,0,0,0,8,,,70,,,,,,,,,,,,,,,44,,,,,B02,,,1,,2,,,44,44,1,5,,B02,120.535893,24.28041,3
2022,1,2,13,34,臺中市,西區,0,1,0,8,1,5,50,4,1,1,5,4,5,7,1,1,10,5,5,2,16,8,3,10,1,1,B03,7,5,1,8,2,2,,8,8,1,21,8,B03,120.672769,24.135858,2
2022,1,2,13,37,臺中市,北屯區,0,2,0,8,1,5,50,4,2,1,5,4,5,7,1,1,1,4,5,2,13,25,2,9,1,1,C03,7,6,1,10,2,13,,25,25,1,22,8,C03,120.6635,24.1853,2
2022,1,2,13,40,臺中市,潭子區,0,0,0,8,1,5,50,4,2,1,5,4,5,7,3,1,10,5,5,1,17,6,3,10,1,1,B03,7,9,1,8,2,7,,6,6,1,22,8,B03,120.701947,24.193415,3
2022,1,2,13,41,臺中市,西屯區,0,2,0,8,1,5,50,4,1,1,5,4,5,7,4,4,10,5,5,2,15,6,3,10,3,4,B03,7,9,1,8,2,1,,6,6,1,22,8,B03,120.66067,24.198005,2
2022,1,2,13,42,臺中市,西區,0,1,0,8,1,5,50,4,1,1,5,4,5,7,1,1,10,5,5,2,16,9,3,10,1,1,B03,7,6,1,8,2,8,,9,9,1,5,5,B03,120.661803,24.154396,2
2022,1,2,13,47,臺中市,豐原區,0,1,0,8,1,5,50,14,7,1,5,4,5,7,4,4,1,4,4,1,3,53,2,9,3,5,H01,8,16,8,20,10,16,,53,53,1,22,9,H01,120.738188,24.261711,2
2022,1,2,13,50,臺中市,西屯區,0,0,0,8,,,50,,,,,,,,,,,,,,,23,,,,,B03,,,1,,1,,,23,23,1,22,,B03,120.639267,24.174795,3
2022,1,2,13,51,臺中市,南屯區,0,1,0,8,1,5,50,14,9,1,5,4,5,7,4,4,5,4,5,2,17,38,3,10,1,1,B03,7,14,1,8,2,4,,38,38,1,22,9,B03,120.649906,24.135986,2
2022,1,2,13,53,臺中市,西區,0,0,0,8,,,30,,,,,,,,,,,,,,,12,,,,,B12,,,1,,1,,,12,12,1,5,,B12,120.660498,24.149614,3
2022,1,2,13,59,臺中市,北屯區,0,0,0,8,,,50,,,,,,,,,,,,,,,44,,,,,A02,,,1,,2,,,44,44,1,21,,A02,120.663728,24.186141,3
2022,1,2,14,2,臺中市,神岡區,0,0,0,8,,,30,,,,,,,,,,,,,,,6,,,,,B03,,,1,,1,,,6,6,1,22,,B03,120.686749,24.254121,3
2022,1,2,14,9,臺中市,西區,0,1,0,8,1,5,40,4,1,1,5,4,5,7,2,1,10,5,5,2,13,23,2,9,1,1,C03,7,9,1,10,2,11,,23,23,1,5,5,C03,120.66255,24.14003,2
2022,1,2,14,11,臺中市,西屯區,0,2,0,8,1,5,30,4,1,1,5,4,5,7,4,4,10,5,5,2,17,19,2,9,1,1,C03,7,1,1,10,2,14,,19,19,1,21,8,C03,120.646536,24.182618,2
2022,1,2,14,16,臺中市,中區,0,1,0,8,1,5,50,4,1,1,5,4,5,7,2,1,10,5,5,2,17,44,3,10,1,1,B03,7,5,1,8,2,15,,44,44,1,5,8,B03,120.678815,24.147178,2
2022,1,2,14,20,臺中市,大甲區,0,2,0,8,1,5,70,14,8,1,5,4,5,7,4,4,1,5,4,1,13,16,2,9,1,1,C03,7,9,1,10,2,13,,42,16,1,20,8,C03,120.612163,24.331173,2
2022,1,2,14,22,臺中市,南屯區,0,1,0,8,1,5,50,4,1,1,5,4,5,7,1,1,10,5,5,2,16,6,3,10,3,4,B03,7,5,1,8,2,1,,6,6,1,22,8,B03,120.643568,24.146615,2
2022,1,2,14,24,臺中市,潭子區,0,2,0,8,1,5,40,14,8,1,5,4,5,7,4,4,3,4,4,1,13,23,2,9,1,1,C03,7,6,1,10,2,11,,23,23,1,22,8,C03,120.694238,24.21586,2
2022,1,2,14,24,臺中市,南屯區,0,1,0,8,1,5,50,14,8,1,5,4,5,7,4,4,1,4,4,2,12,7,3,10,3,4,B12,7,8,1,8,2,5,2,7,7,1,21,8,B12,120.644389,24.150731,2
2022,1,2,14,29,臺中市,后里區,0,2,0,8,1,5,60,14,9,1,5,4,5,7,4,4,5,4,5,1,13,16,2,9,1,1,C03,7,9,1,10,2,11,,16,16,1,21,8,C03,120.731403,24.338385,2
2022,1,2,14,30,臺中市,大甲區,0,0,0,,,,50,,,,,,,,,,,,,,,23,,,,,B03,,,1,,2,,,23,23,1,22,,B03,120.626199,24.347207,3
2022,1,2,14,32,臺中市,沙鹿區,0,1,0,8,1,5,50,4,1,1,5,4,5,7,1,1,10,5,5,2,13,16,3,10,1,1,B03,7,9,1,8,2,1,,16,16,1,9,9,B03,120.562127,24.245131,2
2022,1,2,14,33,臺中市,北屯區,0,1,0,8,1,5,50,4,18,1,5,4,5,7,1,1,10,5,5,2,3,15,3,10,1,1,B01,7,5,1,4,2,8,,15,15,1,21,8,B01,120.698221,24.182986,2
2022,1,2,14,37,臺中市,西屯區,0,0,0,8,,,50,,,,,,,,,,,,,,,17,,,,,B03,,,1,,2,,,17,17,1,5,,B03,120.656595,24.200438,3
2022,1,2,14,45,臺中市,豐原區,0,1,0,8,1,5,50,5,1,1,5,4,5,7,1,1,10,5,5,2,17,42,3,10,1,1,B03,7,6,1,8,2,1,,42,42,1,22,8,B03,120.721053,24.25384,2
2022,1,2,14,46,臺中市,西屯區,0,1,0,8,1,5,50,3,1,1,5,4,5,7,4,4,5,4,4,2,16,10,3,10,3,4,B03,7,11,1,8,1,5,,10,10,1,22,8,B03,120.64151,24.17666,2
2022,1,2,14,47,臺中市,西屯區,0,1,0,8,1,5,50,4,1,1,5,4,5,7,1,1,5,4,5,2,12,43,3,10,3,4,C03,7,6,1,10,2,12,,43,43,1,22,8,C03,120.660473,24.197825,2
2022,1,2,14,52,臺中市,西區,0,1,0,8,1,5,50,14,8,1,5,4,5,7,4,4,5,5,4,2,16,6,3,10,1,1,B03,7,6,1,8,2,2,,6,6,1,21,8,B03,120.664975,24.136698,2
2022,1,2,14,52,臺中市,清水區,0,2,0,8,1,5,40,14,13,1,5,4,5,7,4,4,1,4,4,1,12,23,2,9,1,1,C03,7,9,1,10,2,12,,23,23,1,5,5,C03,120.595843,24.302426,2
2022,1,2,15,2,臺中市,北區,0,1,0,8,1,5,50,14,9,1,5,4,5,7,4,4,5,4,5,2,17,40,3,10,1,1,B03,7,13,6,18,2,4,,40,40,1,21,8,B03,120.682712,24.148383,2
2022,1,2,15,3,臺中市,西屯區,0,1,0,8,2,5,40,14,8,1,5,4,5,7,4,4,10,4,1,2,17,12,3,10,1,1,B03,7,2,1,8,2,7,,12,12,1,22,8,B03,120.6355,24.17977,2
2022,1,2,15,6,臺中市,梧棲區,0,1,0,8,1,5,50,3,1,1,5,4,5,7,4,4,10,5,5,2,16,6,2,9,1,1,C03,7,5,1,10,2,14,,6,6,1,9,8,C03,120.538535,24.247628,2
2022,1,2,15,15,臺中市,太平區,0,0,0,8,,,80,,,,,,,,,,,,,,,23,,,,,B02,,,1,,2,,,23,23,1,5,,B02,120.715467,24.151493,3
2022,1,2,15,15,臺中市,太平區,0,0,0,8,,,80,,,,,,,,,,,,,,,67,,,,,,,,,,,,,67,67,1,,,,120.719657,24.162791,3
2022,1,2,15,22,臺中市,中區,0,0,0,8,,,50,,,,,,,,,,,,,,,6,,,,,C03,,,1,,2,,,6,6,1,5,,C03,120.682416,24.145861,3
2022,1,2,15,30,臺中市,龍井區,0,4,0,8,1,5,30,4,1,1,5,4,5,7,4,4,10,5,5,2,16,6,2,9,3,4,C03,7,9,1,10,2,11,,6,6,1,4,9,C03,120.525343,24.205658,2
2022,1,2,15,39,臺中市,豐原區,0,0,0,8,,,50,,,,,,,,,,,,,,,23,,,,,B03,,,1,,2,,,23,23,1,4,,B03,120.720388,24.265002,3
2022,1,2,15,54,臺中市,北屯區,0,1,0,8,1,5,50,14,7,1,5,4,5,7,4,4,5,5,4,2,13,23,3,10,1,1,B03,7,9,1,8,2,1,,23,23,1,22,8,B03,120.722271,24.171063,2
2022,1,2,15,56,臺中市,西屯區,0,0,0,8,,,50,,,,,,,,,,,,,,,42,,,,,B03,,,1,,2,,,42,42,1,22,,B03,120.656275,24.163442,3
2022,1,2,16,8,臺中市,大肚區,0,2,0,8,1,5,70,14,7,1,5,4,5,7,1,1,1,4,4,1,13,23,2,9,1,1,C03,7,9,1,10,2,11,,23,23,1,21,8,C03,120.548756,24.151859,2
2022,1,2,16,15,臺中市,南屯區,0,1,0,8,3,5,50,4,2,1,5,4,5,7,2,1,1,2,1,2,13,23,3,10,3,4,B03,7,9,1,8,2,1,,23,23,1,22,9,B03,120.646607,24.143927,2
2022,1,2,16,16,臺中市,南屯區,0,0,0,8,,,50,,,,,,,,,,,,,,,9,,,,,B03,,,6,,2,,,9,9,1,22,,B03,120.646808,24.148836,3
2022,1,2,16,16,臺中市,外埔區,0,1,0,8,1,5,50,3,2,1,5,4,5,7,1,1,9,4,4,2,11,26,3,10,1,1,B12,7,9,1,8,2,4,,26,26,1,22,8,B12,120.648923,24.324552,2
2022,1,2,16,21,臺中市,南屯區,0,0,0,8,,,50,,,,,,,,,,,,,,,23,,,,,B03,,,1,,1,,,23,23,1,19,,B03,120.643831,24.146806,3
2022,1,2,16,22,臺中市,北屯區,0,0,0,8,,,40,,,,,,,,,,,,,,,23,,,,,B03,,,1,,2,,,23,23,1,5,,B03,120.671311,24.188756,3
2022,1,2,16,26,臺中市,北屯區,0,0,0,8,,,80,,,,,,,,,,,,,,,16,,,,,B03,,,1,,2,,,16,16,1,5,,B03,120.720757,24.170063,3
2022,1,2,16,27,臺中市,大雅區,0,0,0,8,,,30,,,,,,,,,,,,,,,6,,,,,B03,,,1,,2,,,6,6,1,22,,B03,120.62804,24.229417,3
2022,1,2,16,36,臺中市,西屯區,0,1,0,8,3,5,50,4,1,1,5,4,5,7,1,1,5,4,5,2,17,7,2,8,3,4,C03,7,7,3,18,2,14,,7,7,1,22,8,C03,120.644315,24.174906,2
2022,1,2,16,36,臺中市,西屯區,0,0,0,8,,,60,,,,,,,,,,,,,,,7,,,,,B03,,,1,,2,,,7,7,1,22,,B03,120.644261,24.174546,3
2022,1,2,16,40,臺中市,西屯區,0,0,0,8,,,50,,,,,,,,,,,,,,,23,,,,,B03,,,1,,1,,,23,23,1,12,,B03,120.644268,24.170306,3
2022,1,2,16,52,臺中市,北屯區,0,2,0,8,1,5,50,4,2,1,5,4,5,7,4,4,5,5,4,2,18,23,2,9,1,1,C03,7,9,1,10,2,14,,23,23,1,21,8,C03,120.667188,24.192123,2
2022,1,2,17,0,臺中市,霧峰區,0,0,0,8,,,50,,,,,,,,,,,,,,,10,,,,,B03,,,1,,2,,,10,10,1,21,,B03,120.666046,24.060202,3
2022,1,2,17,0,臺中市,大安區,0,1,0,8,1,5,30,14,13,1,5,4,5,7,4,4,10,5,5,2,29,42,2,9,1,1,C03,7,11,3,18,2,14,,42,42,1,20,8,C03,120.584633,24.383656,2
2022,1,2,17,1,臺中市,西屯區,0,0,0,8,,,30,,,,,,,,,,,,,,,17,,,,,B12,,,1,,2,,,17,17,1,22,,B12,120.621587,24.183237,3
2022,1,2,17,8,臺中市,烏日區,0,1,0,8,1,5,50,3,2,1,5,4,5,7,4,4,4,5,5,2,16,9,3,10,1,1,B03,7,6,1,8,2,5,,9,9,1,21,9,B03,120.599709,24.107695,2
2022,1,2,17,10,臺中市,大甲區,0,1,0,8,1,5,50,4,2,1,5,4,5,7,1,1,4,5,5,1,16,19,3,10,1,1,B03,7,1,1,8,2,8,,19,19,1,9,8,B03,120.655584,24.381735,2
2022,1,2,17,36,臺中市,西屯區,0,2,0,8,3,5,50,3,1,1,5,4,5,7,2,1,10,5,5,2,12,8,2,9,1,1,C03,7,5,1,10,2,14,,8,8,1,22,8,C03,120.638426,24.167465,2
2022,1,2,17,40,臺中市,西區,0,1,0,8,3,5,40,14,8,1,5,4,5,7,4,4,5,4,4,2,17,13,3,10,1,1,C03,7,9,1,10,2,12,,13,13,1,21,8,C03,120.665314,24.149323,2
2022,1,2,17,40,臺中市,北屯區,0,0,0,8,,,50,,,,,,,,,,,,,,,10,,,,,B03,,,1,,1,,,10,10,1,22,,B03,120.719443,24.17643,3
2022,1,2,17,42,臺中市,大雅區,0,1,0,8,1,5,50,14,8,1,5,4,5,7,4,4,4,2,4,1,17,6,3,10,1,1,F03,7,1,8,20,2,15,,6,6,1,22,9,F03,120.629112,24.207114,2
2022,1,2,17,43,臺中市,清水區,0,0,0,8,3,5,60,14,7,1,5,4,5,7,4,4,1,4,2,1,13,23,3,10,1,1,B03,7,8,1,8,2,11,,23,23,1,5,5,B03,120.596983,24.306598,3
2022,1,2,17,55,臺中市,神岡區,0,1,0,8,1,5,60,3,2,1,5,4,5,7,1,1,1,4,4,1,13,16,2,9,1,1,C01,7,9,1,9,2,11,,16,16,1,21,8,C01,120.674543,24.282901,2
2022,1,2,17,57,臺中市,北屯區,0,0,0,8,,,30,,,,,,,,,,,,,,,11,,,,,B03,,,1,,2,,,11,11,1,5,,B03,120.670998,24.189273,3
2022,1,2,17,58,臺中市,西屯區,0,1,0,8,3,5,40,14,8,1,5,4,5,7,4,4,1,4,3,2,12,23,2,9,1,1,C03,7,9,1,10,2,11,,23,23,1,22,8,C03,120.607802,24.184153,2
2022,1,2,17,59,臺中市,豐原區,0,1,0,8,3,5,40,4,7,1,5,4,5,7,1,1,5,4,4,2,12,3,2,1,1,1,F01,7,9,8,20,8,15,,3,3,1,22,8,F01,120.72114,24.248971,2
2022,1,2,18,0,臺中市,南屯區,0,0,0,8,,,50,,,,,,,,,,,,,,,7,,,,,B03,,,1,,1,,,7,7,1,22,,B03,120.624533,24.14913,3
2022,1,2,18,0,臺中市,石岡區,0,0,0,8,,,30,,,,,,,,,,,,,,,12,,,,,B03,,,1,,1,,,12,12,1,9,,B03,120.78178,24.27458,3
2022,1,2,18,4,臺中市,清水區,0,0,0,8,,,50,,,,,,,,,,,,,,,23,,,,,B03,,,1,,2,,,23,23,1,19,,B03,120.572815,24.269522,3
2022,1,2,18,6,臺中市,西區,0,0,0,8,,,50,,,,,,,,,,,,,,,12,,,,,B03,,,1,8,1,,,12,12,2,22,,B03,120.66217,24.147518,3
2022,1,2,18,10,臺中市,西屯區,0,0,0,8,,,10,,,,,,,,,,,,,,,23,,,,,B03,,,1,,2,,,23,23,1,12,,B03,120.655051,24.190306,3
2022,1,2,18,13,臺中市,豐原區,0,1,0,8,3,5,50,4,2,1,5,4,5,7,2,1,1,3,4,1,16,6,3,10,1,1,B03,7,6,1,8,2,6,,6,6,1,19,5,B03,120.7445,24.264711,2
2022,1,2,18,24,臺中市,東勢區,0,0,0,8,,,50,,,,,,,,,,,,,,,23,,,,,A12,,,1,,2,,,23,23,1,9,,A12,120.838551,24.17232,3
2022,1,2,18,41,臺中市,北屯區,0,0,0,8,,,50,,,,,,,,,,,,,,,9,,,,,B12,,,1,,1,,,9,9,1,22,,B12,120.69958,24.164996,3
2022,1,2,18,51,臺中市,梧棲區,0,2,0,8,3,5,70,3,1,1,5,4,5,7,1,1,10,5,5,2,16,25,3,10,1,1,B03,7,5,1,8,2,6,,25,25,1,9,8,B03,120.520431,24.244195,2
2022,1,2,18,57,臺中市,西屯區,0,1,0,8,3,5,40,14,8,1,5,4,5,7,4,4,9,4,1,2,13,23,2,9,1,1,C03,7,9,1,10,2,11,,23,23,1,12,8,C03,120.607688,24.184122,2
2022,1,2,19,5,臺中市,南屯區,0,0,0,8,,,50,,,,,,,,,,,,,,,12,,,,,B03,,,1,,1,,,12,12,1,22,,B03,120.638453,24.147165,3
2022,1,2,19,7,臺中市,神岡區,0,1,0,8,3,5,50,14,9,1,5,4,5,7,4,4,5,5,5,1,17,42,3,10,1,1,B03,7,15,1,8,2,15,,42,42,1,22,8,B03,120.698505,24.260157,2
2022,1,2,19,8,臺中市,西屯區,0,1,0,8,3,5,40,14,8,1,5,4,5,7,4,4,1,3,3,2,12,23,3,10,1,1,B02,7,9,1,8,2,5,,23,23,1,22,8,B02,120.606134,24.183387,2
2022,1,2,19,13,臺中市,西區,0,1,0,8,3,5,50,4,1,1,5,4,5,7,2,1,10,5,5,2,17,35,3,10,1,1,C03,7,9,1,10,2,15,,35,35,1,5,8,C03,120.661678,24.136547,2
2022,1,2,19,14,臺中市,太平區,0,1,0,8,3,5,50,4,2,1,5,4,5,7,1,1,5,5,5,2,18,23,2,9,1,1,C03,7,9,1,10,2,14,,23,23,1,21,8,C03,120.728997,24.104598,2
2022,1,2,19,22,臺中市,豐原區,0,1,0,8,3,5,50,4,2,1,5,4,5,7,4,4,5,5,5,2,13,16,2,7,1,1,C03,7,9,1,10,2,11,,16,16,1,22,9,C03,120.721383,24.252545,2
2022,1,2,19,26,臺中市,豐原區,0,1,0,8,3,5,50,3,1,1,5,4,5,7,4,4,1,5,5,1,17,23,2,9,1,1,C03,7,9,1,10,2,11,,23,23,1,22,8,C03,120.729088,24.252029,2
2022,1,2,19,30,臺中市,沙鹿區,0,1,0,8,3,5,30,3,1,1,5,4,5,7,4,4,9,5,4,2,17,23,2,9,1,1,C03,7,5,1,10,2,12,,23,23,1,4,8,C03,120.574034,24.228586,2
2022,1,2,19,33,臺中市,大雅區,0,1,0,8,3,5,50,13,7,1,5,4,5,7,1,1,5,4,4,2,18,23,2,9,1,1,C03,7,9,1,10,2,15,,23,23,1,22,9,C03,120.66959,24.22253,2
2022,1,2,19,39,臺中市,豐原區,0,1,0,8,3,5,50,14,9,1,5,4,5,7,4,4,5,5,5,1,16,26,3,10,1,1,C03,7,5,1,10,2,13,,26,26,1,22,9,C03,120.728701,24.245546,2
2022,1,2,19,43,臺中市,西屯區,0,1,0,7,3,5,40,14,8,1,5,4,5,7,4,4,1,5,1,2,13,23,2,9,1,1,C03,7,9,1,10,1,11,,23,23,1,22,8,C03,120.650295,24.162607,2
2022,1,2,19,44,臺中市,豐原區,0,0,0,,,,60,,,,,,,,,,,,,,,23,,,,,B03,,,1,,7,,,23,23,1,21,,B03,120.727084,24.23931,3
2022,1,2,19,47,臺中市,南區,0,2,0,8,3,5,50,3,4,1,5,4,5,7,1,1,1,2,5,2,13,23,2,8,1,1,C03,7,9,1,10,2,12,,23,23,1,21,8,C03,120.648195,24.11422,2
2022,1,2,19,59,臺中市,大安區,0,1,0,8,4,5,30,14,9,1,5,4,5,7,4,4,10,5,5,2,11,5,2,9,1,1,F03,7,9,8,20,2,16,,5,5,1,9,8,F03,120.600017,24.353402,2
2022,1,2,19,59,臺中市,神岡區,0,1,0,8,3,5,60,15,9,1,5,4,5,7,4,4,1,4,4,1,17,19,3,10,1,1,B12,7,1,1,8,2,3,,19,19,1,22,8,B12,120.6911,24.2315,2
2022,1,2,20,2,臺中市,烏日區,0,1,0,8,3,5,50,4,1,1,5,4,5,7,2,1,10,5,5,2,16,25,2,9,1,1,F03,7,9,8,20,5,16,,25,25,1,21,8,F03,120.648481,24.085988,2
2022,1,2,20,3,臺中市,西屯區,0,2,0,8,3,5,50,4,1,1,5,4,5,7,1,1,1,4,5,2,15,25,2,9,3,4,C03,7,1,1,10,2,14,,25,25,1,22,8,C03,120.64297,24.172628,2
2022,1,2,20,10,臺中市,潭子區,0,0,0,8,,,50,,,,,,,,,,,,,,,23,,,,,B03,,,1,,2,,,23,23,1,21,,B03,120.722385,24.202379,3