年,月,日,時,分,縣市,區,死,受傷,2-30,天候,光線,道路類別,速限,道路型態,事故位置,路面鋪裝,路面狀態,路面缺陷,障礙物,視距,號誌種類,號誌動作,分向設施,快車道或一般車道間,快慢車道間,路面邊線,事故類型及型態,主要肇因,受傷程度,主要傷處,保護裝備,行動電話,當事者區分,車輛用途,當事者行動狀態,駕駛資格情形,駕駛執照種類,飲酒情形,車輛撞擊部位最初,車輛撞擊部位其他,肇事因素個別,肇事因素主要,肇事逃逸,職業,旅次目的,車種,GPS緯度,GPS經度,事故類別
2022,1,2,20,10,臺中市,潭子區,0,1,0,8,1,5,50,3,2,1,5,4,5,7,3,1,8,5,5,1,9,23,3,10,1,1,B03,7,9,1,8,2,1,,23,23,1,22,8,B03,120.678409,24.203288,2
2022,1,2,20,15,臺中市,中區,0,2,0,8,3,5,50,14,9,1,5,4,5,7,4,4,1,4,5,2,16,27,3,10,1,1,B03,7,6,1,8,2,7,,27,27,1,21,8,B03,120.682645,24.136201,2
2022,1,2,20,15,臺中市,豐原區,0,0,0,8,,,50,,,,,,,,,,,,,,,23,,,,,B03,,,1,,2,,,23,23,1,22,,B03,120.709101,24.245418,3
2022,1,2,20,20,臺中市,潭子區,0,1,0,8,3,5,50,14,9,1,5,4,5,7,4,4,1,3,5,1,17,6,3,10,1,1,B03,7,6,1,8,2,6,,6,6,1,22,8,B03,120.705148,24.20055,2
2022,1,2,20,20,臺中市,北區,0,3,0,8,3,5,50,4,1,1,5,4,5,7,4,4,10,5,5,2,12,6,2,9,3,4,C03,7,5,1,10,2,14,,6,6,1,5,8,C03,120.693569,24.155368,2
2022,1,2,20,31,臺中市,西區,0,1,0,8,1,5,50,4,1,1,5,4,5,7,4,4,10,5,5,2,16,6,3,10,1,1,B03,7,5,1,8,1,1,,6,6,1,22,9,B03,120.655131,24.151588,2
2022,1,2,20,34,臺中市,北屯區,0,1,0,8,3,5,50,4,1,1,5,4,5,7,1,1,10,5,5,2,16,27,2,9,1,1,C03,7,5,1,10,2,14,,27,27,1,5,8,C03,120.699625,24.164669,2
2022,1,2,20,40,臺中市,南區,0,1,0,8,3,5,50,14,9,1,5,4,5,7,4,4,5,4,5,2,12,23,2,9,1,1,C03,7,9,1,10,2,14,13,23,23,1,21,8,C03,120.651648,24.121501,2
2022,1,2,20,42,臺中市,大雅區,0,0,0,8,,,50,,,,,,,,,,,,,,,23,,,,,B03,,,1,,2,,,23,23,1,22,,B03,120.654279,24.220974,3
2022,1,2,20,44,臺中市,西屯區,0,1,0,8,3,5,50,3,2,1,5,4,5,7,4,4,5,4,5,2,18,42,2,9,1,1,C03,7,9,1,10,2,12,,42,42,1,22,8,C03,120.645087,24.178723,2
2022,1,2,20,50,臺中市,南屯區,0,0,0,8,,,30,,,,,,,,,,,,,,,10,,,,,B03,,,1,,2,,,10,10,1,22,,B03,120.64549,24.134761,3
2022,1,2,20,58,臺中市,南屯區,0,0,0,8,,,50,,,,,,,,,,,,,,,23,,,,,B03,,,1,,1,,,23,23,1,22,,B03,120.653052,24.136641,3
2022,1,2,21,3,臺中市,西屯區,0,2,0,8,3,5,40,4,1,1,5,4,5,7,1,1,10,5,5,2,12,23,2,9,1,1,C03,7,9,1,10,2,15,,23,23,1,22,8,C03,120.60811,24.185841,2
2022,1,2,21,10,臺中市,南區,0,0,0,8,3,5,40,14,9,1,5,4,5,7,4,4,10,5,5,2,17,23,3,10,1,1,B03,7,15,1,8,2,2,,23,23,1,22,8,B03,120.677549,24.128435,3
2022,1,2,21,17,臺中市,潭子區,0,0,0,,,,60,,,,,,,,,,,,,,,23,,,,,B03,,,1,,2,,,23,23,1,22,,B03,120.705096,24.215951,3
2022,1,2,21,30,臺中市,大雅區,0,0,0,8,,,30,,,,,,,,,,,,,,,23,,,,,B03,,,1,,2,,,23,23,1,22,,B03,120.63339,24.228787,3
2022,1,2,22,0,臺中市,北區,0,1,0,8,1,5,50,4,1,1,5,4,5,7,1,1,10,5,5,2,17,23,3,10,1,1,B03,7,5,1,8,2,4,,23,23,1,22,8,B03,120.665783,24.166801,2
2022,1,2,22,5,臺中市,大雅區,0,1,0,8,3,5,50,4,1,1,5,4,5,7,1,1,10,5,5,2,15,25,2,9,1,1,F02,7,9,8,20,2,16,,25,25,1,22,9,F02,120.6645,24.23383,2
2022,1,2,22,7,臺中市,北區,0,2,0,8,3,5,50,14,9,1,5,4,5,7,4,4,5,5,5,2,16,26,2,4,1,1,C03,7,7,1,10,2,11,,26,26,1,21,8,C03,120.685983,24.148436,2
2022,1,2,22,19,臺中市,北屯區,0,1,0,8,3,5,50,4,1,1,5,4,5,7,2,1,10,5,5,2,16,6,3,10,1,1,B03,7,6,1,8,2,6,,6,6,1,22,8,B03,120.704445,24.164859,2
2022,1,2,22,20,臺中市,沙鹿區,0,2,0,8,3,5,50,4,1,1,5,4,5,7,4,4,9,5,4,2,16,6,3,10,1,1,B12,7,9,1,8,2,1,,6,6,1,4,8,B12,120.558464,24.236745,2
2022,1,2,22,22,臺中市,沙鹿區,0,1,0,8,3,5,40,14,8,1,5,4,5,7,4,4,1,4,3,1,17,23,2,9,3,4,C03,7,9,1,10,4,11,,23,23,1,9,5,C03,120.580555,24.200555,2
2022,1,2,22,30,臺中市,北區,0,0,0,,,,50,,,,,,,,,,,,,,,23,,,,,B02,,,1,,2,,,23,23,1,21,,B02,120.676724,24.149595,3
2022,1,2,22,46,臺中市,北區,0,0,0,8,,,50,,,,,,,,,,,,,,,67,,,,,,,,,,,,,67,67,1,,,,120.686037,24.147982,3
2022,1,2,23,0,臺中市,南屯區,0,1,0,8,3,5,50,4,1,1,5,4,5,7,2,1,1,5,5,2,16,9,3,10,1,1,B03,7,6,1,8,2,6,,9,9,1,22,8,B03,120.672097,24.154602,2
2022,1,2,23,44,臺中市,北區,0,0,0,8,,,50,,,,,,,,,,,,,,,23,,,,,B12,,,1,,10,,,38,38,1,22,,B12,120.679036,24.148998,3
2022,1,2,23,45,臺中市,沙鹿區,0,0,0,8,,,50,,,,,,,,,,,,,,,23,,,,,B12,,,1,,2,,,23,23,1,5,,B12,120.576357,24.224872,3
2022,1,3,1,36,臺中市,梧棲區,0,2,0,8,3,5,40,14,8,1,5,4,5,7,4,4,1,4,1,1,9,43,2,9,3,4,C03,7,9,3,18,2,11,,43,43,1,22,8,C03,120.525384,24.255923,2
2022,1,3,2,50,臺中市,清水區,0,1,0,8,3,5,40,14,8,1,5,4,5,7,4,4,1,3,4,1,17,23,2,9,1,1,C03,7,9,3,18,2,11,,23,23,1,21,1,C03,120.586465,24.288985,2
2022,1,3,3,51,臺中市,西屯區,0,2,0,8,3,5,50,14,8,1,5,4,5,7,4,4,2,4,4,2,11,7,3,10,3,4,B03,7,8,1,8,2,2,,7,7,1,22,8,B03,120.638733,24.163891,2
2022,1,3,5,7,臺中市,北屯區,0,2,0,8,3,5,50,4,1,1,5,4,5,7,2,1,3,4,5,2,12,25,2,9,1,1,C03,7,5,1,10,2,11,,25,25,1,22,8,C03,120.694259,24.16491,2
2022,1,3,5,47,臺中市,南屯區,0,0,0,,,,50,,,,,,,,,,,,,,,12,,,,,B03,,,1,,2,,,12,12,1,22,,B03,120.636249,24.144994,3
2022,1,3,6,34,臺中市,龍井區,0,0,0,8,,,50,,,,,,,,,,,,,,,19,,,,,B03,,,1,,2,,,19,19,1,12,,B03,120.546474,24.196656,3
2022,1,3,6,40,臺中市,北屯區,0,1,0,8,1,5,50,14,9,1,5,4,5,7,4,4,1,4,5,2,17,23,2,9,1,1,C03,7,9,1,10,2,11,,23,23,1,5,8,C03,120.701853,24.182668,2
2022,1,3,6,42,臺中市,太平區,0,1,0,8,1,5,50,14,9,1,5,4,5,7,4,4,5,5,5,1,17,42,2,9,1,1,B03,7,9,1,8,2,5,,42,42,1,21,8,B03,120.711332,24.122933,2
2022,1,3,6,53,臺中市,潭子區,0,1,0,8,1,5,50,3,1,1,5,4,5,7,1,1,10,5,5,2,17,6,2,9,1,1,C03,7,5,1,10,2,11,,6,6,1,22,8,C03,120.702616,24.19705,2
2022,1,3,6,56,臺中市,北區,0,0,0,,,,50,,,,,,,,,,,,,,,23,,,,,B03,,,1,,2,,,23,23,1,21,,B03,120.667583,24.159409,3
2022,1,3,6,56,臺中市,南屯區,0,0,0,8,,,50,,,,,,,,,,,,,,,12,,,,,B03,,,1,,2,,,12,12,1,22,,B03,120.612673,24.153613,3
2022,1,3,7,3,臺中市,潭子區,0,1,0,8,1,5,50,3,2,1,5,4,5,7,4,4,5,4,4,2,3,23,3,10,1,1,C03,7,9,1,10,2,14,,23,23,1,22,8,C03,120.706797,24.208347,2
2022,1,3,7,10,臺中市,清水區,0,2,0,8,1,5,50,14,9,1,5,4,5,7,4,4,9,4,4,1,16,10,2,9,1,1,C03,7,11,3,18,2,11,,10,10,1,5,5,C03,120.570982,24.280379,2
2022,1,3,7,13,臺中市,北屯區,0,1,0,8,1,5,50,4,1,1,5,4,5,7,1,1,10,5,5,2,15,25,3,10,1,1,C03,7,9,1,10,7,11,,25,25,1,21,8,C03,120.692476,24.164993,2
2022,1,3,7,14,臺中市,東勢區,0,1,0,8,1,5,50,4,2,1,5,4,5,7,4,4,4,3,5,1,16,6,2,9,1,1,C03,7,9,1,10,2,11,,6,6,1,22,9,C03,120.8053,24.236251,2
2022,1,3,7,15,臺中市,豐原區,0,1,0,8,1,5,30,14,9,1,5,4,5,7,4,4,10,5,5,2,27,42,2,9,1,1,C03,7,9,1,10,2,11,,42,42,1,4,1,C03,120.700155,24.238725,2
2022,1,3,7,16,臺中市,北屯區,0,0,0,8,1,5,50,14,9,1,5,4,5,7,4,4,4,3,5,2,16,19,3,10,1,1,B03,7,1,1,8,1,8,,19,19,1,21,8,B03,120.728224,24.178911,3
2022,1,3,7,20,臺中市,霧峰區,0,0,0,8,,,40,,,,,,,,,,,,,,,23,,,,,B03,,,1,,11,,,23,23,1,3,,B03,120.676022,24.063841,3
2022,1,3,7,22,臺中市,大雅區,0,0,0,8,,,30,,,,,,,,,,,,,,,12,,,,,B03,,,1,,2,,,12,12,1,22,,B03,120.671089,24.210499,3
2022,1,3,7,24,臺中市,清水區,0,0,0,8,1,5,60,14,9,1,5,4,5,7,4,4,1,4,5,1,13,42,3,10,1,1,B03,7,9,1,8,1,1,,42,42,1,5,5,B03,120.548299,24.278018,3
2022,1,3,7,27,臺中市,清水區,0,1,0,8,1,5,30,14,9,1,5,4,5,7,4,4,10,5,5,2,10,5,2,8,1,1,F01,7,9,8,20,1,16,,5,5,1,5,1,F01,120.563164,24.271821,2
2022,1,3,7,28,臺中市,大里區,0,0,0,,,,80,,,,,,,,,,,,,,,16,,,,,B12,,,1,,2,,,16,16,1,22,,B12,120.689658,24.096158,3
2022,1,3,7,28,臺中市,沙鹿區,0,0,0,8,,,60,,,,,,,,,,,,,,,16,,,,,B03,,,1,,2,,,16,16,1,2,,B03,120.580102,24.249992,3
2022,1,3,7,29,臺中市,新社區,0,1,0,8,1,8,50,14,9,1,5,4,5,7,4,4,4,4,5,1,16,6,3,10,1,1,B12,7,6,1,8,2,5,,6,6,1,22,9,B12,120.805973,24.237325,2
2022,1,3,7,30,臺中市,西屯區,0,0,0,8,,,0,,,,,,,,,,,,,,,43,,,,,,,,,,,,,43,43,1,,,,120.637572,24.175024,3
2022,1,3,7,30,臺中市,沙鹿區,0,0,0,,,,50,,,,,,,,,,,,,,,8,,,,,C03,,,1,,2,,,8,8,1,20,,C03,120.565976,24.233913,3
2022,1,3,7,31,臺中市,豐原區,0,0,0,8,,,50,,,,,,,,,,,,,,,43,,,,,B03,,,1,,2,,,43,43,1,21,,B03,120.712351,24.252761,3
2022,1,3,7,31,臺中市,豐原區,0,0,0,,,,60,,,,,,,,,,,,,,,23,,,,,G03,,,1,,2,,,23,23,1,11,,G03,120.703422,24.247008,3
2022,1,3,7,33,臺中市,潭子區,0,0,0,8,,,40,,,,,,,,,,,,,,,16,,,,,B03,,,1,,2,,,16,16,1,22,,B03,120.721913,24.204138,3
2022,1,3,7,33,臺中市,梧棲區,0,1,0,8,1,5,50,5,1,1,5,4,5,7,4,4,10,5,5,2,15,6,2,9,1,1,B03,7,9,1,8,2,5,,6,6,1,20,8,B03,120.545171,24.242392,2
2022,1,3,7,33,臺中市,梧棲區,0,1,0,8,1,5,70,3,2,1,5,4,5,7,1,1,1,4,3,1,16,26,3,10,1,1,B03,7,6,1,8,2,2,,26,26,1,9,8,B03,120.544331,24.247096,2
2022,1,3,7,35,臺中市,西區,0,1,0,8,1,5,50,4,1,1,5,4,5,7,4,4,10,5,5,2,15,6,3,10,1,1,B03,7,9,1,8,2,5,,14,6,1,22,9,B03,120.672558,24.145728,2
2022,1,3,7,36,臺中市,豐原區,0,1,0,8,1,5,50,14,7,1,5,4,5,7,4,4,8,5,4,2,17,6,3,10,1,1,B03,7,5,1,8,2,8,,6,6,1,12,1,B03,120.726686,24.25133,2
2022,1,3,7,37,臺中市,北區,0,2,0,8,1,5,50,4,2,1,5,4,5,7,1,1,1,4,4,2,17,26,2,9,1,1,C03,7,9,1,10,2,12,,26,26,1,5,8,C03,120.676767,24.155598,2
2022,1,3,7,37,臺中市,西屯區,0,1,0,8,1,5,50,3,1,1,5,4,5,7,4,4,10,5,5,2,16,6,3,10,1,1,B03,7,6,1,8,2,2,,6,6,1,22,8,B03,120.620729,24.174678,2
2022,1,3,7,39,臺中市,烏日區,0,0,0,8,,,40,,,,,,,,,,,,,,,6,,,,,B03,,,1,,2,,,6,6,1,22,,B03,120.607209,24.122647,3
2022,1,3,7,42,臺中市,烏日區,0,1,0,8,1,5,30,11,9,1,5,4,5,7,4,4,10,5,5,2,11,23,2,9,1,1,C03,7,9,1,10,2,11,14,23,23,1,22,8,C03,120.643908,24.112558,2
2022,1,3,7,43,臺中市,南屯區,0,1,0,8,1,5,50,4,1,1,5,4,5,7,1,1,10,5,5,2,16,42,3,10,1,1,B03,7,6,1,8,2,5,,42,42,1,9,8,B03,120.646308,24.137705,2
2022,1,3,7,43,臺中市,大里區,0,1,0,8,1,5,40,4,2,1,5,4,5,7,1,1,9,5,4,2,16,23,3,10,3,4,B03,7,6,1,8,2,5,,23,23,1,3,8,B03,120.715726,24.099169,2
2022,1,3,7,44,臺中市,大雅區,0,1,0,8,1,5,30,3,2,1,5,4,5,7,4,4,10,5,5,1,16,6,2,9,1,1,C03,7,5,1,10,2,11,,6,6,1,22,9,C03,120.669418,24.241929,2
2022,1,3,7,50,臺中市,潭子區,0,2,0,8,1,5,30,11,9,1,5,4,5,7,4,4,10,5,5,1,12,23,3,10,1,1,B03,7,9,1,8,2,6,,23,23,1,22,8,B03,120.713366,24.19525,2
2022,1,3,7,50,臺中市,潭子區,0,1,0,8,1,5,40,3,1,1,5,4,5,7,4,4,10,5,5,2,17,6,3,10,1,1,B03,7,6,1,8,2,6,,6,6,1,22,8,B03,120.720235,24.204069,2
2022,1,3,7,51,臺中市,北區,0,1,0,8,1,5,50,5,1,1,5,4,5,7,1,1,10,5,5,2,16,6,3,10,1,1,B03,7,5,1,8,2,2,,6,6,1,22,9,B03,120.686625,24.154909,2
2022,1,3,7,51,臺中市,后里區,0,2,0,8,1,5,50,14,8,1,5,4,5,7,4,4,9,4,4,1,3,52,2,7,4,5,H01,8,16,8,20,10,16,,52,52,1,22,9,H01,120.712101,24.310556,2
2022,1,3,7,54,臺中市,外埔區,0,1,0,8,2,5,50,3,1,1,5,4,5,7,4,4,10,5,4,1,16,11,3,10,1,1,C03,7,11,1,10,2,12,,11,11,1,22,8,C03,120.636355,24.34328,2
2022,1,3,7,55,臺中市,西屯區,0,0,0,8,,,50,,,,,,,,,,,,,,,16,,,,,C03,,,1,,1,,,16,16,1,21,,C03,120.656959,24.197794,3
2022,1,3,8,3,臺中市,西屯區,0,1,0,8,1,5,50,4,7,1,5,4,5,7,1,1,5,5,4,2,17,42,2,7,3,4,C03,7,9,1,10,2,12,,42,42,1,22,8,C03,120.659363,24.165738,2
2022,1,3,8,5,臺中市,北屯區,0,1,0,8,1,5,50,14,9,1,5,4,5,7,4,4,9,4,4,2,17,10,3,10,1,1,B12,7,11,1,8,2,6,,10,10,1,21,8,B12,120.73335,24.163413,2
2022,1,3,8,15,臺中市,豐原區,0,0,0,8,,,50,,,,,,,,,,,,,,,16,,,,,B03,,,1,,2,,,16,16,1,21,,B03,120.722398,24.277693,4
2022,1,3,8,16,臺中市,潭子區,0,0,0,8,,,80,,,,,,,,,,,,,,,7,,,,,A12,,,1,,2,,,7,7,1,22,,A12,120.702407,24.201258,3
2022,1,3,8,17,臺中市,南區,0,0,0,8,,,50,,,,,,,,,,,,,,,6,,,,,C03,,,1,,2,,,6,6,1,22,,C03,120.66354,24.116885,3
2022,1,3,8,18,臺中市,神岡區,0,1,0,8,1,5,50,4,2,1,5,4,5,7,1,1,5,5,5,1,16,6,3,10,3,4,B03,7,6,1,8,2,2,,6,6,1,22,9,B03,120.654479,24.280254,2
2022,1,3,8,19,臺中市,北屯區,0,0,0,8,1,5,50,14,9,1,5,4,5,7,4,4,1,4,5,2,13,16,3,10,1,1,C03,7,9,1,10,2,11,,16,16,1,21,8,C03,120.670965,24.17492,3
2022,1,3,8,19,臺中市,西屯區,0,0,0,8,,,30,,,,,,,,,,,,,,,23,,,,,C03,,,1,,2,,,23,23,1,22,,C03,120.626436,24.20193,3
2022,1,3,8,23,臺中市,中區,0,0,0,8,,,50,,,,,,,,,,,,,,,6,,,,,B03,,,1,,1,,,6,6,1,19,,B03,120.681345,24.142198,3
2022,1,3,8,24,臺中市,西屯區,0,0,0,8,,,30,,,,,,,,,,,,,,,12,,,,,B03,,,1,,2,,,12,12,1,22,,B03,120.658671,24.163928,3
2022,1,3,8,24,臺中市,西屯區,0,2,0,8,1,5,50,4,1,1,5,4,5,7,1,1,10,5,5,2,15,25,2,9,1,4,C03,7,9,1,10,2,11,,25,25,1,22,8,C03,120.637118,24.165696,2
2022,1,3,8,26,臺中市,太平區,0,2,0,8,1,5,30,4,1,1,5,4,5,7,4,4,10,5,5,2,15,6,2,9,1,1,C03,7,9,1,10,2,11,,6,6,1,21,8,C03,120.722151,24.130542,2
2022,1,3,8,26,臺中市,梧棲區,0,0,0,8,,,50,,,,,,,,,,,,,,,7,,,,,B03,,,1,,2,,,7,7,1,9,,B03,120.527648,24.22257,3
2022,1,3,8,28,臺中市,北區,0,1,0,8,1,5,50,4,1,1,5,4,5,7,4,4,10,5,5,2,2,23,3,10,1,1,B03,7,9,1,8,2,5,,23,23,1,5,8,B03,120.670086,24.167948,2
2022,1,3,8,35,臺中市,梧棲區,0,0,0,8,,,60,,,,,,,,,,,,,,,8,,,,,A31,,,1,,2,,,8,8,1,10,,A31,120.529649,24.23428,3
2022,1,3,8,36,臺中市,南屯區,0,0,0,8,,,60,,,,,,,,,,,,,,,23,,,,,B03,,,1,8,2,,,23,23,1,12,,B03,120.598422,24.155204,3
2022,1,3,8,38,臺中市,南屯區,0,0,0,,,,40,,,,,,,,,,,,,,,38,,,,,B03,,,1,,10,,,38,38,1,22,,B03,120.612966,24.139062,3
2022,1,3,8,39,臺中市,沙鹿區,0,1,0,8,1,5,50,4,1,1,5,4,5,7,1,1,10,5,5,2,13,23,2,9,1,1,C03,7,9,1,10,2,11,,23,23,1,18,9,C03,120.559674,24.23718,2
2022,1,3,8,40,臺中市,北屯區,0,1,0,8,1,5,30,3,1,1,5,4,5,7,4,4,10,5,5,2,11,6,3,10,1,1,B03,7,5,1,8,2,1,,6,6,1,21,8,B03,120.684886,24.195345,2
2022,1,3,8,41,臺中市,東勢區,0,1,0,8,1,5,50,14,9,1,5,4,5,7,4,4,5,5,5,1,17,42,2,9,1,1,B03,7,9,1,8,2,5,,42,42,1,9,8,B03,120.835847,24.245134,2
2022,1,3,8,44,臺中市,大雅區,0,1,0,8,1,5,50,3,1,1,5,4,5,7,1,1,5,5,4,1,17,44,3,10,1,1,B12,7,11,1,8,2,4,,44,44,1,22,9,B12,120.644098,24.208113,2
2022,1,3,8,44,臺中市,北屯區,0,0,0,8,,,50,,,,,,,,,,,,,,,23,,,,,B03,,,1,,1,,,23,23,1,5,,B03,120.671,24.1894,3
2022,1,3,8,47,臺中市,南屯區,0,0,0,8,,,50,,,,,,,,,,,,,,,16,,,,,C03,,,1,,1,,,16,16,1,5,,C03,120.616364,24.145941,3
2022,1,3,8,52,臺中市,北屯區,0,1,0,8,1,5,50,3,9,1,5,4,5,7,4,4,10,4,5,1,16,26,3,10,1,1,B03,7,6,1,8,2,2,,26,26,1,21,8,B03,120.743758,24.183158,2
2022,1,3,8,56,臺中市,西屯區,0,0,0,8,,,50,,,,,,,,,,,,,,,19,,,,,B01,,,1,,1,,,19,19,1,22,,B01,120.616616,24.182957,3
2022,1,3,8,57,臺中市,烏日區,0,1,0,8,1,5,30,4,1,1,5,4,5,7,3,1,10,5,5,1,15,6,3,10,1,4,B03,7,9,1,8,2,1,,6,6,1,22,8,B03,120.640341,24.098521,2
2022,1,3,9,0,臺中市,烏日區,0,2,0,8,1,5,30,4,1,1,5,4,5,7,4,4,10,5,5,2,15,6,2,9,1,4,C03,7,9,1,10,2,14,,6,6,1,22,8,C03,120.678116,24.10837,2
2022,1,3,9,1,臺中市,西區,0,0,0,,,,50,,,,,,,,,,,,,,,42,,,,,C03,,,1,,9,,,42,42,1,5,,C03,120.677255,24.134789,3
2022,1,3,9,4,臺中市,西屯區,0,1,0,8,1,5,50,4,1,1,5,4,5,7,2,1,5,4,5,2,16,25,3,10,3,4,B03,7,6,1,8,2,2,,25,25,1,22,8,B03,120.6455,24.176093,2
2022,1,3,9,5,臺中市,西屯區,0,1,0,8,1,5,30,4,1,1,5,4,5,7,4,4,10,5,5,2,18,42,2,8,3,4,C03,7,9,1,10,2,14,,42,42,1,22,8,C03,120.644507,24.178568,2
2022,1,3,9,6,臺中市,北屯區,0,0,0,8,,,50,,,,,,,,,,,,,,,16,,,,,B03,,,1,,1,,,16,16,1,21,,B03,120.685684,24.171943,3
2022,1,3,9,6,臺中市,豐原區,0,0,0,8,,,50,,,,,,,,,,,,,,,7,,,,,B12,,,1,,2,,,7,7,1,22,,B12,120.700007,24.236753,3
2022,1,3,9,10,臺中市,大雅區,0,0,0,8,,,50,,,,,,,,,,,,,,,17,,,,,A12,,,1,,2,,,17,17,1,22,,A12,120.638075,24.233412,3
2022,1,3,9,10,臺中市,北屯區,0,0,0,8,,,50,,,,,,,,,,,,,,,12,,,,,B03,,,1,,1,,,12,12,1,21,,B03,120.699681,24.166221,3
2022,1,3,9,11,臺中市,北屯區,0,2,0,8,1,5,50,3,4,1,5,4,5,7,1,1,10,5,5,2,13,23,3,10,1,1,B02,7,9,1,4,2,1,,23,23,1,21,8,B02,120.668439,24.201284,2
2022,1,3,9,14,臺中市,西屯區,0,1,0,8,1,5,40,3,1,1,5,4,5,7,1,1,10,5,5,2,17,23,3,10,1,4,B03,7,9,1,8,2,5,,23,23,1,22,8,B03,120.614027,24.183786,2
2022,1,3,9,19,臺中市,豐原區,0,1,0,8,1,5,50,4,2,1,5,4,5,7,1,1,4,4,4,2,17,6,3,10,1,1,B03,7,5,1,8,2,8,,6,6,1,4,3,B03,120.726922,24.254897,2
2022,1,3,9,20,臺中市,神岡區,0,1,0,8,1,5,50,14,9,1,5,4,5,7,4,4,5,5,5,1,17,42,2,9,1,1,C03,7,9,1,8,2,15,,42,42,1,22,8,C03,120.648,24.283095,2
2022,1,3,9,24,臺中市,西屯區,0,1,0,8,1,5,50,14,7,1,5,4,5,7,4,4,5,4,4,2,16,26,3,10,1,1,B12,7,5,5,8,2,2,,26,26,1,22,8,B12,120.653308,24.175978,2
2022,1,3,9,26,臺中市,潭子區,0,1,0,8,1,5,50,14,9,1,5,4,5,7,4,4,9,4,4,1,12,23,3,10,1,1,B03,7,9,1,8,2,2,,23,23,1,21,8,B03,120.707705,24.226689,2
2022,1,3,9,33,臺中市,西屯區,0,1,0,8,1,5,50,4,1,1,5,4,5,7,1,1,10,5,5,2,16,6,3,10,1,1,B03,7,6,1,8,2,5,,6,6,1,22,8,B03,120.657175,24.194539,2
2022,1,3,9,38,臺中市,沙鹿區,0,0,0,8,,,40,,,,,,,,,,,,,,,23,,,,,B03,,,1,,2,,,23,23,1,21,,B03,120.556709,24.222575,3
2022,1,3,9,40,臺中市,潭子區,0,1,0,8,1,5,50,4,2,1,5,4,5,7,2,1,8,3,5,1,17,1,3,10,1,1,C03,7,4,1,10,2,15,,1,1,1,22,8,C03,120.706024,24.200875,2
2022,1,3,9,50,臺中市,北區,0,1,0,8,1,5,50,14,7,1,5,4,5,7,4,4,1,4,4,2,29,66,,,,,,,,,,,,,66,66,1,,,,120.69879,24.15174,2
2022,1,3,9,56,臺中市,西區,0,0,0,8,,,50,,,,,,,,,,,,,,,19,,,,,B03,,,1,,2,,,19,19,1,19,,B03,120.660552,24.162001,3
2022,1,3,9,56,臺中市,北屯區,0,0,0,8,,,80,,,,,,,,,,,,,,,16,,,,,B03,,,1,,2,,,16,16,1,1,,B03,120.6923,24.2012,3
2022,1,3,9,59,臺中市,大雅區,0,2,0,8,1,5,50,4,1,1,5,4,5,7,1,1,5,5,4,1,16,7,3,10,1,1,B12,7,8,1,8,2,2,,7,7,1,22,9,B12,120.644283,24.209252,2
2022,1,3,9,59,臺中市,西區,0,1,0,8,1,5,50,4,1,1,5,4,5,7,1,1,10,5,5,2,16,6,3,10,1,1,B03,7,5,1,4,2,1,,6,6,1,22,9,B03,120.673858,24.134921,2
2022,1,3,9,59,臺中市,北屯區,0,0,0,8,,,50,,,,,,,,,,,,,,,23,,,,,C03,,,1,,1,,,23,23,1,18,,C03,120.686583,24.201774,3
2022,1,3,10,5,臺中市,西屯區,0,1,0,8,1,5,50,14,8,1,5,4,5,7,4,4,5,5,4,2,1,23,3,10,3,4,B12,7,8,1,8,2,5,,23,23,1,22,8,B12,120.648911,24.170838,2
2022,1,3,10,6,臺中市,西屯區,0,2,0,8,1,5,50,14,9,1,5,4,5,7,4,4,5,5,5,2,9,43,2,9,1,1,C03,7,9,1,10,2,11,,43,43,1,21,8,C03,120.639243,24.179981,2
2022,1,3,10,12,臺中市,北屯區,0,1,0,8,1,5,50,4,1,1,5,4,5,7,2,1,10,5,5,2,16,23,2,9,1,1,C03,7,9,1,10,2,12,,23,23,1,21,8,C03,120.711896,24.182485,2
2022,1,3,10,12,臺中市,西屯區,0,1,0,8,1,5,40,14,8,1,5,4,5,7,4,4,9,4,4,2,12,40,3,10,3,4,B03,7,15,1,8,2,8,,40,40,1,22,8,B03,120.636323,24.16322,2
2022,1,3,10,15,臺中市,豐原區,0,0,0,8,,,50,,,,,,,,,,,,,,,16,,,,,C03,,,1,,2,,,16,16,1,4,,C03,120.712861,24.245438,3
2022,1,3,10,16,臺中市,南屯區,0,1,0,8,1,5,40,5,1,1,5,4,5,7,1,1,10,5,5,2,17,7,3,10,1,1,C03,7,8,1,10,2,13,,7,7,1,5,8,C03,120.612191,24.150283,2
2022,1,3,10,16,臺中市,西屯區,0,2,0,8,1,5,50,5,1,1,5,4,5,7,1,1,10,5,5,2,12,17,2,7,1,4,C03,7,9,1,10,1,12,,17,17,1,22,8,C03,120.638058,24.175491,2
2022,1,3,10,17,臺中市,西區,0,1,0,8,1,5,40,4,1,1,5,3,5,7,2,1,10,5,5,2,13,23,3,10,1,1,C03,7,9,1,10,2,11,,23,23,1,5,5,C03,120.671415,24.1455,2
2022,1,3,10,22,臺中市,西屯區,0,1,0,8,1,5,50,4,1,1,5,4,5,7,1,1,5,5,4,2,13,16,3,10,1,1,B12,7,9,1,8,2,1,,16,16,1,22,8,B12,120.642222,24.197053,2
2022,1,3,10,34,臺中市,西屯區,0,0,0,8,,,70,,,,,,,,,,,,,,,23,,,,,B01,,,1,,1,,,23,23,1,22,,B01,120.614489,24.183572,3