年,月,日,時,分,縣市,區,死,受傷,2-30,天候,光線,道路類別,速限,道路型態,事故位置,路面鋪裝,路面狀態,路面缺陷,障礙物,視距,號誌種類,號誌動作,分向設施,快車道或一般車道間,快慢車道間,路面邊線,事故類型及型態,主要肇因,受傷程度,主要傷處,保護裝備,行動電話,當事者區分,車輛用途,當事者行動狀態,駕駛資格情形,駕駛執照種類,飲酒情形,車輛撞擊部位最初,車輛撞擊部位其他,肇事因素個別,肇事因素主要,肇事逃逸,職業,旅次目的,車種,GPS緯度,GPS經度,事故類別
2022,1,3,17,53,臺中市,大肚區,0,1,0,8,3,5,50,14,9,1,5,4,5,7,4,4,5,4,5,1,16,4,2,7,1,1,C03,7,11,1,10,11,14,,4,4,1,20,7,C03,120.539492,24.151217,2
2022,1,3,17,54,臺中市,北屯區,0,0,0,8,,,50,,,,,,,,,,,,,,,8,,,,,C03,,,1,,1,,,8,8,1,22,,C03,120.68379,24.174968,3
2022,1,3,17,55,臺中市,北屯區,0,1,0,8,3,5,50,3,1,1,5,4,5,7,4,4,10,5,5,2,16,6,3,10,1,1,B03,7,5,1,8,2,1,,6,6,1,22,8,B03,120.723413,24.16483,2
2022,1,3,18,0,臺中市,沙鹿區,0,0,0,8,,,50,,,,,,,,,,,,,,,16,,,,,B03,,,2,,2,,,16,16,1,9,,B03,120.571286,24.19833,3
2022,1,3,18,4,臺中市,豐原區,0,0,0,8,,,60,,,,,,,,,,,,,,,23,,,,,B03,,,1,,2,,,23,23,1,22,,B03,120.737253,24.251061,3
2022,1,3,18,5,臺中市,西屯區,0,2,0,8,3,5,50,3,1,1,5,4,5,7,4,4,10,5,5,2,12,6,2,9,1,1,F01,7,5,8,20,2,16,,6,6,1,22,8,F01,120.65738,24.161639,2
2022,1,3,18,8,臺中市,西區,0,1,0,8,3,5,50,14,9,1,5,4,5,7,4,4,5,5,5,2,16,19,3,10,1,1,B03,7,1,1,8,2,8,,19,19,1,21,8,B03,120.676617,24.136334,2
2022,1,3,18,8,臺中市,北屯區,0,2,0,8,3,5,50,4,1,1,5,4,5,7,4,4,10,5,5,2,17,8,2,9,4,5,F01,7,5,8,20,2,16,,8,8,1,16,2,F01,120.669176,24.182517,2
2022,1,3,18,10,臺中市,大雅區,0,2,0,8,3,5,50,14,9,1,5,4,5,7,4,4,10,5,5,1,17,6,2,3,1,1,C03,7,11,1,10,2,11,,6,6,1,22,9,C03,120.66882,24.21477,2
2022,1,3,18,16,臺中市,東區,0,0,0,8,,,50,,,,,,,,,,,,,,,23,,,,,C03,,,1,,2,,,23,23,1,22,,C03,120.688787,24.134459,3
2022,1,3,18,19,臺中市,南屯區,0,0,0,8,,,50,,,,,,,,,,,,,,,23,,,,,C03,,,1,,1,,,23,23,1,22,,C03,120.636089,24.148546,3
2022,1,3,18,20,臺中市,西屯區,0,0,0,8,,,50,,,,,,,,,,,,,,,7,,,,,C03,,,1,,1,,,7,7,1,22,,C03,120.622383,24.174236,3
2022,1,3,18,30,臺中市,南屯區,0,0,0,8,,,50,,,,,,,,,,,,,,,7,,,,,B02,,,1,,2,,,7,7,1,5,,B02,120.61956,24.15301,3
2022,1,3,18,30,臺中市,大肚區,0,2,0,8,3,5,50,4,1,1,5,4,5,7,1,1,10,5,5,2,16,25,2,9,1,1,C03,7,5,1,10,2,11,,25,25,1,2,1,C03,120.578742,24.120922,2
2022,1,3,18,30,臺中市,沙鹿區,0,2,0,8,3,5,50,3,2,1,5,4,5,7,4,4,10,5,5,2,3,51,2,8,4,5,H01,8,16,8,20,10,16,,51,51,1,20,5,H01,120.5522,24.215276,2
2022,1,3,18,31,臺中市,豐原區,0,2,0,8,3,5,50,4,1,1,5,4,5,7,1,1,10,5,5,2,17,6,2,9,1,1,C03,7,5,1,10,2,11,,6,6,1,22,8,C03,120.703258,24.251619,2
2022,1,3,18,32,臺中市,西屯區,0,0,0,8,,,40,,,,,,,,,,,,,,,12,,,,,B03,,,1,,2,,,12,12,1,22,,B03,120.642308,24.169323,3
2022,1,3,18,35,臺中市,西屯區,0,1,0,8,2,5,50,14,7,1,5,4,5,7,4,4,4,5,4,2,17,40,3,10,1,1,B03,7,14,1,8,2,7,,40,40,1,22,8,B03,120.661386,24.173471,2
2022,1,3,18,38,臺中市,西屯區,0,0,0,8,,,50,,,,,,,,,,,,,,,43,,,,,A41,,,1,,2,,,43,43,1,10,,A41,120.63926,24.188598,3
2022,1,3,18,39,臺中市,西屯區,0,0,0,8,,,50,,,,,,,,,,,,,,,43,,,,,,,,,,,,,43,43,1,,,,120.614198,24.184036,3
2022,1,3,18,40,臺中市,北屯區,0,0,0,8,,,,,,,,,,,,,,,,,,43,,,,,,,,,,,,,43,43,1,,,,120.66249,24.191911,3
2022,1,3,18,40,臺中市,西屯區,0,2,0,8,1,5,30,4,1,1,5,4,5,7,4,4,10,5,5,2,16,6,2,9,1,1,C03,7,9,1,10,2,11,,6,6,1,22,8,C03,120.616301,24.189466,2
2022,1,3,18,44,臺中市,北屯區,0,0,0,8,,,50,,,,,,,,,,,,,,,23,,,,,B03,,,1,,2,,,23,23,1,22,,B03,120.676246,24.199188,3
2022,1,3,18,46,臺中市,西屯區,0,1,0,8,3,5,50,4,1,1,5,4,5,7,4,4,10,5,5,2,16,14,2,9,1,1,C03,7,9,1,10,2,15,,14,14,1,22,8,C03,120.618969,24.185297,2
2022,1,3,18,47,臺中市,西屯區,0,0,0,8,,,40,,,,,,,,,,,,,,,23,,,,,C03,,,1,,1,,,23,23,1,22,,C03,120.634296,24.177196,3
2022,1,3,18,47,臺中市,西屯區,0,1,0,8,3,5,50,4,1,1,5,4,5,7,1,1,1,1,1,2,16,25,2,9,3,4,C02,7,5,1,9,2,12,,25,25,1,22,8,C02,120.633238,24.171851,2
2022,1,3,18,49,臺中市,西屯區,0,0,0,8,,,50,,,,,,,,,,,,,,,7,,,,,C03,,,1,,2,,,7,7,1,22,,C03,120.639203,24.15843,3
2022,1,3,18,52,臺中市,潭子區,0,0,0,8,,,30,,,,,,,,,,,,,,,23,,,,,F02,,,8,,2,,,23,23,1,21,,F02,120.703499,24.210989,3
2022,1,3,18,52,臺中市,東區,0,1,0,8,3,5,50,5,1,1,5,4,5,7,2,1,10,5,5,2,16,26,3,10,1,1,B03,7,9,1,8,2,5,,23,26,1,22,8,B03,120.696196,24.140548,2
2022,1,3,18,54,臺中市,潭子區,0,1,0,8,3,5,50,4,1,1,5,4,5,7,4,4,10,5,5,2,16,6,3,10,1,1,C03,7,5,1,10,2,14,,6,6,1,22,8,C03,120.682051,24.209568,2
2022,1,3,18,56,臺中市,北屯區,0,1,0,8,3,5,30,4,1,1,5,4,5,7,4,4,10,5,5,2,17,6,2,7,1,1,C03,7,9,4,8,2,11,,6,6,1,5,8,C03,120.689379,24.178005,2
2022,1,3,18,58,臺中市,西屯區,0,1,0,8,3,5,30,4,1,1,5,4,5,7,4,4,10,5,5,2,16,6,3,10,1,1,C03,7,9,1,10,2,12,,6,6,1,22,8,C03,120.644156,24.180263,2
2022,1,3,19,1,臺中市,南屯區,0,0,0,8,,,50,,,,,,,,,,,,,,,12,,,,,B03,,,1,,11,,,12,12,2,4,,B03,120.648109,24.135882,3
2022,1,3,19,3,臺中市,西區,0,1,0,8,3,5,50,4,1,1,5,4,5,7,4,4,10,5,5,2,16,16,3,10,1,1,B03,7,6,1,8,2,5,,16,16,1,5,8,B03,120.658837,24.149033,2
2022,1,3,19,3,臺中市,太平區,0,0,0,8,,,50,,,,,,,,,,,,,,,12,,,,,B12,,,1,,2,,,12,12,1,21,,B12,120.712387,24.141577,3
2022,1,3,19,4,臺中市,大里區,0,1,0,8,3,5,60,14,8,1,5,4,5,7,4,4,9,4,5,1,13,16,2,9,3,4,C03,7,9,1,10,2,11,,16,16,1,22,8,C03,120.682477,24.100716,2
2022,1,3,19,5,臺中市,沙鹿區,0,3,0,8,3,5,30,4,1,1,5,4,5,7,4,4,10,5,5,2,15,6,2,9,1,1,C03,7,9,1,10,2,11,,6,6,1,18,7,C03,120.569522,24.230333,2
2022,1,3,19,8,臺中市,沙鹿區,0,0,0,,,,50,,,,,,,,,,,,,,,23,,,,,C03,,,1,,2,,,23,23,1,18,,C03,120.579122,24.223868,3
2022,1,3,19,10,臺中市,北區,0,2,0,8,3,5,40,14,8,1,5,4,5,7,4,4,1,4,4,2,17,19,2,8,1,1,C03,7,1,1,10,2,11,,19,19,1,21,8,C03,120.684871,24.164806,2
2022,1,3,19,14,臺中市,潭子區,0,1,0,8,3,5,60,4,2,1,5,4,5,7,1,1,10,5,5,2,17,26,2,8,1,1,C03,7,8,1,9,2,12,,26,26,1,21,8,C03,120.688133,24.216082,2
2022,1,3,19,14,臺中市,南屯區,0,0,0,8,,,50,,,,,,,,,,,,,,,23,,,,,B03,,,1,,1,,,23,23,1,22,,B03,120.635628,24.151205,3
2022,1,3,19,15,臺中市,龍井區,0,2,0,8,3,5,50,5,1,1,5,4,5,7,1,1,10,5,5,2,16,8,2,9,1,1,C03,7,9,1,9,2,11,,23,8,1,12,8,C03,120.545796,24.190608,2
2022,1,3,19,21,臺中市,北屯區,0,1,0,8,3,5,30,3,1,1,5,4,5,7,4,4,10,5,5,2,17,6,3,10,1,1,C03,7,5,1,10,2,15,,6,6,1,22,8,C03,120.743888,24.176831,2
2022,1,3,19,28,臺中市,梧棲區,0,2,0,8,3,5,40,5,1,1,5,4,5,7,1,1,10,5,5,2,15,23,2,9,1,1,B03,7,9,1,3,2,2,,44,23,1,22,8,B03,120.528366,24.22188,2
2022,1,3,19,30,臺中市,沙鹿區,0,1,0,8,3,5,50,3,1,1,5,4,5,7,4,4,10,5,5,2,16,6,3,10,1,1,B03,7,5,1,8,2,1,,6,6,1,4,5,B03,120.562521,24.241175,2
2022,1,3,19,39,臺中市,太平區,0,0,0,8,,,50,,,,,,,,,,,,,,,7,,,,,C03,,,1,,2,,,7,7,1,21,,C03,120.712814,24.143216,3
2022,1,3,19,43,臺中市,潭子區,0,0,0,8,,,50,,,,,,,,,,,,,,,23,,,,,B03,,,1,,2,,,23,23,1,4,,B03,120.704815,24.215156,3
2022,1,3,19,45,臺中市,豐原區,0,0,0,8,,,50,,,,,,,,,,,,,,,16,,,,,B12,,,1,,2,,,16,16,1,22,,B12,120.736288,24.260903,3
2022,1,3,19,47,臺中市,西屯區,0,0,0,8,,,50,,,,,,,,,,,,,,,42,,,,,B03,,,1,,2,,,42,42,1,22,,B03,120.636246,24.169511,3
2022,1,3,19,50,臺中市,北屯區,0,2,0,8,3,5,50,5,1,1,5,4,5,7,2,1,10,5,5,2,17,25,3,10,3,4,B03,7,5,1,8,2,8,,26,26,1,21,8,B03,120.690405,24.18346,2
2022,1,3,19,51,臺中市,烏日區,0,1,0,8,3,5,40,4,2,1,5,4,5,7,2,1,5,4,5,2,16,7,3,10,1,1,B03,7,8,1,8,2,5,,7,7,1,21,8,B03,120.607213,24.108835,2
2022,1,3,19,58,臺中市,大雅區,0,0,0,8,,,50,,,,,,,,,,,,,,,23,,,,,B03,,,1,,2,,,23,23,1,22,,B03,120.65061,24.227331,3
2022,1,3,20,2,臺中市,太平區,0,1,0,8,3,5,50,3,2,1,5,4,5,7,1,1,5,5,4,2,16,6,3,10,1,1,B03,7,8,1,8,2,2,,6,6,1,20,5,B03,120.712537,24.149855,2
2022,1,3,20,8,臺中市,北屯區,0,1,0,8,3,5,50,14,9,1,5,4,5,7,4,4,1,4,5,2,13,16,2,9,1,1,C03,7,9,3,18,2,12,11,16,16,1,18,8,C03,120.693087,24.163482,2
2022,1,3,20,24,臺中市,沙鹿區,0,1,0,8,3,5,50,14,9,1,5,4,5,7,4,4,5,5,5,2,17,23,2,9,1,1,C03,7,9,1,10,2,11,,23,23,1,9,7,C03,120.559018,24.238157,2
2022,1,3,20,26,臺中市,西屯區,0,1,0,7,3,5,0,3,2,1,5,4,5,7,4,4,10,5,5,2,9,60,2,7,4,5,H01,8,16,8,20,10,16,,60,60,1,22,8,H01,120.64041,24.172048,2
2022,1,3,20,40,臺中市,南屯區,0,0,0,,,,30,,,,,,,,,,,,,,,19,,,,,B03,,,1,,2,,,19,19,1,22,,B03,120.648364,24.144072,3
2022,1,3,20,44,臺中市,北區,0,0,0,8,,,50,,,,,,,,,,,,,,,23,,,,,C03,,,1,,2,,,23,23,1,21,,C03,120.675922,24.170144,3
2022,1,3,20,56,臺中市,北屯區,0,0,0,8,,,50,,,,,,,,,,,,,,,25,,,,,C03,,,1,,1,,,25,25,1,22,,C03,120.676306,24.193216,3
2022,1,3,21,1,臺中市,西屯區,0,0,0,8,,,30,,,,,,,,,,,,,,,23,,,,,B03,,,3,,2,,,23,23,1,22,,B03,120.651473,24.162275,3
2022,1,3,21,4,臺中市,龍井區,0,1,0,8,3,5,40,14,8,1,5,4,5,7,4,4,10,5,5,2,16,23,2,9,3,4,C03,7,9,1,10,2,11,,23,23,1,22,9,C03,120.590205,24.183966,2
2022,1,3,21,15,臺中市,西區,0,1,0,8,3,5,50,14,7,1,5,4,5,7,4,4,5,4,4,2,16,10,3,10,1,1,B03,7,11,1,1,2,4,,10,10,1,5,8,B03,120.664463,24.157007,2
2022,1,3,21,18,臺中市,西屯區,0,0,0,8,,,50,,,,,,,,,,,,,,,16,,,,,B03,,,1,,1,,,16,16,1,22,,B03,120.644326,24.174871,3
2022,1,3,21,38,臺中市,北屯區,0,1,0,8,3,5,50,4,1,1,5,4,5,7,1,1,10,5,5,2,16,6,3,10,1,1,B03,7,5,1,8,2,2,,6,6,1,22,8,B03,120.724531,24.17214,2
2022,1,3,21,43,臺中市,北屯區,0,0,0,8,,,40,,,,,,,,,,,,,,,23,,,,,B03,,,1,,9,,,23,23,1,22,,B03,120.709826,24.170093,3
2022,1,3,21,45,臺中市,西屯區,0,0,0,8,,,50,,,,,,,,,,,,,,,42,,,,,A11,,,1,,2,,,42,42,1,22,,A11,120.655773,24.199773,3
2022,1,3,22,20,臺中市,沙鹿區,0,1,0,7,3,5,50,4,1,1,5,4,5,7,1,1,10,5,5,2,13,23,3,10,1,1,B03,7,9,1,8,2,1,,23,23,1,22,9,B03,120.566478,24.251352,2
2022,1,3,22,27,臺中市,西屯區,0,2,0,7,3,5,50,3,1,1,5,4,5,7,4,4,10,5,5,2,16,6,2,3,1,1,B12,7,6,1,8,2,2,,6,6,1,22,8,B12,120.640295,24.172298,2
2022,1,3,22,42,臺中市,北區,0,1,0,8,3,5,50,3,2,1,5,4,5,7,1,1,5,4,5,2,16,7,3,10,1,1,C03,7,7,5,18,2,13,,7,7,1,22,7,C03,120.668305,24.166829,2
2022,1,3,22,50,臺中市,西屯區,0,0,0,8,,,50,,,,,,,,,,,,,,,43,,,,,,,,,,,,,43,43,1,,,,120.644678,24.173572,3
2022,1,3,23,2,臺中市,北屯區,0,0,0,8,,,30,,,,,,,,,,,,,,,16,,,,,B03,,,1,,1,,,16,16,1,5,,B03,120.665253,24.200665,3
2022,1,3,23,8,臺中市,潭子區,0,2,0,8,1,5,50,4,2,1,5,4,5,7,1,1,10,5,5,2,17,42,2,9,1,1,C03,7,9,2,18,2,14,,42,42,1,22,8,C03,120.705022,24.207144,2
2022,1,3,23,22,臺中市,西屯區,0,2,0,8,3,5,50,4,1,1,5,4,5,7,2,1,10,5,5,2,16,6,2,8,1,1,C03,7,5,1,10,2,12,,6,6,1,21,8,C03,120.645545,24.172416,2
2022,1,3,23,28,臺中市,沙鹿區,0,1,0,8,3,5,30,4,1,1,5,4,5,7,3,1,10,5,5,2,16,6,2,8,1,1,C03,7,5,1,10,2,11,,6,6,1,18,1,C03,120.57671,24.224373,2
2022,1,3,23,30,臺中市,西屯區,0,1,0,8,1,5,40,4,1,1,5,4,5,7,1,1,5,4,4,2,16,6,3,10,1,1,B03,7,6,1,8,2,8,,6,6,1,22,8,B03,120.645101,24.178829,2
2022,1,3,23,40,臺中市,豐原區,0,1,0,8,3,5,50,4,1,1,5,4,5,7,1,1,10,5,5,2,17,25,3,10,3,4,B03,7,5,1,8,2,1,,25,25,1,22,9,B03,120.722258,24.278333,2
2022,1,4,2,13,臺中市,大雅區,0,2,0,8,1,5,50,3,1,1,5,4,5,7,3,1,5,5,5,1,16,8,2,9,1,1,C03,7,5,1,10,2,11,,8,8,1,22,8,C03,120.64785,24.215964,2
2022,1,4,2,28,臺中市,西屯區,0,2,0,8,3,5,50,14,9,1,5,4,5,7,4,4,5,4,5,2,16,3,2,9,1,1,C03,7,7,2,18,2,14,,3,3,1,16,8,C03,120.627607,24.201076,2
2022,1,4,2,49,臺中市,北區,0,1,0,8,3,5,40,4,1,1,5,4,5,7,1,1,5,5,4,2,16,25,2,9,1,1,C03,7,9,1,10,2,11,,25,25,1,5,8,C03,120.677536,24.150592,2
2022,1,4,3,17,臺中市,西屯區,0,0,0,8,,,30,,,,,,,,,,,,,,,12,,,,,A12,,,1,,11,,,12,12,1,22,,A12,120.611397,24.187511,3
2022,1,4,4,45,臺中市,西屯區,0,0,0,8,2,5,50,4,2,1,5,4,5,7,2,1,5,4,4,2,17,23,,,,,B01,,,1,,2,,,23,23,1,10,,B01,120.652178,24.175958,3
2022,1,4,6,36,臺中市,大甲區,0,1,0,8,1,5,70,14,9,1,5,4,5,7,4,4,1,4,4,1,25,43,2,1,1,4,B03,7,9,1,8,2,5,,43,43,1,21,1,B03,120.611116,24.329673,2
2022,1,4,6,47,臺中市,大雅區,0,1,0,8,1,5,50,14,8,1,5,4,5,7,4,4,1,4,4,1,13,23,2,8,1,1,C03,7,9,1,10,2,11,,23,23,1,22,9,C03,120.655363,24.220784,2
2022,1,4,6,58,臺中市,北屯區,0,3,0,8,2,5,50,4,1,1,5,4,5,7,1,1,5,5,4,2,16,6,2,9,1,1,C03,7,5,1,10,2,11,,6,6,1,22,8,C03,120.690393,24.175458,2
2022,1,4,6,59,臺中市,南屯區,0,0,0,8,,,40,,,,,,,,,,,,,,,23,,,,,B03,,,1,,11,,,23,23,1,22,,B03,120.622963,24.14803,3
2022,1,4,7,4,臺中市,西屯區,0,2,0,8,1,5,50,4,1,1,5,4,5,7,1,1,5,4,4,1,17,42,2,9,1,1,C03,7,21,3,18,2,15,,42,42,1,20,9,C03,120.657199,24.194548,2
2022,1,4,7,6,臺中市,新社區,0,1,0,8,1,5,50,4,1,1,5,4,5,7,4,4,10,5,5,2,2,23,3,10,1,1,B03,7,6,1,8,2,5,,23,23,1,21,8,B03,120.808974,24.248914,2
2022,1,4,7,10,臺中市,梧棲區,0,1,0,8,1,5,50,3,2,1,5,4,5,7,3,1,8,3,4,1,16,42,3,10,1,1,G02,7,11,1,16,3,4,,42,42,1,21,8,G02,120.552228,24.237714,2
2022,1,4,7,15,臺中市,潭子區,0,0,0,8,,,50,,,,,,,,,,,,,,,4,,,,,C03,,,1,,2,,,4,4,1,22,,C03,120.718859,24.20441,3
2022,1,4,7,15,臺中市,石岡區,0,0,0,8,,,50,,,,,,,,,,,,,,,12,,,,,B12,,,1,,2,,,12,12,1,21,,B12,120.777276,24.275949,3
2022,1,4,7,16,臺中市,新社區,0,1,0,8,1,5,50,16,8,1,5,4,5,7,4,4,10,5,5,1,17,6,3,10,1,1,C03,7,15,1,10,2,14,,6,6,1,21,8,C03,120.794364,24.205773,2
2022,1,4,7,17,臺中市,大雅區,0,1,0,8,1,5,30,14,9,1,5,4,5,7,4,4,10,5,5,1,11,22,2,9,1,1,C03,7,9,1,1,2,11,,22,22,1,22,9,C03,120.631416,24.219924,2
2022,1,4,7,24,臺中市,潭子區,0,1,0,8,1,5,50,4,1,1,5,4,5,7,1,1,5,5,5,1,16,25,3,10,1,1,C03,7,5,1,10,2,11,,25,25,1,22,8,C03,120.68747,24.225703,2
2022,1,4,7,26,臺中市,西屯區,0,1,0,8,1,5,50,4,1,1,5,4,5,7,4,4,10,5,5,2,17,6,3,10,1,4,B03,7,5,1,8,2,8,,6,6,1,22,8,B03,120.623837,24.177442,2
2022,1,4,7,29,臺中市,沙鹿區,0,1,0,8,1,5,50,3,7,1,5,4,5,7,1,1,1,3,4,2,17,25,3,10,1,1,B03,7,9,1,8,2,7,,25,25,1,9,9,B03,120.556135,24.220955,2
2022,1,4,7,30,臺中市,大雅區,0,1,0,8,1,5,50,14,9,1,5,4,5,7,4,4,4,2,5,1,16,26,3,10,1,1,B03,7,11,1,8,2,5,8,26,26,1,22,9,B03,120.65398,24.230138,2
2022,1,4,7,31,臺中市,北區,0,0,0,8,,,50,,,,,,,,,,,,,,,16,,,,,B03,,,1,,1,,,16,16,1,20,,B03,120.684292,24.165842,3
2022,1,4,7,31,臺中市,梧棲區,0,0,0,8,,,50,,,,,,,,,,,,,,,23,,,,,B03,,,1,,2,,,23,23,1,21,,B03,120.550573,24.241437,3
2022,1,4,7,33,臺中市,烏日區,0,0,0,8,,,40,,,,,,,,,,,,,,,7,,,,,C03,,,1,,2,,,7,7,1,22,,C03,120.600233,24.110689,3
2022,1,4,7,38,臺中市,北區,0,0,0,8,,,50,,,,,,,,,,,,,,,23,,,,,B03,,,1,,2,,,23,23,1,22,,B03,120.685218,24.163351,3
2022,1,4,7,39,臺中市,西屯區,0,0,0,8,,,50,,,,,,,,,,,,,,,43,,,,,B03,,,1,,2,,,43,43,1,4,,B03,120.616325,24.190895,3
2022,1,4,7,39,臺中市,神岡區,0,0,0,8,,,40,,,,,,,,,,,,,,,16,,,,,B03,,,1,,2,,,16,16,1,22,,B03,120.669161,24.272688,3
2022,1,4,7,40,臺中市,沙鹿區,0,1,0,8,1,5,30,3,1,1,5,4,5,7,4,4,10,5,5,2,16,6,3,10,1,1,C02,7,6,1,9,2,13,,6,6,1,3,5,C02,120.61794,24.243192,2
2022,1,4,7,40,臺中市,豐原區,0,2,0,8,1,5,50,14,9,1,5,4,5,7,4,4,5,4,4,2,17,42,2,9,3,4,F03,7,9,8,20,2,15,,42,42,1,22,8,F03,120.728665,24.244102,2
2022,1,4,7,42,臺中市,西屯區,0,0,0,8,,,50,,,,,,,,,,,,,,,7,,,,,B03,,,1,,2,,,7,7,1,22,,B03,120.661641,24.171283,3
2022,1,4,7,44,臺中市,大雅區,0,2,0,8,1,5,30,14,9,1,5,4,5,7,4,4,10,5,5,2,13,23,2,9,1,1,C03,7,9,1,10,2,11,,23,23,1,22,9,C03,120.643517,24.207411,2
2022,1,4,7,46,臺中市,北區,0,2,0,8,1,5,50,3,2,1,5,4,5,7,4,4,1,4,4,2,13,16,2,9,1,1,C03,7,9,1,10,2,11,,16,16,1,20,8,C03,120.694217,24.152664,2
2022,1,4,7,46,臺中市,神岡區,0,3,0,8,1,5,50,5,1,1,5,4,5,7,1,1,9,4,5,2,17,4,2,8,1,1,F03,7,9,8,20,2,16,,4,4,1,21,1,F03,120.705318,24.275356,2
2022,1,4,7,47,臺中市,北屯區,0,0,0,8,1,5,50,3,1,1,5,4,5,7,4,4,10,5,5,2,12,1,3,10,1,1,B02,7,5,1,8,2,8,,27,1,1,21,8,B02,120.724746,24.179294,3
2022,1,4,7,47,臺中市,外埔區,0,1,0,8,1,5,70,4,1,1,5,4,5,7,1,1,10,5,5,2,16,25,2,8,1,1,C03,7,9,1,10,2,12,,25,25,1,19,8,C03,120.64892,24.324438,2
2022,1,4,7,50,臺中市,西屯區,0,1,0,8,1,5,50,3,1,1,5,4,5,7,1,1,10,5,5,2,16,23,2,9,1,1,C03,7,5,1,10,1,14,,23,23,1,22,8,C03,120.652914,24.204163,2
2022,1,4,7,50,臺中市,神岡區,0,1,0,8,1,5,40,14,9,1,5,4,5,7,4,4,9,5,5,1,13,16,2,1,1,4,F03,7,9,8,20,2,16,,16,16,1,21,1,F03,120.669188,24.27274,2
2022,1,4,7,53,臺中市,東區,0,0,0,8,,,50,,,,,,,,,,,,,,,23,,,,,C03,,,1,,2,,,23,23,1,22,,C03,120.704155,24.136722,3
2022,1,4,7,53,臺中市,西屯區,0,1,0,8,1,5,40,14,8,1,5,4,5,7,4,4,1,5,1,1,16,6,3,10,1,4,B03,7,6,1,8,1,2,,6,6,1,4,8,B03,120.638083,24.159843,2
2022,1,4,7,54,臺中市,北屯區,0,2,0,8,2,5,30,4,1,1,5,4,5,7,4,4,10,5,5,2,15,6,2,9,1,1,C03,7,9,1,10,2,12,,6,6,1,5,8,C03,120.6818,24.1743,2
2022,1,4,7,55,臺中市,神岡區,0,0,0,8,,,30,,,,,,,,,,,,,,,12,,,,,B03,,,1,,2,,,12,12,1,21,,B03,120.679107,24.245541,3
2022,1,4,8,0,臺中市,大里區,0,1,0,8,1,5,30,3,1,1,5,4,5,7,4,4,10,5,5,2,16,5,3,10,1,1,C03,7,5,1,10,2,11,,5,5,1,3,9,C03,120.704456,24.097632,2
2022,1,4,8,3,臺中市,西屯區,0,1,0,8,1,5,30,3,1,1,5,4,5,7,4,4,10,5,5,2,16,8,3,10,3,4,B03,7,5,1,8,2,5,,8,8,1,22,8,B03,120.665863,24.175993,2
2022,1,4,8,3,臺中市,西屯區,0,0,0,8,,,40,,,,,,,,,,,,,,,23,,,,,B12,,,1,,1,,,23,23,1,22,,B12,120.63223,24.17038,3
2022,1,4,8,5,臺中市,西屯區,0,1,0,8,1,5,50,3,9,1,5,4,5,7,4,4,5,5,5,2,17,42,2,9,1,1,C03,7,9,1,10,2,14,,42,42,1,1,9,C03,120.651538,24.167218,2
2022,1,4,8,6,臺中市,大雅區,0,1,0,8,1,5,60,5,1,1,5,4,5,7,1,1,3,4,4,1,12,19,3,10,1,1,B03,7,1,1,8,2,4,,19,19,1,22,9,B03,120.665223,24.234468,2
2022,1,4,8,7,臺中市,西屯區,0,2,0,8,1,5,30,4,1,1,5,4,5,7,1,1,10,5,5,2,15,4,2,9,1,4,C03,7,9,3,18,2,14,,4,4,1,22,8,C03,120.649826,24.172348,2
2022,1,4,8,8,臺中市,北區,0,1,0,8,1,5,50,4,1,1,5,4,5,7,1,1,10,5,5,2,17,23,3,10,1,1,C03,7,9,1,10,2,12,,23,23,1,22,9,C03,120.682355,24.160371,2
2022,1,4,8,9,臺中市,西區,0,1,0,8,1,8,50,4,1,1,5,4,5,7,4,4,10,5,5,2,18,42,2,9,1,1,C03,7,9,1,10,2,15,,42,42,1,21,8,C03,120.660372,24.148406,2
2022,1,4,8,9,臺中市,北屯區,0,1,0,8,1,5,50,14,7,1,5,4,5,7,4,4,4,3,4,2,13,16,2,9,1,1,C03,7,15,1,10,2,11,,16,16,1,21,8,C03,120.666041,24.191635,2
2022,1,4,8,14,臺中市,西屯區,0,1,0,8,1,5,50,14,9,1,5,4,5,7,4,4,5,4,5,2,17,23,2,9,1,1,C03,7,9,1,10,2,11,,23,23,1,22,8,C03,120.642253,24.190435,2
2022,1,4,8,15,臺中市,西屯區,0,2,0,8,1,5,50,3,1,1,5,4,5,7,1,1,5,4,4,2,13,26,2,7,1,1,C03,7,9,1,10,2,15,,26,26,1,22,8,C03,120.632811,24.170025,2
2022,1,4,8,20,臺中市,北區,0,1,0,8,1,5,50,4,1,1,5,4,5,7,1,1,5,5,4,2,16,43,3,10,1,1,B03,7,5,1,8,2,5,,43,43,1,5,8,B03,120.681549,24.155752,2
2022,1,4,8,20,臺中市,北屯區,0,1,0,8,1,5,50,4,1,1,5,4,5,7,1,1,10,5,5,2,29,43,2,9,1,1,C03,7,9,1,10,2,12,,43,43,1,21,8,C03,120.707906,24.182176,2
2022,1,4,8,22,臺中市,西屯區,0,1,0,8,1,5,40,3,1,1,5,4,5,7,4,4,10,5,5,1,16,19,2,9,1,1,C03,7,1,1,10,1,14,,19,19,1,4,8,C03,120.660868,24.198753,2
2022,1,4,8,22,臺中市,豐原區,0,0,0,8,,,50,,,,,,,,,,,,,,,23,,,,,B12,,,1,,2,,,23,23,1,5,,B12,120.75469,24.274145,3