年,月,日,時,分,縣市,區,死,受傷,2-30,天候,光線,道路類別,速限,道路型態,事故位置,路面鋪裝,路面狀態,路面缺陷,障礙物,視距,號誌種類,號誌動作,分向設施,快車道或一般車道間,快慢車道間,路面邊線,事故類型及型態,主要肇因,受傷程度,主要傷處,保護裝備,行動電話,當事者區分,車輛用途,當事者行動狀態,駕駛資格情形,駕駛執照種類,飲酒情形,車輛撞擊部位最初,車輛撞擊部位其他,肇事因素個別,肇事因素主要,肇事逃逸,職業,旅次目的,車種,GPS緯度,GPS經度,事故類別
2022,1,4,8,24,臺中市,北屯區,0,1,0,8,1,5,50,3,1,1,5,4,5,7,4,4,10,5,5,2,18,23,2,9,3,4,C03,7,9,1,10,2,14,,23,23,1,21,8,C03,120.728893,24.156551,2
2022,1,4,8,25,臺中市,西區,0,2,0,8,1,5,50,5,1,1,5,4,5,7,1,1,10,5,5,2,16,6,2,8,1,1,C03,7,5,1,10,2,12,,6,6,1,22,8,C03,120.672016,24.140635,2
2022,1,4,8,25,臺中市,北屯區,0,0,0,8,,,50,,,,,,,,,,,,,,,16,,,,,B03,,,1,,1,,,16,16,1,4,,B03,120.7304,24.1769,3
2022,1,4,8,28,臺中市,外埔區,0,1,0,8,1,5,50,11,9,1,5,4,5,7,4,4,9,4,5,1,12,17,3,10,1,1,B03,7,9,1,8,2,2,,17,17,1,22,8,B03,120.632335,24.333094,2
2022,1,4,8,35,臺中市,后里區,0,2,0,8,1,5,60,15,8,1,5,4,5,7,4,4,1,4,4,1,12,16,2,9,1,4,C03,7,9,1,10,2,11,,16,16,1,5,8,C03,120.723593,24.291346,2
2022,1,4,8,44,臺中市,后里區,0,1,0,8,1,5,50,14,9,1,5,4,5,7,4,4,9,4,4,1,13,23,2,9,1,1,C03,7,9,1,10,2,11,,23,23,1,22,7,C03,120.71392,24.306247,2
2022,1,4,8,44,臺中市,和平區,0,0,0,8,,,50,,,,,,,,,,,,,,,12,,,,,B12,,,1,,1,,,12,12,1,7,,B12,120.883298,24.174712,3
2022,1,4,8,46,臺中市,大雅區,0,0,0,8,,,50,,,,,,,,,,,,,,,23,,,,,B03,,,1,,2,,,23,23,1,22,,B03,120.648418,24.226284,3
2022,1,4,8,49,臺中市,大甲區,0,0,0,8,,,50,,,,,,,,,,,,,,,9,,,,,B12,,,1,,2,,,9,9,1,4,,B12,120.61895,24.354285,3
2022,1,4,8,52,臺中市,北區,0,1,0,8,1,5,40,14,8,1,5,4,5,7,4,4,1,4,4,2,13,16,3,10,1,1,C03,7,12,1,10,2,11,,16,16,1,22,9,C03,120.671338,24.172985,2
2022,1,4,8,53,臺中市,西屯區,0,2,0,8,1,5,30,3,2,1,5,4,5,7,4,4,10,5,5,2,3,15,2,9,1,4,C04,7,9,1,8,2,11,,15,15,1,22,8,C04,120.640358,24.172371,2
2022,1,4,8,56,臺中市,西屯區,0,0,0,8,,,30,,,,,,,,,,,,,,,12,,,,,B02,,,1,,1,,,12,12,1,22,,B02,120.640923,24.177266,3
2022,1,4,8,57,臺中市,西屯區,0,0,0,8,,,50,,,,,,,,,,,,,,,16,,,,,B12,,,1,,1,,,16,16,1,22,,B12,120.658038,24.200812,3
2022,1,4,8,57,臺中市,烏日區,0,0,0,8,,,50,,,,,,,,,,,,,,,23,,,,,B02,,,6,,2,,,23,23,1,22,,B02,120.588158,24.112116,3
2022,1,4,8,59,臺中市,西區,0,1,0,8,1,5,40,5,1,1,5,4,5,7,2,1,10,5,5,2,17,42,3,10,1,1,B03,7,9,1,2,2,2,,42,42,1,22,9,B03,120.663775,24.154648,2
2022,1,4,9,0,臺中市,潭子區,0,1,0,8,1,5,50,4,2,1,5,4,5,7,4,4,1,3,4,1,17,6,3,10,1,1,B12,7,5,1,8,2,6,,6,6,1,22,8,B12,120.703345,24.19962,2
2022,1,4,9,2,臺中市,南屯區,0,0,0,8,,,50,,,,,,,,,,,,,,,19,,,,,B03,,,1,,11,,,19,19,1,22,,B03,120.641647,24.144119,3
2022,1,4,9,13,臺中市,清水區,0,0,0,8,,,70,,,,,,,,,,,,,,,7,,,,,A41,,,1,,2,,,7,7,1,5,,A41,120.586471,24.30317,3
2022,1,4,9,21,臺中市,豐原區,0,0,0,8,,,50,,,,,,,,,,,,,,,23,,,,,B03,,,1,,2,,,23,23,1,22,,B03,120.733167,24.26428,3
2022,1,4,9,26,臺中市,南屯區,0,1,0,8,1,5,50,4,2,1,5,4,5,7,1,1,10,5,5,2,17,7,3,10,1,1,C03,7,7,1,10,2,13,,7,7,1,5,8,C03,120.646848,24.146551,2
2022,1,4,9,29,臺中市,北屯區,0,1,0,8,1,5,50,4,1,1,5,4,5,7,1,1,10,5,5,2,12,1,3,10,1,1,B03,7,4,1,8,2,4,,1,1,1,21,8,B03,120.683755,24.176325,2
2022,1,4,9,34,臺中市,北區,0,1,0,8,1,5,50,3,1,1,5,4,5,7,4,4,5,5,5,2,16,6,3,10,1,1,B03,7,5,1,8,2,8,,6,6,1,5,8,B03,120.681905,24.15822,2
2022,1,4,9,39,臺中市,潭子區,0,0,0,8,,,60,,,,,,,,,,,,,,,10,,,,,C03,,,1,,2,,,10,10,1,21,,C03,120.688133,24.216082,3
2022,1,4,9,40,臺中市,西屯區,0,1,0,8,1,5,50,14,9,1,5,4,5,7,4,4,8,4,5,1,16,10,3,10,1,4,B03,7,11,1,8,2,4,,10,10,1,4,8,B03,120.612285,24.190398,2
2022,1,4,9,42,臺中市,西屯區,0,1,0,8,1,5,50,4,1,1,5,4,5,7,1,1,10,5,5,2,16,6,3,10,3,4,B03,7,5,1,8,2,8,,6,6,1,22,8,B03,120.634174,24.163569,2
2022,1,4,9,44,臺中市,中區,0,1,0,8,1,5,50,4,1,1,5,4,5,7,1,1,10,5,5,1,16,6,3,10,1,1,B03,7,5,1,8,2,5,,6,6,1,21,8,B03,120.679547,24.142469,2
2022,1,4,9,50,臺中市,大雅區,0,0,0,8,,,30,,,,,,,,,,,,,,,6,,,,,B03,,,1,,2,,,6,6,1,22,,B03,120.641809,24.208369,3
2022,1,4,9,50,臺中市,西屯區,0,0,0,8,,,50,,,,,,,,,,,,,,,16,,,,,B03,,,1,,1,,,16,16,1,1,,B03,120.634019,24.155233,3
2022,1,4,9,51,臺中市,大甲區,0,0,0,8,,,50,,,,,,,,,,,,,,,19,,,,,C03,,,1,,2,,,19,19,1,4,,C03,120.626304,24.349271,3
2022,1,4,9,53,臺中市,東區,0,0,0,8,,,50,,,,,,,,,,,,,,,6,,,,,B03,,,1,,2,,,6,6,1,22,,B03,120.699377,24.145209,3
2022,1,4,9,55,臺中市,潭子區,0,2,0,8,1,5,60,3,2,1,5,4,5,7,1,1,1,4,4,1,17,6,3,10,1,1,B12,7,6,1,7,2,2,,6,6,1,22,8,B12,120.705749,24.218166,2
2022,1,4,9,55,臺中市,西區,0,1,0,8,1,5,50,4,1,1,5,4,5,7,1,1,10,5,5,2,16,6,3,10,1,1,B11,7,5,1,8,2,6,,6,6,1,10,8,B11,120.65849,24.150863,2
2022,1,4,9,56,臺中市,南屯區,0,0,0,8,,,50,,,,,,,,,,,,,,,23,,,,,C03,,,1,,2,,,23,23,1,22,,C03,120.649116,24.139972,3
2022,1,4,9,59,臺中市,豐原區,0,0,0,8,,,50,,,,,,,,,,,,,,,17,,,,,B03,,,1,,2,,,17,17,1,22,,B03,120.758588,24.276053,3
2022,1,4,10,0,臺中市,大里區,0,2,0,8,1,5,50,5,1,1,5,4,5,7,1,1,10,5,5,2,13,23,2,8,1,1,C03,7,9,1,10,2,11,,23,23,1,18,8,C03,120.686687,24.095333,2
2022,1,4,10,0,臺中市,烏日區,0,2,0,8,1,5,50,3,1,1,5,4,5,7,4,4,4,3,4,2,11,26,2,8,1,1,C03,7,5,1,10,2,12,,26,26,1,21,9,C03,120.607322,24.111077,2
2022,1,4,10,3,臺中市,東勢區,0,1,0,8,1,5,50,4,1,1,5,4,5,7,4,4,10,5,5,2,3,23,3,10,1,1,B03,7,5,1,10,2,8,,23,23,1,22,8,B03,120.829951,24.257263,2
2022,1,4,10,3,臺中市,豐原區,0,0,0,8,,,50,,,,,,,,,,,,,,,17,,,,,B03,,,1,,2,,,17,17,1,21,,B03,120.754653,24.274111,3
2022,1,4,10,10,臺中市,西區,0,0,0,8,,,50,,,,,,,,,,,,,,,7,,,,,B03,,,1,,1,,,7,7,1,22,,B03,120.676814,24.134584,3
2022,1,4,10,20,臺中市,大雅區,0,0,0,8,,,50,,,,,,,,,,,,,,,23,,,,,B01,,,1,,2,,,23,23,1,22,,B01,120.650568,24.210099,3
2022,1,4,10,20,臺中市,大雅區,0,0,0,8,,,30,,,,,,,,,,,,,,,42,,,,,B03,,,1,,2,,,42,42,1,22,,B03,120.649825,24.220094,3
2022,1,4,10,20,臺中市,西屯區,0,1,0,8,1,5,50,14,9,1,5,4,5,7,4,4,9,4,5,2,13,23,2,9,1,1,C03,7,9,1,10,2,11,,23,23,1,22,8,C03,120.64242,24.197878,2
2022,1,4,10,20,臺中市,清水區,0,0,0,8,,,30,,,,,,,,,,,,,,,12,,,,,A31,,,1,,2,,,12,12,1,10,,A31,120.571139,24.290989,3
2022,1,4,10,23,臺中市,太平區,0,0,0,8,,,30,,,,,,,,,,,,,,,19,,,,,B12,,,1,,2,,,19,19,1,4,,B12,120.711697,24.104262,3
2022,1,4,10,23,臺中市,梧棲區,0,0,0,8,,,70,,,,,,,,,,,,,,,17,,,,,A31,,,1,,2,,,17,17,1,10,,A31,120.518256,24.238737,3
2022,1,4,10,23,臺中市,豐原區,0,0,0,8,,,50,,,,,,,,,,,,,,,12,,,,,B03,,,1,,2,,,12,12,1,22,,B03,120.727372,24.246171,3
2022,1,4,10,25,臺中市,西區,0,1,0,8,1,5,50,4,1,1,5,4,5,7,1,1,10,5,5,2,15,25,3,10,1,1,B03,7,9,1,8,2,5,,25,25,1,21,8,B03,120.660187,24.140158,2
2022,1,4,10,25,臺中市,神岡區,0,0,0,8,,,50,,,,,,,,,,,,,,,23,,,,,B11,,,1,,2,,,23,23,1,21,,B11,120.696558,24.25433,3
2022,1,4,10,27,臺中市,西屯區,0,0,0,8,,,40,,,,,,,,,,,,,,,23,,,,,B12,,,1,,1,,,23,23,1,4,,B12,120.634746,24.176783,3
2022,1,4,10,30,臺中市,西屯區,0,2,0,8,1,5,50,4,1,1,5,4,5,7,2,1,10,5,5,2,16,23,2,8,1,1,C03,7,9,1,10,2,14,,23,23,1,22,8,C03,120.646363,24.164684,2
2022,1,4,10,38,臺中市,沙鹿區,0,1,0,8,1,5,50,4,9,1,5,4,5,7,4,4,4,4,5,1,15,11,2,7,1,1,C03,7,11,1,10,2,11,,11,11,1,22,8,C03,120.559181,24.235551,2
2022,1,4,10,40,臺中市,北屯區,0,2,0,8,1,5,60,14,9,1,5,4,5,7,4,4,1,4,5,2,13,16,3,10,1,1,B12,7,9,1,8,2,1,,16,16,1,9,8,B12,120.6865,24.2028,2
2022,1,4,10,40,臺中市,烏日區,0,0,0,,,,60,,,,,,,,,,,,,,,23,,,,,B03,,,1,,2,,,23,23,1,21,,B03,120.642927,24.074986,3
2022,1,4,10,42,臺中市,南屯區,0,0,0,8,,,50,,,,,,,,,,,,,,,44,,,,,B03,,,1,,2,,,44,44,1,22,,B03,120.646788,24.140383,3
2022,1,4,10,44,臺中市,中區,0,0,0,8,,,50,,,,,,,,,,,,,,,7,,,,,C03,,,5,,1,,,7,7,1,22,,C03,120.681022,24.143859,3
2022,1,4,10,44,臺中市,西屯區,0,1,0,8,1,5,40,3,8,1,5,4,5,7,1,1,1,5,1,2,16,6,3,10,3,4,B12,7,6,1,8,2,6,,6,6,1,22,8,B12,120.635065,24.160706,2
2022,1,4,10,50,臺中市,西屯區,0,1,0,8,1,5,30,3,1,1,5,4,5,7,4,4,10,5,5,2,17,10,3,10,1,1,C03,7,11,1,10,2,13,,10,10,1,1,9,C03,120.641405,24.177763,2
2022,1,4,10,54,臺中市,西區,0,2,0,8,1,5,50,4,1,1,5,4,5,7,2,1,10,5,5,2,17,6,2,8,1,1,C03,7,5,1,10,2,12,,6,6,1,18,7,C03,120.676936,24.135079,2
2022,1,4,11,0,臺中市,北區,0,2,0,8,1,5,50,4,1,1,5,4,5,7,1,1,5,5,4,2,16,26,2,9,1,1,C03,7,6,1,10,2,12,,26,26,1,5,8,C03,120.680896,24.149205,2
2022,1,4,11,0,臺中市,西屯區,0,0,0,8,,,50,,,,,,,,,,,,,,,7,,,,,B03,,,1,,2,,,7,7,1,22,,B03,120.603408,24.185086,3
2022,1,4,11,5,臺中市,北屯區,0,1,0,8,1,5,50,3,1,1,5,4,5,7,1,1,10,5,5,2,13,23,3,10,3,4,B12,7,9,1,8,2,1,,23,23,1,21,8,B12,120.684711,24.190618,2
2022,1,4,11,9,臺中市,太平區,0,2,0,8,1,5,50,14,7,1,5,4,5,7,4,4,5,5,4,1,13,7,2,6,1,1,C03,7,7,3,18,2,13,,7,7,1,3,8,C03,120.714111,24.158994,2
2022,1,4,11,11,臺中市,后里區,0,1,0,8,1,5,50,5,1,1,5,4,5,7,1,1,4,1,4,1,12,6,3,10,1,1,B03,7,6,1,8,2,5,,6,6,1,22,8,B03,120.685573,24.315076,2
2022,1,4,11,19,臺中市,沙鹿區,0,0,0,8,,,40,,,,,,,,,,,,,,,12,,,,,B03,,,1,,2,,,12,12,1,21,,B03,120.568412,24.225098,3
2022,1,4,11,20,臺中市,西區,0,0,0,8,,,50,,,,,,,,,,,,,,,23,,,,,B03,,,1,,2,,,23,23,1,21,,B03,120.660186,24.146726,3
2022,1,4,11,20,臺中市,外埔區,0,0,0,8,,,50,,,,,,,,,,,,,,,23,,,,,B12,,,1,,2,,,23,23,1,22,,B12,120.661313,24.325668,3
2022,1,4,11,21,臺中市,神岡區,0,2,0,8,1,5,50,4,1,1,5,4,5,7,1,1,10,5,5,2,16,6,2,9,3,4,C03,7,5,1,10,2,11,,6,6,1,22,9,C03,120.677363,24.264904,2
2022,1,4,11,22,臺中市,大肚區,0,0,0,,,,50,,,,,,,,,,,,,,,25,,,,,C03,,,1,,2,,,25,25,1,22,,C03,120.58005,24.171488,3
2022,1,4,11,34,臺中市,北屯區,0,1,0,8,1,5,50,4,1,1,5,4,5,7,1,1,10,5,5,2,16,6,3,10,1,1,B12,7,5,1,8,2,1,,6,6,1,21,8,B12,120.68413,24.179231,2
2022,1,4,11,35,臺中市,北區,0,0,0,8,,,50,,,,,,,,,,,,,,,17,,,,,B03,,,1,,1,,,17,17,1,20,,B03,120.686095,24.154774,3
2022,1,4,11,35,臺中市,南屯區,0,0,0,,,,50,,,,,,,,,,,,,,,19,,,,,B03,,,1,,1,,,19,19,1,20,,B03,120.646815,24.147742,3
2022,1,4,11,41,臺中市,西屯區,0,2,0,8,1,5,50,14,9,1,5,4,5,7,4,4,9,5,5,2,12,44,2,9,1,4,C03,7,9,1,10,1,14,,44,44,1,22,8,C03,120.640222,24.179291,2
2022,1,4,11,43,臺中市,大甲區,0,0,0,8,,,50,,,,,,,,,,,,,,,23,,,,,A12,,,1,,2,,,23,23,1,21,,A12,120.655466,24.393028,3
2022,1,4,11,45,臺中市,烏日區,0,0,0,8,,,50,,,,,,,,,,,,,,,6,,,,,B12,,,,,2,,,6,6,1,21,,B12,120.621921,24.102574,3
2022,1,4,11,50,臺中市,沙鹿區,0,0,0,8,,,60,,,,,,,,,,,,,,,23,,,,,B12,,,1,,2,,,23,23,1,4,,B12,120.575734,24.250827,3
2022,1,4,11,53,臺中市,北屯區,0,1,0,8,1,5,50,3,1,1,5,4,5,7,4,4,1,4,5,2,16,6,3,10,1,1,B01,7,6,1,4,2,6,,6,6,1,10,8,B01,120.6965,24.1707,2
2022,1,4,11,57,臺中市,西屯區,0,1,0,8,1,5,40,4,1,1,5,4,5,7,1,1,3,4,5,2,16,6,3,10,1,1,B03,7,6,1,8,2,2,,6,6,1,22,8,B03,120.642285,24.197441,2
2022,1,4,11,58,臺中市,北屯區,0,1,0,8,1,5,40,14,8,1,5,4,5,7,2,1,1,4,4,2,12,40,3,10,1,1,B03,7,15,1,8,2,2,,40,40,1,22,8,B03,120.721449,24.162395,2
2022,1,4,12,3,臺中市,大甲區,0,1,0,8,1,5,60,4,1,1,5,4,1,7,1,1,10,5,5,2,15,25,3,10,1,1,B03,7,9,1,8,2,8,,25,25,1,8,8,B03,120.627403,24.429301,2
2022,1,4,12,3,臺中市,豐原區,0,1,0,8,1,5,50,3,1,1,5,4,5,7,3,1,5,4,4,2,17,6,3,10,1,1,B03,7,5,1,8,2,15,,6,6,1,21,3,B03,120.724878,24.252245,2
2022,1,4,12,3,臺中市,豐原區,0,2,0,8,1,5,50,4,9,1,5,4,5,7,1,1,5,5,5,2,16,6,2,7,3,4,C03,7,5,1,10,2,11,,6,6,1,22,5,C03,120.718763,24.253419,2
2022,1,4,12,4,臺中市,北區,0,1,0,8,1,5,50,4,1,1,5,4,5,7,1,1,10,5,5,2,1,23,3,10,1,1,B03,7,5,1,8,2,1,,23,23,1,22,9,B03,120.686338,24.152658,2
2022,1,4,12,5,臺中市,南區,0,0,0,8,1,5,40,14,8,1,5,4,5,7,4,4,9,5,4,2,17,23,,,,,B03,,,1,,2,,,23,23,1,5,,B03,120.660599,24.132947,3
2022,1,4,12,5,臺中市,豐原區,0,1,0,8,1,5,50,3,2,1,5,4,5,7,1,1,5,5,4,2,17,43,3,10,1,1,C03,7,9,1,10,2,13,,43,43,1,22,8,C03,120.722102,24.248732,2
2022,1,4,12,12,臺中市,梧棲區,0,2,0,8,1,5,50,4,1,1,5,4,5,7,1,1,10,5,5,2,15,25,2,9,1,1,C03,7,9,3,18,2,11,,25,25,1,3,8,C03,120.530094,24.253785,2
2022,1,4,12,18,臺中市,西區,0,0,0,,,,50,,,,,,,,,,,,,,,25,,,,,B03,,,1,,1,,,25,25,1,22,,B03,120.65524,24.150857,3
2022,1,4,12,25,臺中市,豐原區,0,1,0,8,1,5,50,3,1,1,5,4,5,7,1,1,4,4,5,1,16,4,3,10,1,1,B03,7,9,6,18,2,5,,4,4,1,22,8,B03,120.724328,24.226413,2
2022,1,4,12,28,臺中市,北區,0,0,0,8,,,40,,,,,,,,,,,,,,,23,,,,,B03,,,1,,1,,,23,23,1,5,,B03,120.682681,24.148739,3
2022,1,4,12,31,臺中市,南區,0,0,0,8,,,40,,,,,,,,,,,,,,,12,,,,,B03,,,1,,2,,,12,12,1,20,,B03,120.679476,24.13274,3
2022,1,4,12,37,臺中市,南屯區,0,0,0,8,,,50,,,,,,,,,,,,,,,40,,,,,B01,,,1,,1,,,40,40,1,10,,B01,120.648331,24.132305,3
2022,1,4,12,42,臺中市,西屯區,0,1,0,8,1,5,50,3,1,1,5,4,5,7,4,4,1,4,5,1,16,16,2,9,1,4,C03,7,9,1,10,2,11,,16,16,1,4,8,C03,120.646618,24.154786,2
2022,1,4,12,44,臺中市,西屯區,0,0,0,8,,,80,,,,,,,,,,,,,,,7,,,,,A12,,,1,,1,,,7,7,1,22,,A12,120.627292,24.159767,3
2022,1,4,12,56,臺中市,梧棲區,0,0,0,8,,,60,,,,,,,,,,,,,,,48,,,,,A31,,,1,,2,,,48,48,1,10,,A31,120.537273,24.252072,3
2022,1,4,13,0,臺中市,西屯區,0,2,0,8,1,5,40,3,2,1,5,4,5,7,2,1,1,4,1,2,13,23,2,9,3,4,C03,7,9,1,10,2,11,,23,23,1,22,8,C03,120.649585,24.19681,2
2022,1,4,13,1,臺中市,西屯區,0,0,0,8,,,40,,,,,,,,,,,,,,,12,,,,,B03,,,1,,1,,,12,12,1,1,,B03,120.617001,24.184058,3
2022,1,4,13,4,臺中市,北屯區,0,1,0,8,1,5,50,4,1,1,5,4,5,7,1,1,10,5,5,2,1,15,3,10,1,1,B03,7,5,1,4,2,8,,15,15,1,21,8,B03,120.670741,24.178713,2
2022,1,4,13,6,臺中市,北屯區,0,1,0,8,1,5,50,14,9,1,5,4,5,7,4,4,10,4,5,2,18,23,2,9,1,1,C03,7,9,1,10,2,12,,23,23,1,18,2,C03,120.731854,24.159686,2
2022,1,4,13,9,臺中市,西屯區,0,1,0,8,1,5,40,3,2,1,5,4,5,7,1,1,10,5,5,2,13,23,2,9,1,4,C03,7,9,1,10,2,11,,23,23,1,22,8,C03,120.611346,24.185289,2
2022,1,4,13,11,臺中市,神岡區,0,0,0,8,,,50,,,,,,,,,,,,,,,17,,,,,A12,,,1,,2,,,17,17,1,22,,A12,120.685699,24.26816,3
2022,1,4,13,12,臺中市,大雅區,0,1,0,8,1,5,50,3,1,1,5,4,5,7,4,4,10,5,5,2,17,6,3,10,1,1,B12,7,5,1,8,1,5,,6,6,1,22,9,B12,120.65396,24.23014,2
2022,1,4,13,14,臺中市,大雅區,0,1,0,8,1,5,50,3,1,1,5,4,5,7,1,1,3,4,4,1,16,9,3,10,1,1,A12,7,6,1,7,2,5,,9,9,1,22,8,A12,120.66001,24.219767,2
2022,1,4,13,15,臺中市,南屯區,0,1,0,8,1,5,50,4,1,1,5,4,5,7,1,1,10,5,5,2,13,23,3,10,1,1,B03,7,9,1,8,2,8,,23,23,1,4,8,B03,120.635213,24.151303,2
2022,1,4,13,17,臺中市,沙鹿區,0,2,0,8,1,5,50,14,7,1,5,4,5,7,4,4,5,5,4,2,17,26,2,8,1,1,C03,7,15,1,10,2,11,,26,26,1,20,5,C03,120.573714,24.222322,2
2022,1,4,13,23,臺中市,太平區,1,2,0,8,1,5,50,14,13,1,5,4,5,7,4,4,4,5,5,1,25,21,1,9,3,4,B03,7,9,1,8,7,8,,21,21,1,16,8,B03,120.742683,24.15743,1
2022,1,4,13,26,臺中市,外埔區,0,0,0,8,1,5,30,13,9,1,5,4,5,7,4,4,10,5,5,2,14,12,,,,,B12,,,1,,2,,,12,12,1,22,,B12,120.642627,24.344446,3
2022,1,4,13,30,臺中市,西屯區,0,0,0,8,,,40,,,,,,,,,,,,,,,23,,,,,B03,,,1,,1,,,23,23,1,22,,B03,120.645665,24.164578,3
2022,1,4,13,41,臺中市,西屯區,0,1,0,8,1,5,50,4,1,1,5,4,5,7,2,1,10,5,5,2,16,25,3,10,1,1,B03,7,5,1,8,2,4,,25,25,1,22,8,B03,120.651991,24.16583,2
2022,1,4,13,44,臺中市,東勢區,0,1,0,8,1,5,50,14,5,1,5,4,5,7,4,4,10,5,5,2,16,6,3,10,1,1,B03,7,5,1,8,2,5,,6,6,1,22,8,B03,120.823798,24.261405,2
2022,1,4,13,45,臺中市,西屯區,0,0,0,8,,,40,,,,,,,,,,,,,,,23,,,,,B12,,,1,,1,,,23,23,1,4,,B12,120.64131,24.161685,3
2022,1,4,13,46,臺中市,南屯區,0,0,0,8,,,40,,,,,,,,,,,,,,,12,,,,,B12,,,1,,1,,,12,12,1,9,,B12,120.63676,24.14514,3
2022,1,4,13,47,臺中市,西屯區,0,0,0,8,,,50,,,,,,,,,,,,,,,7,,,,,B03,,,1,,1,,,7,7,1,22,,B03,120.638353,24.187694,3
2022,1,4,13,50,臺中市,北屯區,0,0,0,8,,,50,,,,,,,,,,,,,,,42,,,,,B03,,,1,,9,,,42,42,2,22,,B03,120.662366,24.197425,3
2022,1,4,13,50,臺中市,西屯區,0,1,0,8,1,5,40,14,8,1,5,4,5,7,4,4,1,4,1,2,17,17,2,8,3,4,C03,7,9,1,10,2,12,,17,17,1,22,8,C03,120.644375,24.165433,2
2022,1,4,13,52,臺中市,烏日區,0,0,0,8,,,60,,,,,,,,,,,,,,,23,,,,,B12,,,1,,2,,,23,23,1,22,,B12,120.610886,24.11433,3
2022,1,4,14,2,臺中市,西屯區,0,0,0,8,,,50,,,,,,,,,,,,,,,12,,,,,B03,,,1,,1,,,12,12,1,1,,B03,120.603174,24.160831,3
2022,1,4,14,11,臺中市,外埔區,0,3,0,8,1,5,50,4,1,1,5,4,5,7,3,1,4,1,5,1,15,6,2,9,1,1,C03,7,9,4,8,2,12,,6,6,1,22,8,C03,120.671965,24.341191,2
2022,1,4,14,17,臺中市,西屯區,0,1,0,8,1,5,50,4,2,1,5,4,5,7,1,1,1,4,4,2,13,23,3,10,1,4,B03,7,9,1,8,1,8,,23,23,1,22,8,B03,120.65615,24.17052,2
2022,1,4,14,18,臺中市,西屯區,0,0,0,8,,,50,,,,,,,,,,,,,,,25,,,,,B03,,,1,,1,,,25,25,1,22,,B03,120.653121,24.195588,3
2022,1,4,14,25,臺中市,大雅區,0,0,0,8,,,60,,,,,,,,,,,,,,,7,,,,,A41,,,1,,2,,,7,7,1,22,,A41,120.644164,24.227392,3
2022,1,4,14,27,臺中市,大甲區,0,1,0,8,1,5,50,3,1,1,5,4,5,7,1,1,10,5,5,2,16,6,3,10,1,1,B12,7,6,1,8,2,5,,6,6,1,9,8,B12,120.613182,24.348196,2
2022,1,4,14,28,臺中市,西屯區,0,1,0,8,1,5,50,14,9,1,5,4,5,7,4,4,1,4,5,2,16,6,3,10,1,1,B03,7,6,1,8,2,2,,6,6,1,22,8,B03,120.646017,24.16368,2
2022,1,4,14,30,臺中市,西區,0,2,0,8,1,5,50,4,1,1,5,4,5,7,4,4,10,5,5,2,15,6,2,9,1,1,C03,7,9,1,10,2,11,,6,6,1,22,9,C03,120.660944,24.147863,2
2022,1,4,14,35,臺中市,西屯區,0,0,0,8,,,50,,,,,,,,,,,,,,,43,,,,,B02,,,1,,11,,,43,43,1,22,,B02,120.652089,24.191177,3
2022,1,4,14,35,臺中市,豐原區,0,1,0,8,1,5,50,14,9,1,5,4,5,7,2,1,5,5,5,1,17,23,2,7,3,4,C03,7,9,1,10,2,11,,23,23,1,22,8,C03,120.702475,24.251428,2
2022,1,4,14,43,臺中市,梧棲區,0,1,0,8,1,5,30,4,1,1,5,4,5,3,4,4,10,5,5,2,15,6,3,10,1,1,B12,7,9,1,8,2,8,,6,6,1,22,8,B12,120.535951,24.246827,2
2022,1,4,14,45,臺中市,大甲區,0,0,0,,,,40,,,,,,,,,,,,,,,18,,,,,B03,,,1,,1,,,18,18,1,21,,B03,120.627661,24.348423,3
2022,1,4,14,46,臺中市,西區,0,0,0,8,,,50,,,,,,,,,,,,,,,4,,,,,B03,,,1,,2,,,4,4,1,5,,B03,120.674147,24.139898,4
2022,1,4,14,48,臺中市,西區,0,0,0,8,,,50,,,,,,,,,,,,,,,43,,,,,,,,,,,,,43,43,1,,,,120.674117,24.140187,3
2022,1,4,14,48,臺中市,南屯區,0,0,0,8,,,50,,,,,,,,,,,,,,,16,,,,,B03,,,1,,1,,,16,16,1,22,,B03,120.616314,24.152854,3
2022,1,4,14,48,臺中市,北屯區,0,1,0,8,1,5,50,4,1,1,5,4,5,7,1,1,10,5,5,2,12,43,3,10,3,4,B03,7,9,1,8,2,2,,43,43,1,21,8,B03,120.709435,24.17106,2
2022,1,4,14,50,臺中市,中區,0,1,0,8,1,5,50,5,1,1,5,4,5,7,2,1,10,5,5,2,16,26,3,10,1,1,B03,7,9,1,7,2,5,,23,26,1,22,9,B03,120.682416,24.145861,2
2022,1,4,14,50,臺中市,豐原區,0,0,0,8,,,50,,,,,,,,,,,,,,,42,,,,,B03,,,1,,2,,,42,42,1,9,,B03,120.741292,24.263294,3
2022,1,4,14,54,臺中市,豐原區,0,2,0,8,1,5,50,3,1,1,5,4,5,7,1,1,5,5,5,2,17,7,3,10,1,1,B12,7,8,1,8,2,2,,7,7,1,22,8,B12,120.723421,24.251946,2
2022,1,4,14,56,臺中市,太平區,0,1,0,8,1,5,50,3,2,1,5,4,5,7,1,1,5,4,4,1,13,42,2,1,1,1,B01,7,9,1,4,2,1,,42,42,1,21,8,B01,120.735579,24.129305,2
2022,1,4,14,58,臺中市,北屯區,0,0,0,8,,,50,,,,,,,,,,,,,,,23,,,,,B03,,,1,,1,,,23,23,1,5,,B03,120.714866,24.163505,3