年,月,日,時,分,縣市,區,死,受傷,2-30,天候,光線,道路類別,速限,道路型態,事故位置,路面鋪裝,路面狀態,路面缺陷,障礙物,視距,號誌種類,號誌動作,分向設施,快車道或一般車道間,快慢車道間,路面邊線,事故類型及型態,主要肇因,受傷程度,主要傷處,保護裝備,行動電話,當事者區分,車輛用途,當事者行動狀態,駕駛資格情形,駕駛執照種類,飲酒情形,車輛撞擊部位最初,車輛撞擊部位其他,肇事因素個別,肇事因素主要,肇事逃逸,職業,旅次目的,車種,GPS緯度,GPS經度,事故類別
2022,1,4,15,4,臺中市,北區,0,1,0,8,1,5,40,14,7,1,5,4,5,7,4,4,5,4,4,2,16,7,2,9,1,1,C03,7,7,1,10,2,14,,7,7,1,22,8,C03,120.66588,24.160027,2
2022,1,4,15,4,臺中市,豐原區,0,0,0,8,,,40,,,,,,,,,,,,,,,12,,,,,B12,,,1,,2,,,12,12,1,22,,B12,120.722578,24.23617,3
2022,1,4,15,5,臺中市,北屯區,0,0,0,8,,,50,,,,,,,,,,,,,,,10,,,,,B12,,,1,,2,,,10,10,1,22,,B12,120.719196,24.177818,3
2022,1,4,15,5,臺中市,西屯區,0,0,0,8,,,50,,,,,,,,,,,,,,,26,,,,,B03,,,1,,2,,,26,26,1,4,,B03,120.65635,24.196107,3
2022,1,4,15,7,臺中市,西區,0,1,0,8,1,5,50,4,1,1,5,4,5,7,2,1,10,5,5,2,16,6,2,9,1,1,C03,7,5,4,11,2,14,,6,6,1,22,8,C03,120.660943,24.159179,2
2022,1,4,15,10,臺中市,西區,0,1,0,8,1,5,50,4,1,1,5,4,5,7,4,4,10,5,5,2,18,23,2,9,1,1,C03,7,9,1,10,2,12,,23,23,1,22,9,C03,120.659654,24.150734,2
2022,1,4,15,12,臺中市,西屯區,0,0,0,8,,,50,,,,,,,,,,,,,,,9,,,,,B03,,,1,,2,,,9,9,1,22,,B03,120.632826,24.17025,3
2022,1,4,15,12,臺中市,梧棲區,0,0,0,8,,,50,,,,,,,,,,,,,,,43,,,,,C03,,,3,,2,,,43,43,1,22,,C03,120.53813,24.247321,4
2022,1,4,15,16,臺中市,西屯區,0,0,0,8,,,50,,,,,,,,,,,,,,,16,,,,,B03,,,1,,10,,,16,16,1,22,,B03,120.632018,24.170294,3
2022,1,4,15,20,臺中市,西屯區,0,0,0,8,,,50,,,,,,,,,,,,,,,23,,,,,B03,,,1,,1,,,23,23,1,22,,B03,120.662772,24.163876,3
2022,1,4,15,25,臺中市,大里區,0,0,0,8,,,30,,,,,,,,,,,,,,,16,,,,,A11,,,1,,2,,,16,16,1,22,,A11,120.663843,24.095056,3
2022,1,4,15,27,臺中市,東區,0,1,0,8,1,5,40,14,8,1,5,4,5,7,4,4,9,5,4,2,13,23,2,8,1,1,C03,7,9,1,10,2,11,,23,23,1,22,8,C03,120.689378,24.13327,2
2022,1,4,15,28,臺中市,北區,0,0,0,8,,,50,,,,,,,,,,,,,,,6,,,,,B03,,,1,,2,,,6,6,1,22,,B03,120.682125,24.154604,3
2022,1,4,15,34,臺中市,北區,0,0,0,8,,,50,,,,,,,,,,,,,,,6,,,,,B03,,,1,,2,,,6,6,1,21,,B03,120.686132,24.154754,3
2022,1,4,15,45,臺中市,大雅區,0,1,0,8,1,5,30,5,1,1,5,4,5,6,4,4,5,5,5,1,16,6,3,10,1,1,B03,7,5,1,8,2,1,,6,6,1,22,8,B03,120.65581,24.227306,2
2022,1,4,15,45,臺中市,西屯區,0,0,0,8,,,50,,,,,,,,,,,,,,,12,,,,,A12,,,1,,1,,,12,12,1,22,,A12,120.654096,24.198081,3
2022,1,4,15,45,臺中市,神岡區,0,0,0,8,,,50,,,,,,,,,,,,,,,23,,,,,B02,,,1,,2,,,23,23,1,21,,B02,120.705603,24.275085,3
2022,1,4,15,50,臺中市,霧峰區,0,0,0,8,,,50,,,,,,,,,,,,,,,23,,,,,B03,,,1,,2,,,23,23,1,21,,B03,120.713396,24.077362,3
2022,1,4,15,52,臺中市,北區,0,1,0,8,1,5,50,14,7,1,5,4,5,7,4,4,3,4,4,2,13,16,3,10,1,1,B03,7,9,1,8,2,1,,16,16,1,22,8,B03,120.673046,24.162749,2
2022,1,4,15,59,臺中市,東區,0,2,0,8,1,5,50,3,9,1,5,4,5,7,4,4,10,5,5,2,16,6,3,10,1,1,B03,7,5,1,8,2,1,,6,6,1,2,8,B03,120.70098,24.140955,2
2022,1,4,15,59,臺中市,西屯區,0,0,0,8,,,50,,,,,,,,,,,,,,,12,,,,,B03,,,1,,1,,,12,12,1,4,,B03,120.644005,24.200975,3
2022,1,4,16,6,臺中市,西屯區,0,0,0,8,,,40,,,,,,,,,,,,,,,9,,,,,B03,,6,1,,2,,,9,9,1,22,,B03,120.615433,24.188435,3
2022,1,4,16,12,臺中市,北區,0,1,0,8,1,5,50,3,1,1,5,4,5,7,4,4,5,5,5,2,16,6,2,8,1,1,C03,7,5,1,10,2,12,,6,6,1,21,8,C03,120.67753,24.152837,2
2022,1,4,16,25,臺中市,南屯區,0,0,0,8,,,50,,,,,,,,,,,,,,,23,,,,,B03,,,1,,1,,,23,23,1,22,,B03,120.637353,24.142644,3
2022,1,4,16,30,臺中市,烏日區,0,1,0,8,1,5,50,4,1,1,5,4,5,7,2,1,5,4,4,2,3,15,3,10,1,1,A05,7,5,1,1,2,5,,15,15,1,21,8,A05,120.641759,24.108973,2
2022,1,4,16,34,臺中市,東勢區,0,1,0,8,1,5,50,4,1,1,5,4,5,7,2,1,10,5,5,1,17,19,3,10,1,1,C03,7,1,1,10,2,15,,19,19,1,9,8,C03,120.82719,24.26002,2
2022,1,4,16,37,臺中市,大甲區,0,2,0,8,1,5,50,4,1,1,5,4,5,7,1,1,10,5,5,2,16,6,2,7,1,1,C03,7,5,1,10,2,11,,6,6,1,21,8,C03,120.622781,24.353095,2
2022,1,4,16,45,臺中市,西屯區,0,0,0,8,,,50,,,,,,,,,,,,,,,7,,,,,B03,,,1,,1,,,7,7,1,22,,B03,120.65005,24.163649,3
2022,1,4,16,50,臺中市,南屯區,0,1,0,8,1,5,40,4,1,1,5,4,5,7,1,1,10,5,5,2,16,44,3,10,1,1,B03,7,6,1,8,2,2,,44,44,1,4,8,B03,120.634461,24.155701,2
2022,1,4,17,7,臺中市,南屯區,0,0,0,8,,,30,,,,,,,,,,,,,,,12,,,,,A12,,,1,,1,,,12,12,1,10,,A12,120.62057,24.13635,3
2022,1,4,17,8,臺中市,北屯區,0,2,0,8,1,5,50,14,7,1,5,4,5,7,4,4,5,5,4,2,16,19,2,9,1,1,C03,7,1,1,10,2,11,,19,19,1,22,8,C03,120.674107,24.176413,2
2022,1,4,17,8,臺中市,大里區,0,2,0,8,1,5,50,3,1,1,5,4,5,7,4,4,5,4,4,1,16,6,2,9,3,4,C03,7,6,1,10,2,11,,6,6,1,22,9,C03,120.685228,24.106873,2
2022,1,4,17,10,臺中市,太平區,0,2,0,8,1,5,50,4,1,1,5,4,5,7,4,4,5,5,5,2,15,6,2,9,1,1,C03,7,9,1,10,2,11,,6,6,1,21,8,C03,120.719281,24.12593,2
2022,1,4,17,11,臺中市,大雅區,0,1,0,8,1,5,50,14,9,1,5,4,5,7,4,4,5,5,5,1,13,23,2,9,1,1,C03,7,9,1,10,2,11,,23,23,1,22,8,C03,120.65718,24.224804,2
2022,1,4,17,11,臺中市,北區,0,3,0,8,1,5,50,14,7,1,5,4,5,7,4,4,5,4,4,2,16,26,2,8,1,1,C03,7,5,1,10,2,15,,26,26,1,22,8,C03,120.703088,24.159522,2
2022,1,4,17,11,臺中市,南屯區,0,1,0,8,1,5,50,4,2,1,5,4,5,7,1,1,5,4,4,2,17,26,3,10,1,1,C03,7,11,1,9,2,11,,26,26,1,22,9,C03,120.649854,24.147749,2
2022,1,4,17,15,臺中市,北屯區,0,1,0,8,2,5,50,14,9,1,5,4,5,7,4,4,1,4,5,2,18,42,2,8,1,1,C03,7,9,1,10,2,12,,42,42,1,22,8,C03,120.700291,24.17825,2
2022,1,4,17,17,臺中市,北屯區,0,0,0,8,,,50,,,,,,,,,,,,,,,12,,,,,B03,,,1,,1,,,12,12,1,21,,B03,120.681738,24.174653,3
2022,1,4,17,19,臺中市,后里區,0,1,0,8,1,5,30,12,9,1,5,4,5,7,4,4,4,1,5,1,20,42,2,1,1,1,C03,7,9,3,18,7,12,,42,42,1,22,8,C03,120.71547,24.327621,2
2022,1,4,17,19,臺中市,后里區,0,0,0,8,2,5,60,14,7,1,5,4,5,7,1,1,1,4,4,1,13,16,,,,,B12,,,1,,2,,,16,16,1,22,,B12,120.722834,24.286725,3
2022,1,4,17,20,臺中市,北屯區,0,1,0,8,3,5,50,3,1,1,5,4,5,7,1,1,10,5,5,2,12,26,3,10,1,1,C03,7,8,1,10,3,11,,26,26,1,5,8,C03,120.73338,24.170115,2
2022,1,4,17,20,臺中市,西屯區,0,1,0,8,1,5,40,3,1,1,5,4,5,7,4,4,10,5,5,2,16,6,2,7,1,1,C03,7,6,1,10,2,11,,6,6,1,22,8,C03,120.638461,24.169153,2
2022,1,4,17,24,臺中市,西屯區,0,2,0,8,2,5,30,5,1,1,5,4,5,7,2,1,5,4,4,2,11,6,2,9,3,4,C03,7,5,1,10,2,11,,6,6,1,22,8,C03,120.651955,24.170033,2
2022,1,4,17,24,臺中市,烏日區,0,2,0,7,3,5,30,3,1,1,5,4,5,7,4,4,5,5,5,2,11,6,2,8,1,1,C03,7,5,1,10,2,11,,6,6,1,22,8,C03,120.64158,24.103162,2
2022,1,4,17,40,臺中市,東區,0,0,0,8,,,50,,,,,,,,,,,,,,,16,,,,,C04,,,1,,2,,,16,16,1,4,,C04,120.710486,24.149644,3
2022,1,4,17,41,臺中市,西屯區,0,1,0,8,3,5,40,14,8,1,5,4,5,7,4,4,1,4,5,2,16,7,2,9,3,4,C03,7,7,1,10,2,14,,7,7,1,22,8,C03,120.646098,24.154893,2
2022,1,4,17,49,臺中市,西屯區,0,1,0,8,3,5,50,4,1,1,5,4,5,7,1,1,10,4,5,2,17,42,3,10,1,1,B03,7,5,1,8,2,15,,44,42,1,22,8,B03,120.656506,24.163825,2
2022,1,4,17,50,臺中市,北區,0,1,0,8,1,5,50,4,1,1,5,4,5,7,1,1,5,5,4,2,3,51,2,9,4,5,H01,8,16,8,20,2,16,,51,51,1,22,8,H01,120.678132,24.148869,2
2022,1,4,17,50,臺中市,西屯區,0,0,0,8,,,40,,,,,,,,,,,,,,,19,,,,,B03,,,1,,2,,,19,19,1,22,,B03,120.627286,24.184126,3
2022,1,4,17,53,臺中市,北區,0,1,0,8,3,5,40,14,8,1,5,4,5,7,4,4,1,3,4,2,12,23,2,8,1,1,C03,7,9,1,10,2,14,,23,23,1,21,8,C03,120.673692,24.16263,2
2022,1,4,17,54,臺中市,西屯區,0,0,0,8,,,50,,,,,,,,,,,,,,,23,,,,,B03,,,1,,1,,,23,23,1,22,,B03,120.637781,24.203361,3
2022,1,4,17,55,臺中市,沙鹿區,0,0,0,8,,,60,,,,,,,,,,,,,,,42,,,,,B12,,,1,,2,,,42,42,1,7,,B12,120.568203,24.237984,3
2022,1,4,17,59,臺中市,豐原區,0,0,0,8,,,50,,,,,,,,,,,,,,,8,,,,,C03,,,1,,,,,8,8,1,22,,C03,120.725719,24.246084,4
2022,1,4,18,2,臺中市,西屯區,0,2,0,8,3,5,50,14,9,1,5,4,5,7,4,4,5,4,5,2,11,10,3,10,3,4,B03,7,11,1,8,2,5,,10,10,1,22,8,B03,120.65285,24.160278,2
2022,1,4,18,11,臺中市,清水區,0,0,0,8,,,50,,,,,,,,,,,,,,,16,,,,,C03,,,1,,2,,,16,16,1,21,,C03,120.573242,24.263132,3
2022,1,4,18,13,臺中市,大雅區,0,2,0,8,3,5,50,4,1,1,5,4,5,7,3,1,5,4,5,1,16,23,2,9,1,1,C03,7,5,6,18,7,11,,23,23,1,22,9,C03,120.656989,24.222787,2
2022,1,4,18,16,臺中市,沙鹿區,0,1,0,7,3,5,50,4,1,1,5,4,5,7,4,4,10,5,5,2,16,6,3,10,1,1,B03,7,9,1,8,2,2,,6,6,1,22,9,B03,120.571382,24.21977,2
2022,1,4,18,18,臺中市,南區,0,0,0,,,,50,,,,,,,,,,,,,,,7,,,,,B03,,,1,,2,,,7,7,1,21,,B03,120.650537,24.11218,3
2022,1,4,18,20,臺中市,大里區,0,0,0,8,3,3,50,14,9,1,5,4,5,7,2,1,4,5,5,1,12,43,,,,,C03,,,1,,2,,,43,43,1,22,,C03,120.691278,24.088535,3
2022,1,4,18,23,臺中市,西屯區,0,0,0,8,,,50,,,,,,,,,,,,,,,43,,,,,B03,,,1,,1,,,43,43,1,22,,B03,120.656511,24.19645,3
2022,1,4,18,34,臺中市,太平區,0,1,0,8,3,5,50,14,9,1,5,4,5,7,4,4,9,5,5,2,18,23,2,9,1,1,C03,7,9,1,10,2,14,,23,23,1,21,8,C03,120.726048,24.157014,2
2022,1,4,18,36,臺中市,北屯區,0,1,0,8,3,5,30,14,9,1,5,4,5,7,4,4,1,4,5,2,13,16,2,9,1,1,C03,7,9,1,10,2,11,,16,16,1,5,8,C03,120.669272,24.200657,2
2022,1,4,18,39,臺中市,沙鹿區,0,1,0,8,3,5,50,4,1,1,5,4,5,7,3,1,10,5,5,2,16,6,2,9,1,1,C03,7,9,1,10,2,12,,6,6,1,9,5,C03,120.568055,24.239722,2
2022,1,4,18,40,臺中市,大雅區,0,0,0,8,,,30,,,,,,,,,,,,,,,12,,,,,B12,,,1,,2,,,12,12,1,22,,B12,120.66725,24.2091,3
2022,1,4,18,41,臺中市,西屯區,0,1,0,8,3,5,50,3,1,1,5,4,5,7,4,4,2,5,5,2,23,42,2,1,3,4,B03,7,9,1,8,2,1,,42,42,1,22,8,B03,120.618326,24.174598,2
2022,1,4,18,47,臺中市,豐原區,0,0,0,8,,,50,,,,,,,,,,,,,,,7,,,,,B03,,,1,,2,,,7,7,1,22,,B03,120.712411,24.255398,3
2022,1,4,18,50,臺中市,大安區,0,0,0,8,,,50,,,,,,,,,,,,,,,17,,,,,B03,,,1,,2,,,17,17,1,22,,B03,120.597575,24.352228,3
2022,1,4,18,51,臺中市,后里區,0,1,0,8,3,5,40,4,2,1,5,4,5,7,4,4,9,5,5,1,3,23,3,10,1,1,B03,7,9,6,18,2,1,,23,23,1,22,8,B03,120.714395,24.305562,2
2022,1,4,19,4,臺中市,神岡區,0,0,0,8,,,50,,,,,,,,,,,,,,,44,,,,,B03,,,1,,2,,,44,44,1,22,,B03,120.696714,24.255331,3
2022,1,4,19,6,臺中市,南屯區,0,0,0,8,,,50,,,,,,,,,,,,,,,42,,,,,B03,,,1,,1,,,42,42,1,4,,B03,120.645739,24.139834,3
2022,1,4,19,6,臺中市,南屯區,0,0,0,,,,50,,,,,,,,,,,,,,,23,,,,,B03,,,1,,1,,,23,23,1,22,,B03,120.646391,24.150794,3
2022,1,4,19,9,臺中市,中區,0,1,0,8,3,5,50,14,9,1,5,4,5,7,4,4,10,4,5,2,17,19,3,10,1,1,B03,7,1,1,8,2,8,,19,19,1,21,8,B03,120.67851,24.140717,2
2022,1,4,19,15,臺中市,東區,0,0,0,8,,,50,,,,,,,,,,,,,,,23,,,,,B03,,,1,,2,,,23,23,1,6,,B03,120.708283,24.149138,3
2022,1,4,19,15,臺中市,北屯區,0,0,0,8,,,50,,,,,,,,,,,,,,,23,,,,,B03,,,1,,2,,,23,23,1,22,,B03,120.721072,24.174065,3
2022,1,4,19,17,臺中市,北屯區,0,1,0,8,3,5,50,4,1,1,5,4,5,7,1,3,10,5,5,2,15,6,3,10,1,1,B03,7,9,1,8,2,1,,6,6,1,22,8,B03,120.692453,24.196605,2
2022,1,4,19,19,臺中市,西區,0,1,0,8,3,5,50,4,2,1,5,4,5,7,1,1,1,4,5,2,12,42,3,10,1,1,C03,7,9,1,10,2,14,,42,42,1,5,8,C03,120.659583,24.156793,2
2022,1,4,19,21,臺中市,西區,0,0,0,8,,,40,,,,,,,,,,,,,,,23,,,,,B03,,,1,,10,,,44,44,1,22,,B03,120.672733,24.146967,3
2022,1,4,19,25,臺中市,北區,0,0,0,8,,,50,,,,,,,,,,,,,,,6,,,,,C03,,,1,,2,,,6,6,1,22,,C03,120.685302,24.152818,3
2022,1,4,19,25,臺中市,西屯區,0,0,0,8,,,40,,,,,,,,,,,,,,,23,,,,,B03,,,1,,1,,,23,23,1,22,,B03,120.634613,24.175696,3
2022,1,4,19,34,臺中市,西屯區,0,0,0,8,,,40,,,,,,,,,,,,,,,43,,,,,B03,,,1,,11,,,43,43,1,22,,B03,120.652055,24.174386,3
2022,1,4,19,40,臺中市,西區,0,0,0,8,,,50,,,,,,,,,,,,,,,18,,,,,B03,,,1,,1,,,18,18,1,5,,B03,120.65525,24.146224,3
2022,1,4,19,40,臺中市,北屯區,0,1,0,8,3,5,50,4,1,1,5,4,5,7,2,1,10,5,5,2,16,8,3,10,1,1,B03,7,5,1,8,2,5,,8,8,1,19,8,B03,120.65774,24.188475,2
2022,1,4,19,42,臺中市,北屯區,0,0,0,8,,,50,,,,,,,,,,,,,,,23,,,,,B03,,,1,,1,,,23,23,1,22,,B03,120.680522,24.175012,3
2022,1,4,19,44,臺中市,豐原區,0,2,0,8,1,5,50,14,9,1,5,4,5,7,4,4,1,4,5,1,17,23,2,9,3,4,C03,7,9,1,10,2,13,,23,23,1,22,9,C03,120.750868,24.270187,2
2022,1,4,19,55,臺中市,西屯區,0,2,0,8,3,5,40,14,8,1,5,4,5,7,4,4,1,4,1,2,12,7,2,9,3,4,C03,7,7,1,10,2,14,,7,7,1,22,8,C03,120.645636,24.164583,2
2022,1,4,19,58,臺中市,北區,0,2,0,8,3,5,50,14,9,1,5,4,5,7,4,4,9,5,5,2,16,1,2,9,1,1,C03,7,4,1,10,2,11,,1,1,1,21,8,C03,120.682416,24.159475,2
2022,1,4,19,58,臺中市,大里區,0,0,0,8,,,50,,,,,,,,,,,,,,,23,,,,,F01,,,8,,2,,,23,23,1,22,,F01,120.689616,24.11367,4
2022,1,4,20,10,臺中市,北屯區,0,1,0,8,1,8,50,4,9,1,5,4,5,7,4,4,5,5,4,2,16,23,3,10,1,1,B03,7,5,1,8,2,8,,23,23,1,22,8,B03,120.690829,24.178997,2
2022,1,4,20,10,臺中市,太平區,0,1,0,8,1,5,30,14,9,1,5,4,5,7,4,4,5,5,5,2,18,60,,,,,,,,,,,,,60,60,1,,,,120.716991,24.120367,2
2022,1,4,20,11,臺中市,南屯區,0,0,0,8,,,50,,,,,,,,,,,,,,,42,,,,,B03,,,1,,1,,,42,42,1,22,,B03,120.649823,24.14911,3
2022,1,4,20,17,臺中市,南區,0,3,0,8,3,5,50,4,1,1,5,4,5,7,2,1,10,5,5,2,16,26,2,9,1,1,C03,7,5,3,18,2,11,,26,26,1,22,8,C03,120.657454,24.129632,2
2022,1,4,20,20,臺中市,西區,0,2,0,8,3,5,50,3,1,1,5,4,5,7,4,4,9,5,5,2,16,27,2,9,1,1,C03,7,5,1,10,2,14,,27,27,1,21,8,C03,120.659051,24.15152,2
2022,1,4,20,22,臺中市,霧峰區,0,0,0,,,,50,,,,,,,,,,,,,,,42,,,,,B12,,,1,,2,,,42,42,1,22,,B12,120.697126,24.063681,3
2022,1,4,20,23,臺中市,北屯區,0,0,0,8,,,50,,,,,,,,,,,,,,,23,,,,,C03,,,1,,1,,,23,23,1,22,,C03,120.684098,24.171591,3
2022,1,4,20,28,臺中市,太平區,0,1,0,8,3,5,50,14,9,1,5,4,5,7,4,4,5,5,5,1,16,19,3,10,1,1,B03,7,1,1,8,2,8,,19,19,1,21,8,B03,120.721764,24.134256,2
2022,1,4,20,43,臺中市,北屯區,0,1,0,8,3,5,50,3,1,1,5,4,5,7,4,4,1,4,5,2,12,9,3,10,1,1,B03,7,6,1,8,2,2,,9,9,1,19,8,B03,120.699143,24.182785,2
2022,1,4,20,51,臺中市,北屯區,0,2,0,8,3,5,50,4,1,1,5,4,5,7,1,1,10,5,5,2,16,23,2,9,1,1,C03,7,9,1,10,2,11,,23,23,1,22,8,C03,120.720724,24.172608,2
2022,1,4,21,1,臺中市,南屯區,0,0,0,8,3,5,40,14,9,1,5,4,1,7,4,4,1,4,5,2,26,33,3,10,1,1,A41,7,9,1,1,2,2,,33,33,1,22,8,A41,120.605927,24.148975,3
2022,1,4,21,6,臺中市,西區,0,1,0,8,3,5,50,4,1,1,5,4,5,7,1,1,5,5,5,2,12,6,3,10,3,4,B03,7,6,1,8,2,2,,6,6,1,21,8,B03,120.652997,24.146726,2
2022,1,4,21,8,臺中市,北屯區,0,0,0,8,,,50,,,,,,,,,,,,,,,16,,,,,C03,,,1,,2,,,16,16,1,22,,C03,120.691458,24.170266,3
2022,1,4,21,11,臺中市,烏日區,0,1,0,8,3,5,60,4,1,1,5,4,5,7,1,1,10,5,5,2,16,9,3,10,1,1,B03,7,6,1,8,2,6,,9,9,1,18,8,B03,120.64668,24.11003,2
2022,1,4,21,13,臺中市,豐原區,0,3,0,8,3,5,50,3,1,1,5,4,5,7,3,1,10,5,5,2,16,6,2,9,3,4,C03,7,11,3,18,2,12,,6,6,1,22,8,C03,120.739883,24.256911,2
2022,1,4,21,42,臺中市,北屯區,0,2,0,8,3,5,50,14,7,1,5,4,5,7,1,1,5,2,4,2,13,13,2,9,1,1,C03,7,9,4,10,2,11,,44,13,1,21,8,C03,120.699599,24.1648,2
2022,1,4,21,42,臺中市,西屯區,0,1,0,8,3,5,50,4,1,1,5,4,5,7,1,1,10,5,5,2,11,6,3,10,1,1,B01,7,5,1,8,1,8,,6,6,1,22,8,B01,120.643518,24.165748,2
2022,1,4,21,42,臺中市,梧棲區,0,1,0,8,3,5,50,4,1,1,5,4,5,7,1,1,10,5,5,2,3,51,2,8,4,5,H01,8,16,8,20,10,16,,51,51,1,20,8,H01,120.52115,24.228363,2
2022,1,4,21,54,臺中市,南屯區,0,0,0,8,3,5,50,4,1,1,5,4,5,7,1,1,5,2,5,2,16,9,3,10,1,1,B03,7,6,1,8,2,5,,9,9,1,22,8,B03,120.646536,24.134684,3
2022,1,4,22,14,臺中市,大里區,0,0,0,8,,,60,,,,,,,,,,,,,,,16,,,,,B03,,,1,,2,,,16,16,1,22,,B03,120.680902,24.10463,3
2022,1,4,22,20,臺中市,豐原區,0,0,0,,,,60,,,,,,,,,,,,,,,23,,,,,C03,,,1,,2,,,23,23,1,22,,C03,120.713897,24.237058,3
2022,1,4,22,26,臺中市,豐原區,0,1,0,8,3,5,30,14,9,1,5,4,5,7,4,4,10,5,5,2,27,23,2,9,3,4,F03,7,9,8,20,2,16,,23,23,1,22,9,F03,120.715138,24.269975,2
2022,1,4,22,40,臺中市,西屯區,0,2,0,8,3,5,50,3,2,1,5,4,5,7,2,1,1,3,4,1,13,23,2,9,1,1,C03,7,9,1,10,2,11,,23,23,1,22,8,C03,120.645191,24.162759,2
2022,1,4,22,40,臺中市,西屯區,0,1,0,8,3,5,50,4,1,1,5,4,5,7,4,4,5,5,4,2,16,43,2,9,3,4,C03,7,9,3,18,2,11,,43,43,1,22,8,C03,120.642934,24.160235,2
2022,1,4,22,53,臺中市,南屯區,0,0,0,8,,,50,,,,,,,,,,,,,,,60,,,,,B03,,,1,,2,,,60,60,1,22,,B03,120.643878,24.130208,3
2022,1,4,22,59,臺中市,西屯區,0,1,0,8,3,5,50,14,7,1,5,4,5,7,4,4,5,5,4,2,16,10,3,10,1,1,B03,7,11,1,8,2,5,,10,10,1,22,8,B03,120.6646,24.166894,2
2022,1,4,23,0,臺中市,西區,0,3,0,8,3,5,30,4,1,1,5,4,5,7,4,4,10,5,5,2,15,6,2,7,1,1,C03,7,9,1,10,2,12,,6,6,1,21,8,C03,120.671595,24.146611,2
2022,1,4,23,2,臺中市,南屯區,0,0,0,8,3,5,50,4,1,1,5,4,5,7,1,1,10,5,5,2,16,6,3,10,1,1,B03,7,5,1,8,1,1,,6,6,1,22,8,B03,120.643821,24.15108,3
2022,1,5,1,31,臺中市,北區,0,1,0,8,3,5,50,4,1,1,5,4,5,7,3,1,4,1,4,2,12,26,2,9,1,1,C03,7,5,1,9,2,12,,26,26,1,5,8,C03,120.665407,24.160364,2
2022,1,5,2,16,臺中市,沙鹿區,0,0,0,8,,,40,,,,,,,,,,,,,,,42,,,,,B03,,,1,,2,,,42,42,1,5,,B03,120.572174,24.204663,3
2022,1,5,4,15,臺中市,北區,0,2,0,8,3,5,50,4,1,1,5,4,5,7,3,1,10,5,5,2,15,6,2,9,1,1,C05,7,9,3,18,11,14,,6,6,2,22,8,C05,120.670508,24.16044,2
2022,1,5,4,18,臺中市,北屯區,0,0,0,8,,,50,,,,,,,,,,,,,,,23,,,,,B03,,,1,,9,,,23,23,1,21,,B03,120.669572,24.186575,3
2022,1,5,4,39,臺中市,豐原區,0,0,0,8,,,30,,,,,,,,,,,,,,,12,,,,,B12,,,1,,2,,,12,12,1,22,,B12,120.716347,24.248505,3
2022,1,5,5,28,臺中市,西屯區,0,1,0,8,2,5,30,3,1,1,5,4,5,7,4,4,10,5,5,2,16,6,3,10,1,1,B03,7,6,1,8,2,1,,6,6,1,21,1,B03,120.63703,24.182457,2
2022,1,5,5,51,臺中市,西屯區,0,0,0,8,1,5,50,14,9,1,5,4,5,7,2,1,5,4,5,2,13,23,,,1,1,B03,7,,1,8,1,,,23,23,1,22,8,B03,120.61078,24.191188,3
2022,1,5,6,51,臺中市,南區,0,2,0,8,1,5,50,4,2,1,5,4,5,7,2,1,1,4,5,2,12,17,2,8,1,1,C03,7,9,1,10,2,12,,17,17,1,22,8,C03,120.679397,24.11955,2
2022,1,5,6,52,臺中市,清水區,0,1,0,8,2,5,40,14,22,1,5,4,5,7,4,4,1,3,4,1,24,23,2,3,1,1,C03,7,9,1,10,2,11,,23,23,1,21,9,C03,120.604588,24.314269,2
2022,1,5,6,55,臺中市,大雅區,0,0,0,8,,,50,,,,,,,,,,,,,,,23,,,,,B12,,,1,,2,,,23,23,1,22,,B12,120.64796,24.22293,3
2022,1,5,6,55,臺中市,大雅區,0,0,0,8,,,30,,,,,,,,,,,,,,,12,,,,,B12,,,1,,2,,,12,12,1,22,,B12,120.643325,24.208926,3
2022,1,5,6,55,臺中市,清水區,0,1,0,8,1,5,30,14,9,1,5,4,5,7,4,4,10,5,5,2,15,6,3,10,1,1,B03,7,9,1,8,2,2,,6,6,1,5,1,B03,120.56399,24.258036,2
2022,1,5,7,2,臺中市,西屯區,0,1,0,8,1,5,50,3,1,1,5,4,5,7,1,1,1,4,5,2,16,26,2,9,3,4,C03,7,5,1,10,2,14,,26,26,1,22,8,C03,120.617175,24.174191,2
2022,1,5,7,3,臺中市,西屯區,0,0,0,8,,,50,,,,,,,,,,,,,,,9,,,,,B03,,,1,,2,,,9,9,1,1,,B03,120.656975,24.20071,3
2022,1,5,7,6,臺中市,北屯區,0,0,0,8,,,50,,,,,,,,,,,,,,,16,,,,,B03,,,1,,1,,,16,16,1,18,,B03,120.738145,24.178367,3
2022,1,5,7,14,臺中市,太平區,0,1,0,8,1,5,50,3,1,1,5,4,5,7,3,1,5,5,4,1,16,6,2,9,1,1,C03,7,9,1,10,2,14,,23,6,1,21,8,C03,120.729962,24.109779,2
2022,1,5,7,18,臺中市,北屯區,0,1,0,8,1,5,50,3,1,1,5,4,5,7,1,1,10,5,5,2,16,8,2,9,3,4,C03,7,5,1,10,2,14,,8,8,1,21,8,C03,120.67846,24.200818,2
2022,1,5,7,25,臺中市,北屯區,0,0,0,8,,,50,,,,,,,,,,,,,,,23,,,,,B12,,,1,,2,,,23,23,1,21,,B12,120.694251,24.166085,3