年,月,日,時,分,縣市,區,死,受傷,2-30,天候,光線,道路類別,速限,道路型態,事故位置,路面鋪裝,路面狀態,路面缺陷,障礙物,視距,號誌種類,號誌動作,分向設施,快車道或一般車道間,快慢車道間,路面邊線,事故類型及型態,主要肇因,受傷程度,主要傷處,保護裝備,行動電話,當事者區分,車輛用途,當事者行動狀態,駕駛資格情形,駕駛執照種類,飲酒情形,車輛撞擊部位最初,車輛撞擊部位其他,肇事因素個別,肇事因素主要,肇事逃逸,職業,旅次目的,車種,GPS緯度,GPS經度,事故類別
2022,1,6,16,15,臺中市,西區,0,1,0,6,1,5,50,4,1,1,3,4,5,7,4,4,10,5,5,2,18,23,2,9,1,1,C03,7,9,1,10,2,12,,23,23,1,22,9,C03,120.667898,24.142827,2
2022,1,6,16,17,臺中市,西屯區,0,1,0,6,1,5,50,14,9,1,4,4,5,7,4,4,9,5,5,2,17,4,3,10,1,1,B12,7,7,1,8,2,8,,4,4,1,22,8,B12,120.664985,24.174205,2
2022,1,6,16,17,臺中市,龍井區,0,0,0,8,,,30,,,,,,,,,,,,,,,6,,,,,B12,,,1,,2,,,6,6,1,21,,B12,120.51394,24.213931,3
2022,1,6,16,18,臺中市,豐原區,0,0,0,6,,,50,,,,,,,,,,,,,,,16,,,,,B03,,,1,,2,,,16,16,1,22,,B03,120.709628,24.248848,3
2022,1,6,16,20,臺中市,北區,0,0,0,8,,,40,,,,,,,,,,,,,,,60,,,,,,,,,,,,,60,60,1,,,,120.675881,24.155963,3
2022,1,6,16,21,臺中市,北區,0,1,0,6,2,5,50,3,1,1,4,4,5,7,4,4,10,5,5,2,18,23,2,9,1,1,C03,7,9,1,10,2,12,,23,23,1,22,8,C03,120.677066,24.159113,2
2022,1,6,16,23,臺中市,中區,0,1,0,8,1,5,50,14,8,1,5,4,5,7,1,1,5,5,4,2,16,7,3,10,1,1,B03,7,8,1,8,2,2,,7,7,1,21,8,B03,120.68384,24.141636,2
2022,1,6,16,23,臺中市,北區,0,0,0,6,,,50,,,,,,,,,,,,,,,19,,,,,B03,,,1,,2,,,19,19,1,22,,B03,120.677089,24.15886,3
2022,1,6,16,28,臺中市,北屯區,0,0,0,8,,,40,,,,,,,,,,,,,,,12,,,,,B12,,,1,,1,,,12,12,1,5,,B12,120.67366,24.190003,3
2022,1,6,16,29,臺中市,太平區,0,1,0,6,1,5,50,14,8,1,4,4,5,7,4,4,5,5,4,1,16,26,3,10,3,4,B03,7,11,1,8,2,5,,26,26,1,9,8,B03,120.729234,24.150069,2
2022,1,6,16,33,臺中市,北屯區,0,0,0,6,,,30,,,,,,,,,,,,,,,23,,,,,B03,,,1,,,,,23,23,1,4,,B03,120.689105,24.201903,3
2022,1,6,16,39,臺中市,北屯區,0,0,0,6,,,50,,,,,,,,,,,,,,,23,,,,,B12,,,1,,2,,,23,23,1,21,,B12,120.704076,24.164666,3
2022,1,6,16,39,臺中市,清水區,0,0,0,8,,,40,,,,,,,,,,,,,,,12,,,,,B03,,,1,,2,,,12,12,1,22,,B03,120.553548,24.260715,3
2022,1,6,16,40,臺中市,南屯區,0,1,0,6,1,5,50,14,9,1,4,4,5,7,4,4,5,4,5,2,17,12,3,10,1,1,B03,7,2,1,8,2,3,,12,12,1,22,8,B03,120.646666,24.150372,2
2022,1,6,16,42,臺中市,西屯區,0,1,0,8,1,5,50,3,1,1,5,4,5,7,1,1,10,5,5,2,16,26,3,10,1,1,B03,7,6,1,8,2,2,,26,26,1,4,8,B03,120.654146,24.168063,2
2022,1,6,16,58,臺中市,大里區,0,1,0,7,1,5,50,4,9,1,4,4,5,7,1,1,5,2,5,2,18,23,2,9,1,1,C03,7,9,1,10,2,12,,23,23,1,5,8,C03,120.674642,24.114975,2
2022,1,6,17,5,臺中市,西區,0,1,0,7,1,5,50,4,1,1,5,4,5,7,1,1,10,5,5,2,13,23,3,10,1,1,B03,7,9,1,8,2,1,,23,23,1,4,5,B03,120.670447,24.133673,2
2022,1,6,17,6,臺中市,西區,0,0,0,6,,,50,,,,,,,,,,,,,,,12,,,,,B03,,,1,,1,,,12,12,1,21,,B03,120.667898,24.142827,3
2022,1,6,17,8,臺中市,沙鹿區,0,1,0,6,3,5,40,14,13,1,4,4,5,7,4,4,1,4,4,1,18,23,2,8,1,1,C03,7,9,1,10,2,12,,23,23,1,21,8,C03,120.59885,24.250033,2
2022,1,6,17,11,臺中市,西區,0,1,0,6,3,5,50,14,9,1,4,4,5,7,4,4,5,4,5,2,13,43,,,,,,,,,,,,,43,43,2,,,,120.678502,24.139081,2
2022,1,6,17,11,臺中市,南屯區,0,0,0,,,,50,,,,,,,,,,,,,,,17,,,,,B03,,,1,,2,,,17,17,1,4,,B03,120.652991,24.14384,3
2022,1,6,17,14,臺中市,北屯區,0,0,0,8,,,50,,,,,,,,,,,,,,,23,,,,,B12,,,1,,1,,,23,23,1,5,,B12,120.673675,24.190041,3
2022,1,6,17,16,臺中市,東勢區,0,0,0,6,,,50,,,,,,,,,,,,,,,23,,,,,B12,,,1,,2,,,23,23,1,22,,B12,120.79225,24.219465,3
2022,1,6,17,18,臺中市,豐原區,0,0,0,6,,,50,,,,,,,,,,,,,,,23,,,,,B03,,,1,,2,,,23,23,1,22,,B03,120.728049,24.276413,3
2022,1,6,17,19,臺中市,西屯區,0,0,0,8,,,30,,,,,,,,,,,,,,,43,,,,,B03,,,1,,11,,,43,43,1,22,,B03,120.653118,24.161469,3
2022,1,6,17,21,臺中市,西屯區,0,0,0,6,,,50,,,,,,,,,,,,,,,7,,,,,C03,,,1,,1,,,7,7,1,22,,C03,120.660754,24.172125,3
2022,1,6,17,25,臺中市,西區,0,1,0,6,3,5,50,3,1,1,4,4,5,7,1,1,10,5,5,2,17,9,3,10,1,1,B03,7,6,1,8,2,2,,9,9,1,4,1,B03,120.674368,24.137228,2
2022,1,6,17,26,臺中市,大雅區,0,1,0,6,3,5,50,3,1,1,4,4,5,7,1,1,5,5,5,1,17,23,2,9,1,1,C03,7,9,1,10,2,11,,23,23,1,21,8,C03,120.647794,24.216355,2
2022,1,6,17,26,臺中市,太平區,0,0,0,6,,,50,,,,,,,,,,,,,,,12,,,,,B03,,,1,,2,,,12,12,1,9,,B03,120.718186,24.115804,3
2022,1,6,17,29,臺中市,霧峰區,0,1,0,8,3,5,50,14,9,1,5,4,5,7,1,1,5,5,5,1,17,19,3,10,1,1,C03,7,1,1,10,2,14,,19,19,1,21,9,C03,120.715626,24.072726,2
2022,1,6,17,30,臺中市,神岡區,0,1,0,6,3,5,50,14,9,1,4,4,5,7,4,4,1,4,4,2,17,6,3,10,1,1,B03,7,6,1,8,2,5,,6,6,1,12,8,B03,120.70488,24.278462,2
2022,1,6,17,33,臺中市,西區,0,0,0,6,,,50,,,,,,,,,,,,,,,26,,,,,C03,,,4,,1,,,26,26,1,19,,C03,120.661382,24.146645,4
2022,1,6,17,33,臺中市,北屯區,0,1,0,6,1,5,50,4,1,1,4,4,5,7,1,1,10,5,5,2,16,6,2,9,1,1,C04,7,5,1,10,2,12,,6,6,1,5,8,C04,120.69357,24.189643,2
2022,1,6,17,33,臺中市,新社區,0,0,0,6,,,30,,,,,,,,,,,,,,,6,,,,,B12,,,1,,2,,,6,6,1,22,,B12,120.79786,24.225626,3
2022,1,6,17,35,臺中市,西屯區,0,1,0,6,3,5,50,14,8,1,4,4,5,7,1,1,1,4,1,2,13,16,3,10,3,4,C03,7,9,3,18,2,11,,16,16,1,22,8,C03,120.646728,24.195571,2
2022,1,6,17,35,臺中市,豐原區,0,1,0,6,3,5,50,4,1,1,4,4,5,7,2,1,10,5,5,2,3,42,3,10,3,4,B03,7,5,1,8,2,8,,42,42,1,22,8,B03,120.72313,24.254444,2
2022,1,6,17,36,臺中市,北屯區,0,0,0,6,,,50,,,,,,,,,,,,,,,19,,,,,B03,,,1,,9,,,19,19,2,21,,B03,120.685748,24.176888,3
2022,1,6,17,37,臺中市,豐原區,0,1,0,6,3,5,50,4,2,1,4,4,5,7,3,1,8,3,4,1,9,23,3,10,3,4,C03,7,9,1,10,2,11,,23,23,1,22,8,C03,120.730263,24.248122,2
2022,1,6,17,39,臺中市,北區,0,1,0,6,3,5,50,14,9,1,4,4,5,7,4,4,9,4,5,2,16,6,3,10,1,1,B03,7,5,1,8,2,6,,6,6,1,22,8,B03,120.702404,24.159594,2
2022,1,6,17,39,臺中市,西屯區,0,0,0,6,,,50,,,,,,,,,,,,,,,23,,,,,B03,,,1,,1,,,23,23,1,22,,B03,120.65534,24.200184,3
2022,1,6,17,40,臺中市,潭子區,0,1,0,6,3,5,60,3,2,1,4,4,5,7,1,1,1,4,4,1,13,23,3,10,1,1,C03,7,9,1,10,2,11,,23,23,1,22,9,C03,120.708389,24.228737,2
2022,1,6,17,41,臺中市,太平區,0,2,0,7,3,5,50,3,1,1,4,4,5,7,4,4,10,5,5,2,16,6,2,9,3,4,C03,7,9,1,10,2,11,,13,6,1,18,8,C03,120.712113,24.149947,2
2022,1,6,17,43,臺中市,西屯區,0,0,0,8,,,30,,,,,,,,,,,,,,,23,,,,,C03,,,1,,2,,,23,23,1,22,,C03,120.647763,24.158293,3
2022,1,6,17,45,臺中市,北區,0,2,0,6,1,5,50,4,1,1,4,4,5,7,4,4,10,5,5,2,15,6,2,8,1,1,C03,7,9,4,8,2,11,,6,6,1,22,8,C03,120.667551,24.16562,2
2022,1,6,17,45,臺中市,沙鹿區,0,0,0,,,,40,,,,,,,,,,,,,,,17,,,,,C03,,,1,,2,,,17,17,1,18,,C03,120.566837,24.252197,3
2022,1,6,17,45,臺中市,后里區,0,0,0,6,,,30,,,,,,,,,,,,,,,23,,,,,C01,,,1,,2,,,23,23,1,9,,C01,120.728688,24.314238,3
2022,1,6,17,46,臺中市,西區,0,1,0,6,3,5,50,3,1,1,4,4,5,7,4,4,10,5,5,2,16,6,2,8,1,1,C03,7,5,1,10,2,11,,6,6,1,5,8,C03,120.669048,24.139335,2
2022,1,6,17,48,臺中市,北區,0,0,0,6,,,50,,,,,,,,,,,,,,,6,,,,,B03,,,1,,2,,,6,6,1,22,,B03,120.686466,24.147912,3
2022,1,6,17,50,臺中市,西區,0,0,0,6,,,50,,,,,,,,,,,,,,,16,,,,,B03,,,1,,1,,,16,16,1,4,,B03,120.661643,24.136236,3
2022,1,6,17,50,臺中市,西區,0,1,0,7,3,5,50,4,1,1,4,4,5,7,1,1,10,5,5,2,17,10,3,10,1,1,B01,7,11,1,4,2,3,,10,10,1,10,4,B01,120.663096,24.146699,2
2022,1,6,17,50,臺中市,西屯區,0,0,0,8,,,50,,,,,,,,,,,,,,,16,,,,,B03,,,1,,2,,,16,16,1,4,,B03,120.646954,24.195734,3
2022,1,6,17,50,臺中市,大甲區,0,1,0,6,1,5,50,14,9,1,4,4,5,7,4,4,10,5,5,2,29,17,2,9,1,1,C03,7,9,1,10,2,12,,17,17,1,4,1,C03,120.631386,24.324044,2
2022,1,6,17,51,臺中市,西屯區,0,0,0,8,,,30,,,,,,,,,,,,,,,16,,,,,C03,,,1,,1,,,16,16,1,22,,C03,120.649858,24.182987,3
2022,1,6,17,53,臺中市,南區,0,0,0,6,,,50,,,,,,,,,,,,,,,12,,,,,B03,,,1,,2,,,12,12,1,22,,B03,120.659533,24.116266,3
2022,1,6,17,54,臺中市,豐原區,0,1,0,6,3,5,50,3,1,1,4,4,5,7,1,1,10,5,5,2,17,7,3,10,3,4,B03,7,8,1,8,2,5,,7,7,1,22,8,B03,120.713713,24.243716,2
2022,1,6,17,55,臺中市,西屯區,0,0,0,6,,,50,,,,,,,,,,,,,,,16,,,,,C03,,,1,,1,,,16,16,1,22,,C03,120.633484,24.169912,3
2022,1,6,17,58,臺中市,潭子區,0,0,0,6,3,5,60,14,7,1,4,4,5,7,4,4,1,4,4,1,12,7,,,,,B12,,,1,,2,,,7,7,1,22,,B12,120.709827,24.234901,3
2022,1,6,18,0,臺中市,西屯區,0,2,0,8,1,5,50,3,1,1,5,4,5,7,1,1,10,5,5,2,18,23,2,9,1,1,C03,7,5,1,10,2,14,,23,23,1,4,8,C03,120.65419,24.168025,2
2022,1,6,18,2,臺中市,北區,0,0,0,6,,,50,,,,,,,,,,,,,,,23,,,,,B03,,,1,,2,,,23,23,2,22,,B03,120.665437,24.161498,3
2022,1,6,18,8,臺中市,南屯區,0,1,0,6,1,5,50,14,7,1,4,4,5,7,4,4,1,2,4,2,13,16,2,9,1,1,C03,7,9,1,10,2,11,,16,16,1,22,8,C03,120.632998,24.150667,2
2022,1,6,18,10,臺中市,東勢區,0,0,0,6,,,50,,,,,,,,,,,,,,,12,,,,,B03,,,1,,2,,,12,12,1,22,,B03,120.827547,24.258613,3
2022,1,6,18,10,臺中市,神岡區,0,1,0,6,3,5,30,4,1,1,4,4,5,7,4,4,10,5,5,2,17,16,2,9,1,1,C03,7,9,1,10,2,11,,16,16,1,12,8,C03,120.700219,24.266983,2
2022,1,6,18,11,臺中市,后里區,0,0,0,6,3,5,60,4,1,1,5,4,5,6,2,1,10,5,5,2,14,12,,,,,B03,,,1,,2,,,12,12,1,5,,B03,120.722561,24.309066,3
2022,1,6,18,15,臺中市,西屯區,0,0,0,8,,,40,,,,,,,,,,,,,,,12,,,,,B03,,,1,,1,,,12,12,1,22,,B03,120.636955,24.163608,3
2022,1,6,18,17,臺中市,北區,0,1,0,6,3,5,50,4,1,1,4,4,5,7,1,1,10,5,5,2,3,15,3,10,1,1,B03,7,5,1,8,2,1,,15,15,1,22,8,B03,120.667939,24.162852,2
2022,1,6,18,18,臺中市,西屯區,0,0,0,8,,,50,,,,,,,,,,,,,,,42,,,,,B02,,,1,,1,,,42,42,1,22,,B02,120.649018,24.161562,3
2022,1,6,18,19,臺中市,大雅區,0,0,0,6,,,50,,,,,,,,,,,,,,,17,,,,,A41,,,1,,2,,,17,17,1,22,,A41,120.644819,24.226272,3
2022,1,6,18,19,臺中市,西區,0,0,0,6,,,40,,,,,,,,,,,,,,,16,,,,,C03,,,1,,1,,,16,16,1,21,,C03,120.65702,24.153177,3
2022,1,6,18,19,臺中市,梧棲區,0,0,0,6,3,5,40,3,2,1,4,4,5,7,4,4,8,3,4,1,13,23,3,10,1,1,B03,7,9,1,8,4,1,,23,23,1,21,8,B03,120.543396,24.243502,3
2022,1,6,18,21,臺中市,西屯區,0,1,0,6,3,5,40,3,1,1,4,4,5,7,1,1,10,5,5,2,16,6,3,10,3,4,B03,7,6,1,8,2,5,,6,6,1,22,8,B03,120.619566,24.180665,2
2022,1,6,18,22,臺中市,西屯區,0,1,0,6,3,5,50,14,7,1,4,4,5,7,4,4,9,5,4,2,12,23,3,10,1,1,B03,7,9,1,8,2,2,,23,23,1,22,8,B03,120.664846,24.166636,2
2022,1,6,18,22,臺中市,太平區,0,0,0,6,,,80,,,,,,,,,,,,,,,16,,,,,B03,,,1,,2,,,16,16,1,9,,B03,120.71738,24.15658,3
2022,1,6,18,23,臺中市,豐原區,0,0,0,6,,,40,,,,,,,,,,,,,,,6,,,,,B03,,,1,,2,,,6,6,1,22,,B03,120.720421,24.262391,3
2022,1,6,18,24,臺中市,南區,0,0,0,8,,,50,,,,,,,,,,,,,,,17,,,,,A02,,,1,,2,,,17,17,1,10,,A02,120.656971,24.134011,3
2022,1,6,18,24,臺中市,北屯區,0,1,0,6,3,5,50,4,1,1,4,4,5,7,1,1,10,5,5,2,18,43,2,9,1,1,C03,7,9,1,10,2,15,,43,43,1,22,8,C03,120.702974,24.1696,2
2022,1,6,18,25,臺中市,北屯區,0,0,0,8,,,50,,,,,,,,,,,,,,,16,,,,,B12,,,1,,1,,,16,16,1,5,,B12,120.69404,24.171551,3
2022,1,6,18,26,臺中市,北屯區,0,0,0,8,,,50,,,,,,,,,,,,,,,16,,,,,B03,,,1,,1,,,16,16,1,4,,B03,120.728076,24.176721,3
2022,1,6,18,26,臺中市,西屯區,0,0,0,6,,,80,,,,,,,,,,,,,,,23,,,,,B03,,,1,,1,,,23,23,1,22,,B03,120.647746,24.195915,3
2022,1,6,18,27,臺中市,北屯區,0,0,0,6,,,80,,,,,,,,,,,,,,,43,,,,,B03,,,1,,1,,,43,43,1,21,,B03,120.722315,24.187407,3
2022,1,6,18,29,臺中市,西屯區,0,0,0,8,,,40,,,,,,,,,,,,,,,44,,,,,C03,,,1,,1,,,44,44,1,19,,C03,120.62003,24.184085,3
2022,1,6,18,30,臺中市,大雅區,0,0,0,6,,,30,,,,,,,,,,,,,,,12,,,,,B03,,,1,,2,,,12,12,1,22,,B03,120.649521,24.228592,3
2022,1,6,18,30,臺中市,北屯區,0,0,0,6,,,80,,,,,,,,,,,,,,,23,,,,,B03,,,1,,1,,,23,23,1,21,,B03,120.722431,24.189147,3
2022,1,6,18,30,臺中市,北屯區,0,0,0,8,,,50,,,,,,,,,,,,,,,23,,,,,B03,,,1,,1,,,23,23,1,22,,B03,120.686102,24.180218,3
2022,1,6,18,32,臺中市,北區,0,0,0,8,,,50,,,,,,,,,,,,,,,23,,,,,A02,,,1,,1,,,23,23,1,10,,A02,120.685169,24.166985,3
2022,1,6,18,32,臺中市,西屯區,0,1,0,6,3,5,50,14,9,1,4,4,5,7,4,4,1,4,5,2,17,23,2,9,3,4,C03,7,9,1,10,2,14,,23,23,1,22,8,C03,120.642811,24.185028,2
2022,1,6,18,34,臺中市,后里區,0,3,0,6,3,5,50,14,18,1,4,4,5,5,4,4,10,5,5,2,3,15,2,9,1,1,C03,7,9,4,8,2,11,,15,15,1,22,8,C03,120.714996,24.306953,2
2022,1,6,18,35,臺中市,沙鹿區,0,1,0,6,3,5,50,3,7,1,4,4,5,7,4,4,1,4,4,2,3,53,2,9,4,5,H01,8,16,8,20,10,16,,53,53,1,20,8,H01,120.560101,24.238945,2
2022,1,6,18,36,臺中市,潭子區,0,1,0,6,3,5,60,3,7,1,4,4,5,7,2,1,1,2,4,1,13,23,2,8,1,1,B03,7,9,1,8,2,1,,23,23,1,22,9,B03,120.704478,24.204892,2
2022,1,6,18,36,臺中市,西屯區,0,0,0,8,,,40,,,,,,,,,,,,,,,42,,,,,C03,,,6,,2,,,42,42,1,22,,C03,120.668903,24.177632,3
2022,1,6,18,36,臺中市,西屯區,0,1,0,6,4,5,50,4,2,1,4,4,5,7,2,1,9,4,5,2,16,9,3,10,1,1,A02,7,6,1,2,2,2,,9,9,1,22,8,A02,120.656127,24.196341,2
2022,1,6,18,39,臺中市,大雅區,0,0,0,8,,,50,,,,,,,,,,,,,,,12,,,,,B03,,,1,,2,,,12,12,1,22,,B03,120.668818,24.236662,3
2022,1,6,18,39,臺中市,西區,0,1,0,6,3,5,50,4,1,1,4,4,5,7,1,1,10,5,5,2,17,6,3,10,3,4,B01,7,5,1,4,2,1,,6,6,1,5,5,B01,120.661677,24.137964,2
2022,1,6,18,40,臺中市,西區,0,1,0,6,3,5,50,4,1,1,4,4,5,7,1,1,10,5,5,2,18,42,2,9,1,1,C03,7,9,1,10,2,12,,42,42,1,4,5,C03,120.666888,24.153132,2
2022,1,6,18,40,臺中市,北屯區,0,0,0,8,,,40,,,,,,,,,,,,,,,23,,,,,B03,,,1,,1,,,23,23,1,4,,B03,120.66261,24.18658,3
2022,1,6,18,40,臺中市,清水區,0,1,0,6,3,5,30,14,9,1,4,4,5,7,4,4,10,5,5,1,16,6,3,10,1,1,B03,7,5,1,8,2,8,,6,6,1,5,1,B03,120.567155,24.281578,2
2022,1,6,18,40,臺中市,后里區,0,1,0,6,3,5,40,5,2,1,4,4,5,6,1,1,10,5,5,1,12,17,2,8,1,1,C03,7,10,1,10,2,12,,2,17,1,22,1,C03,120.709387,24.310799,2
2022,1,6,18,41,臺中市,西屯區,0,1,0,6,3,5,50,3,1,1,4,4,5,7,4,4,10,5,5,2,17,42,2,8,3,4,C03,7,9,1,10,2,15,,42,42,1,22,8,C03,120.589468,24.17517,2
2022,1,6,18,44,臺中市,西屯區,0,0,0,6,,,60,,,,,,,,,,,,,,,23,,,,,B03,,,1,,1,,,23,23,1,22,,B03,120.628606,24.163079,3
2022,1,6,18,45,臺中市,西屯區,0,1,0,6,3,5,50,3,1,1,4,4,5,7,1,1,10,5,5,2,18,42,2,9,1,1,C03,7,9,1,10,2,14,,42,42,1,22,8,C03,120.642462,24.185146,2
2022,1,6,18,46,臺中市,大雅區,0,2,0,6,3,5,30,14,9,1,4,4,5,7,4,4,10,5,5,1,2,23,2,9,1,1,C03,7,9,1,10,2,11,,23,23,1,21,8,C03,120.667278,24.239438,2
2022,1,6,18,47,臺中市,北屯區,0,1,0,8,3,5,50,4,1,1,5,4,5,7,1,1,10,5,5,2,15,25,3,10,1,1,B03,7,9,1,8,2,7,,25,25,1,5,8,B03,120.679901,24.174091,2
2022,1,6,18,47,臺中市,沙鹿區,0,0,0,6,,,50,,,,,,,,,,,,,,,42,,,,,C03,,,1,,2,,,42,42,1,21,,C03,120.564857,24.241649,3
2022,1,6,18,48,臺中市,大里區,0,1,0,8,3,5,50,14,7,1,4,4,5,7,4,4,9,5,4,2,16,23,2,9,1,1,C03,7,9,1,10,2,12,,23,23,1,5,8,C03,120.683853,24.101311,2
2022,1,6,18,51,臺中市,南屯區,0,0,0,8,,,40,,,,,,,,,,,,,,,12,,,,,B03,,,1,,11,,,12,12,2,22,,B03,120.6358,24.149316,3
2022,1,6,18,52,臺中市,南屯區,0,0,0,,,,50,,,,,,,,,,,,,,,26,,,,,B01,,,1,,2,,,26,26,1,22,,B01,120.623497,24.149515,3
2022,1,6,18,52,臺中市,豐原區,0,1,0,7,3,5,60,14,9,1,4,4,5,7,4,4,8,3,5,1,17,23,2,8,3,4,C03,7,9,1,10,2,11,,23,23,1,22,8,C03,120.709008,24.237391,2
2022,1,6,18,56,臺中市,西屯區,0,0,0,6,,,50,,,,,,,,,,,,,,,16,,,,,B03,,,1,,1,,,16,16,1,22,,B03,120.618661,24.178988,3
2022,1,6,18,57,臺中市,西區,0,1,0,6,3,5,50,4,1,1,4,4,5,7,4,4,10,5,5,2,12,17,2,8,1,1,C03,7,4,1,10,2,14,,17,17,1,21,8,C03,120.669807,24.1479,2
2022,1,6,18,57,臺中市,北屯區,0,0,0,8,,,50,,,,,,,,,,,,,,,10,,,,,B03,,,1,,1,,,10,10,1,22,,B03,120.662606,24.186734,3
2022,1,6,19,0,臺中市,潭子區,0,0,0,8,,,80,,,,,,,,,,,,,,,7,,,,,B03,,,1,,1,,,7,7,1,22,,B03,120.722471,24.191408,3
2022,1,6,19,1,臺中市,南屯區,0,0,0,6,,,40,,,,,,,,,,,,,,,17,,,,,A04,,,1,,2,,,17,17,1,10,,A04,120.640524,24.149277,3
2022,1,6,19,1,臺中市,西屯區,0,1,0,6,4,5,60,14,7,1,4,4,5,7,2,1,1,4,1,2,17,43,2,9,1,1,C03,7,9,1,10,2,13,,43,43,1,22,8,C03,120.644003,24.15609,2
2022,1,6,19,1,臺中市,沙鹿區,0,1,0,6,3,5,60,4,1,1,4,4,5,7,2,1,1,4,1,1,16,25,3,10,1,1,B03,7,9,1,8,2,2,,25,25,1,4,8,B03,120.564675,24.239616,2
2022,1,6,19,2,臺中市,豐原區,0,1,0,6,3,5,30,14,9,1,4,4,5,7,4,4,10,5,5,1,17,42,3,10,3,4,C03,7,9,1,10,2,15,,42,42,1,22,8,C03,120.729026,24.264431,2
2022,1,6,19,3,臺中市,西屯區,0,1,0,6,3,5,0,15,20,1,4,4,5,7,4,4,10,5,5,2,16,26,3,10,1,1,C03,7,9,1,10,2,11,,26,26,1,22,8,C03,120.640241,24.175958,2
2022,1,6,19,5,臺中市,中區,0,1,0,6,3,5,50,14,9,1,4,4,5,7,4,4,5,4,5,2,13,16,2,8,1,1,C03,7,9,1,10,2,11,,16,16,1,5,8,C03,120.681108,24.137052,2
2022,1,6,19,8,臺中市,北屯區,0,0,0,8,,,50,,,,,,,,,,,,,,,16,,,,,C03,,,1,,1,,,16,16,1,5,,C03,120.679561,24.173908,3
2022,1,6,19,8,臺中市,大里區,0,1,0,8,3,5,50,3,2,1,5,4,5,7,4,4,10,5,5,2,17,40,3,10,2,1,B03,7,15,1,8,2,15,,40,40,1,21,9,B03,120.701519,24.083334,2
2022,1,6,19,8,臺中市,梧棲區,0,1,0,6,3,8,50,4,1,1,4,4,5,7,4,4,8,3,4,1,15,6,2,3,1,1,C03,7,9,1,10,2,14,,6,6,1,21,8,C03,120.547638,24.247586,2
2022,1,6,19,10,臺中市,大雅區,0,0,0,8,,,50,,,,,,,,,,,,,,,23,,,,,C03,,,1,,1,,,23,23,1,21,,C03,120.653453,24.225406,3
2022,1,6,19,17,臺中市,西屯區,0,0,0,8,,,40,,,,,,,,,,,,,,,7,,,,,B03,,,1,,2,,,7,7,1,22,,B03,120.641411,24.173343,3
2022,1,6,19,22,臺中市,西屯區,0,2,0,6,3,5,50,4,1,1,4,4,5,7,2,1,10,5,5,2,17,8,2,9,3,4,C03,7,5,1,10,2,13,,8,8,1,22,8,C03,120.644546,24.185113,2
2022,1,6,19,24,臺中市,西屯區,0,0,0,6,,,80,,,,,,,,,,,,,,,7,,,,,A12,,,1,,1,,,7,7,1,22,,A12,120.643672,24.193914,3
2022,1,6,19,24,臺中市,豐原區,0,1,0,6,3,5,50,4,1,1,4,4,5,7,1,1,10,5,5,2,16,25,3,10,3,4,B12,7,5,1,8,2,15,,25,25,1,22,8,B12,120.728438,24.250644,2
2022,1,6,19,25,臺中市,南屯區,0,1,0,6,1,5,50,14,9,1,4,4,5,7,4,4,9,4,5,2,18,42,2,9,1,1,C03,7,15,1,10,2,12,,42,42,1,22,8,C03,120.650555,24.136203,2
2022,1,6,19,26,臺中市,西屯區,0,0,0,6,,,50,,,,,,,,,,,,,,,12,,,,,B03,,,1,,2,,,12,12,1,22,,B03,120.615524,24.189206,3
2022,1,6,19,41,臺中市,大雅區,0,0,0,8,,,50,,,,,,,,,,,,,,,19,,,,,B12,,,1,,2,,,19,19,1,22,,B12,120.653705,24.232788,3
2022,1,6,19,53,臺中市,北區,0,0,0,8,,,50,,,,,,,,,,,,,,,43,,,,,C03,,,1,,2,,,43,43,1,22,,C03,120.67502,24.149051,3
2022,1,6,19,53,臺中市,西屯區,0,1,0,6,4,5,50,14,7,1,4,4,5,7,4,4,9,4,4,2,13,16,3,10,1,1,B12,7,9,1,8,2,1,,16,16,1,22,8,B12,120.667128,24.174928,2
2022,1,6,19,58,臺中市,西屯區,0,0,0,6,,,60,,,,,,,,,,,,,,,7,,,,,B03,,,1,,2,,,7,7,1,22,,B03,120.628488,24.16266,3
2022,1,6,20,2,臺中市,新社區,0,1,0,6,3,5,50,3,9,1,4,4,5,7,4,4,10,5,5,2,17,6,3,10,1,1,B03,7,9,1,8,2,8,,6,6,1,21,8,B03,120.806103,24.237633,2
2022,1,6,20,12,臺中市,東區,0,0,0,8,3,5,40,3,1,1,5,4,5,7,4,4,10,5,5,2,12,42,3,10,1,1,B03,7,9,1,8,9,4,,42,42,1,22,8,B03,120.689596,24.143172,3
2022,1,6,20,14,臺中市,后里區,0,0,0,8,,,50,,,,,,,,,,,,,,,8,,,,,C03,,,1,,2,,,8,8,1,4,,C03,120.724701,24.309043,3
2022,1,6,20,19,臺中市,中區,0,1,0,6,3,5,50,4,1,1,4,4,5,7,1,1,10,5,5,2,17,19,2,9,1,1,C03,7,1,1,10,2,11,,19,19,1,4,5,C03,120.676839,24.142033,2
2022,1,6,20,26,臺中市,大雅區,0,2,0,7,3,5,30,14,9,1,5,4,5,7,4,4,10,4,5,1,17,23,2,9,1,1,C03,7,9,1,10,2,11,,23,23,1,22,9,C03,120.657488,24.234484,2