年,月,日,時,分,縣市,區,死,受傷,2-30,天候,光線,道路類別,速限,道路型態,事故位置,路面鋪裝,路面狀態,路面缺陷,障礙物,視距,號誌種類,號誌動作,分向設施,快車道或一般車道間,快慢車道間,路面邊線,事故類型及型態,主要肇因,受傷程度,主要傷處,保護裝備,行動電話,當事者區分,車輛用途,當事者行動狀態,駕駛資格情形,駕駛執照種類,飲酒情形,車輛撞擊部位最初,車輛撞擊部位其他,肇事因素個別,肇事因素主要,肇事逃逸,職業,旅次目的,車種,GPS緯度,GPS經度,事故類別
2022,1,8,0,2,臺中市,烏日區,0,0,0,,,,50,,,,,,,,,,,,,,,23,,,,,A31,,,1,,2,,,23,23,1,22,,A31,120.619134,24.102504,3
2022,1,8,0,3,臺中市,沙鹿區,0,0,0,8,3,5,60,4,7,1,5,4,5,7,1,1,1,1,1,1,12,23,3,10,1,1,B03,7,9,1,8,2,2,,23,23,1,3,8,B03,120.571621,24.242324,3
2022,1,8,0,20,臺中市,南區,0,0,0,6,,,30,,,,,,,,,,,,,,,12,,,,,B03,,,1,,2,,,12,12,1,22,,B03,120.672966,24.125026,3
2022,1,8,0,39,臺中市,西屯區,0,1,0,6,3,5,50,14,9,1,4,4,5,7,4,4,5,4,5,2,13,23,2,9,1,1,C03,7,9,1,8,2,11,,23,23,1,22,8,C03,120.626707,24.185883,2
2022,1,8,0,40,臺中市,神岡區,0,1,0,8,3,5,50,4,2,1,4,4,5,7,3,1,10,5,5,2,24,12,2,7,1,1,B03,7,2,1,8,2,3,,12,12,1,22,9,B03,120.697596,24.251181,2
2022,1,8,0,42,臺中市,龍井區,0,1,0,6,3,5,40,4,1,1,4,4,5,7,1,1,10,5,5,2,15,19,2,8,1,1,C03,7,1,6,18,2,11,,19,19,1,12,8,C03,120.508406,24.21568,2
2022,1,8,1,10,臺中市,北屯區,0,2,0,6,3,5,50,4,1,1,4,4,5,7,2,1,10,5,5,2,16,16,2,9,1,1,C03,7,9,1,10,2,11,,16,16,1,21,8,C03,120.709643,24.174606,2
2022,1,8,2,8,臺中市,南屯區,0,0,0,,,,50,,,,,,,,,,,,,,,23,,,,,B12,,,1,,2,,,23,23,1,22,,B12,120.644106,24.137943,3
2022,1,8,2,42,臺中市,清水區,0,0,0,8,3,5,50,14,9,1,5,4,5,7,4,4,1,4,5,1,13,23,3,10,1,1,B03,7,9,1,8,2,5,,23,23,1,5,5,B03,120.568766,24.276786,3
2022,1,8,5,19,臺中市,西屯區,0,0,0,6,,,50,,,,,,,,,,,,,,,42,,,,,A31,,,1,,2,,,42,42,1,22,,A31,120.654883,24.200721,3
2022,1,8,6,5,臺中市,西屯區,0,0,0,8,,,70,,,,,,,,,,,,,,,7,,,,,B03,,,1,,2,,,7,7,1,12,,B03,120.618656,24.1813,3
2022,1,8,6,15,臺中市,潭子區,0,1,0,7,2,5,40,14,9,1,5,4,5,7,4,4,9,4,4,2,17,43,,,,,,,,,,,,,43,43,2,,,,120.703143,24.214843,2
2022,1,8,6,20,臺中市,西區,0,0,0,,,,40,,,,,,,,,,,,,,,12,,,,,B03,,,1,,1,,,12,12,1,5,,B03,120.675767,24.136598,3
2022,1,8,6,27,臺中市,北區,0,1,0,7,3,5,50,4,2,1,4,4,5,7,2,1,10,5,5,2,18,23,2,9,1,1,C03,7,9,1,10,7,11,,23,23,1,22,8,C03,120.68616,24.146227,2
2022,1,8,6,42,臺中市,太平區,0,2,0,8,1,5,50,14,9,1,4,4,5,7,4,4,5,5,5,1,16,19,2,9,1,1,C03,7,1,1,10,2,13,,19,19,1,5,7,C03,120.738171,24.157077,2
2022,1,8,6,59,臺中市,南區,0,2,0,8,1,5,50,4,1,1,4,4,5,7,4,4,5,5,5,2,15,6,2,9,1,1,C03,7,9,1,10,2,13,,6,6,1,22,8,C03,120.682705,24.131873,2
2022,1,8,7,41,臺中市,豐原區,0,1,0,8,1,5,50,3,2,1,4,4,5,7,1,1,3,5,5,2,13,16,2,8,1,1,C03,7,12,1,10,2,11,,16,16,1,22,9,C03,120.703172,24.24447,2
2022,1,8,7,49,臺中市,潭子區,0,0,0,8,,,50,,,,,,,,,,,,,,,19,,,,,B03,,,1,,2,,,19,19,1,22,,B03,120.721771,24.197221,3
2022,1,8,7,49,臺中市,西屯區,0,1,0,8,1,5,40,3,1,1,5,4,5,7,4,4,5,5,4,2,16,10,3,10,3,4,B03,7,11,1,8,2,7,,10,10,1,22,8,B03,120.659101,24.166033,2
2022,1,8,8,0,臺中市,霧峰區,0,0,0,8,,,30,,,,,,,,,,,,,,,43,,,,,B03,,,1,,10,,,43,43,1,12,,B03,120.649786,24.086383,3
2022,1,8,8,4,臺中市,潭子區,0,1,0,8,1,5,50,4,1,1,5,4,5,7,2,1,10,5,5,2,17,8,3,10,1,1,C03,7,5,1,10,2,13,,8,8,1,22,8,C03,120.710992,24.22962,2
2022,1,8,8,5,臺中市,西屯區,0,1,0,8,1,5,50,4,1,1,5,4,5,7,1,1,10,5,5,2,16,26,3,10,1,1,B03,7,6,1,8,2,2,,26,26,1,22,8,B03,120.649496,24.162176,2
2022,1,8,8,10,臺中市,豐原區,0,0,0,,,,30,,,,,,,,,,,,,,,18,,,,,B03,,,1,,2,,,18,18,1,22,,B03,120.748405,24.26458,3
2022,1,8,8,16,臺中市,北屯區,0,2,0,8,1,5,50,5,1,1,5,4,5,7,2,1,10,5,5,2,16,43,3,10,1,1,B03,7,5,1,8,2,7,,43,43,1,21,8,B03,120.660205,24.19235,2
2022,1,8,8,17,臺中市,北屯區,0,1,0,8,1,5,30,11,9,1,5,4,5,7,4,4,10,5,5,2,11,5,2,3,1,1,C03,7,6,1,10,2,11,,5,5,1,19,8,C03,120.722545,24.1926,2
2022,1,8,8,20,臺中市,太平區,0,0,0,8,,,50,,,,,,,,,,,,,,,7,,,,,B03,,,1,,2,,,7,7,1,5,,B03,120.70723,24.129068,3
2022,1,8,8,21,臺中市,北屯區,0,1,0,7,1,5,50,4,4,1,5,4,5,7,1,1,5,4,5,2,18,23,2,9,1,1,C03,7,9,1,10,2,14,,23,23,1,21,1,C03,120.681454,24.176345,2
2022,1,8,8,25,臺中市,西區,0,0,0,8,,,50,,,,,,,,,,,,,,,26,,,,,B03,,,1,,2,,,26,26,1,5,,B03,120.677135,24.140525,3
2022,1,8,8,35,臺中市,大雅區,0,0,0,8,,,30,,,,,,,,,,,,,,,5,,,,,B12,,,1,,2,,,5,5,1,22,,B12,120.65894,24.2123,3
2022,1,8,8,35,臺中市,神岡區,0,1,0,8,1,5,50,3,1,1,5,4,5,7,4,4,5,5,4,2,16,6,2,8,1,1,C03,7,5,1,10,2,11,,6,6,1,21,8,C03,120.69877,24.252903,2
2022,1,8,8,39,臺中市,西屯區,0,1,0,8,1,5,50,3,1,1,5,4,5,7,2,1,10,5,5,2,16,6,3,10,1,1,B03,7,5,1,8,2,8,,6,6,1,22,8,B03,120.642538,24.169515,2
2022,1,8,8,57,臺中市,西屯區,0,0,0,8,,,30,,,,,,,,,,,,,,,8,,,,,B03,,,1,,1,,,8,8,1,22,,B03,120.641027,24.175485,3
2022,1,8,9,0,臺中市,沙鹿區,0,0,0,8,,,40,,,,,,,,,,,,,,,10,,,,,A05,,,1,,2,,,10,10,1,10,,A05,120.612537,24.244814,3
2022,1,8,9,11,臺中市,清水區,0,1,0,8,1,5,70,14,7,1,5,4,5,7,2,1,1,1,3,1,13,23,3,10,1,1,B03,7,9,1,8,2,1,,23,23,1,21,8,B03,120.55316,24.294037,2
2022,1,8,9,12,臺中市,北區,0,0,0,,,,50,,,,,,,,,,,,,,,16,,,,,C03,,,1,,2,,,16,16,1,5,,C03,120.677118,24.16604,3
2022,1,8,9,15,臺中市,西區,0,0,0,,,,50,,,,,,,,,,,,,,,25,,,,,B03,,,1,,1,,,25,25,1,21,,B03,120.678,24.134074,3
2022,1,8,9,19,臺中市,西屯區,0,1,0,8,1,5,50,5,2,1,5,4,5,7,1,1,1,2,4,2,13,23,2,8,1,1,C03,7,9,1,10,2,11,,23,23,1,22,8,C03,120.653469,24.203491,2
2022,1,8,9,21,臺中市,西屯區,0,0,0,8,,,50,,,,,,,,,,,,,,,16,,,,,B03,,,1,,1,,,16,16,1,22,,B03,120.656933,24.201586,3
2022,1,8,9,34,臺中市,西屯區,0,1,0,8,1,5,40,4,1,1,5,4,5,7,1,1,10,5,5,2,16,43,2,7,1,1,C03,7,1,1,10,2,12,,43,43,1,22,8,C03,120.66865,24.17838,2
2022,1,8,9,38,臺中市,潭子區,0,1,0,8,1,5,50,3,2,1,5,4,5,7,4,4,5,4,4,2,13,23,2,9,1,1,C03,7,9,1,9,2,11,,23,23,1,22,9,C03,120.690739,24.215033,2
2022,1,8,9,43,臺中市,豐原區,0,1,0,8,1,5,50,4,1,1,5,4,5,7,1,1,3,5,5,2,16,25,3,10,1,1,B03,7,5,1,8,2,2,,25,25,1,22,9,B03,120.722535,24.2779,2
2022,1,8,9,43,臺中市,神岡區,0,0,0,8,,,50,,,,,,,,,,,,,,,7,,,,,B03,,,1,,2,,,7,7,1,12,,B03,120.669471,24.269614,3
2022,1,8,9,44,臺中市,豐原區,0,1,0,8,1,5,30,4,1,1,5,4,5,7,1,1,10,5,5,2,17,44,3,10,3,4,B12,7,9,1,8,2,8,,44,44,1,22,9,B12,120.722209,24.249794,2
2022,1,8,9,48,臺中市,大雅區,0,2,0,8,1,5,30,4,1,1,5,4,5,7,4,4,10,5,5,2,15,6,3,10,1,1,C03,7,9,1,10,2,11,,6,6,1,22,9,C03,120.66685,24.23776,2
2022,1,8,9,52,臺中市,豐原區,0,2,0,8,1,5,50,4,2,1,5,4,5,7,1,1,8,3,5,1,17,43,2,7,3,4,C03,7,9,1,10,2,12,,43,43,1,22,8,C03,120.711905,24.23693,2
2022,1,8,10,0,臺中市,神岡區,0,0,0,8,,,30,,,,,,,,,,,,,,,12,,,,,H01,,,8,,1,,,12,12,1,20,,H01,120.651248,24.276336,3
2022,1,8,10,2,臺中市,西屯區,0,1,0,8,1,5,40,3,1,1,5,4,5,7,4,4,1,5,1,2,12,9,3,10,1,1,B03,7,6,1,8,2,2,,9,9,1,22,8,B03,120.638868,24.169495,2
2022,1,8,10,5,臺中市,北區,0,1,0,8,1,5,50,4,1,1,5,4,1,7,2,1,3,4,4,2,13,16,2,9,1,1,C03,7,9,1,10,2,11,,16,16,1,22,8,C03,120.685169,24.166985,2
2022,1,8,10,5,臺中市,東勢區,0,0,0,8,,,50,,,,,,,,,,,,,,,23,,,,,B03,,,1,,2,,,23,23,1,20,,B03,120.828026,24.258388,3
2022,1,8,10,10,臺中市,西屯區,0,0,0,8,,,30,,,,,,,,,,,,,,,17,,,,,B03,,,1,,1,,,17,17,1,22,,B03,120.656277,24.196253,3
2022,1,8,10,10,臺中市,太平區,0,2,0,8,1,5,30,4,1,1,5,4,5,7,4,4,10,5,5,2,15,6,3,10,1,1,B03,7,9,1,3,2,8,,6,6,1,5,8,B03,120.720889,24.119265,2
2022,1,8,10,19,臺中市,西屯區,0,1,0,8,1,5,50,5,1,1,5,4,5,7,1,1,10,5,5,2,18,42,2,9,1,1,C03,7,9,1,10,2,14,,42,42,1,22,8,C03,120.659109,24.176131,2
2022,1,8,10,20,臺中市,神岡區,0,1,0,8,1,5,30,14,9,1,5,4,5,7,4,4,10,5,5,1,17,42,3,10,1,1,C03,7,9,1,10,2,11,,42,42,1,12,8,C03,120.670059,24.266157,2
2022,1,8,10,29,臺中市,西屯區,0,0,0,8,,,50,,,,,,,,,,,,,,,23,,,,,C03,,,1,,1,,,23,23,1,22,,C03,120.646691,24.15609,3
2022,1,8,10,32,臺中市,清水區,0,1,0,8,1,5,50,4,2,1,5,4,5,7,4,4,4,5,5,1,16,8,3,10,1,1,B12,7,5,1,8,2,7,,8,8,1,21,8,B12,120.552011,24.26511,2
2022,1,8,10,33,臺中市,西屯區,0,1,0,8,1,5,50,4,1,1,5,4,5,7,1,1,10,5,5,2,16,6,3,10,1,1,B03,7,6,1,8,1,6,,6,6,1,22,8,B03,120.648048,24.16993,2
2022,1,8,10,37,臺中市,南屯區,0,0,0,8,,,50,,,,,,,,,,,,,,,43,,,,,B12,,,1,,1,,,43,43,1,21,,B12,120.638264,24.139951,3
2022,1,8,10,40,臺中市,石岡區,0,1,0,8,1,7,10,14,9,1,5,4,5,7,4,4,8,3,5,1,12,23,3,10,4,1,F01,7,21,8,20,2,16,,23,23,1,22,9,F01,120.778798,24.276023,2
2022,1,8,10,42,臺中市,梧棲區,0,0,0,8,,,70,,,,,,,,,,,,,,,6,,,,,B12,,,1,,2,,,6,6,1,21,,B12,120.559087,24.258184,3
2022,1,8,10,45,臺中市,西區,0,1,0,8,1,5,50,4,1,1,5,4,5,7,2,1,10,5,5,2,16,6,3,10,1,1,B03,7,5,1,8,2,1,,6,6,1,5,5,B03,120.661678,24.136547,2
2022,1,8,10,48,臺中市,北屯區,0,1,0,8,1,5,50,14,7,1,5,4,5,7,4,4,5,5,4,2,12,26,2,8,3,4,C03,7,11,1,10,2,12,,26,26,1,21,8,C03,120.68598,24.168279,2
2022,1,8,10,54,臺中市,大雅區,0,1,0,8,1,5,30,3,1,1,5,4,5,7,4,4,10,5,5,1,17,43,3,10,1,1,B03,7,5,1,8,2,8,,43,43,1,21,8,B03,120.643152,24.211406,2
2022,1,8,10,54,臺中市,北區,0,2,0,8,1,5,40,14,9,1,5,4,5,7,4,4,3,4,5,2,13,16,2,8,1,1,C03,7,9,1,10,2,11,,16,16,1,22,9,C03,120.675157,24.163245,2
2022,1,8,10,55,臺中市,西區,0,1,0,8,1,5,50,4,1,1,5,4,5,7,2,1,10,5,5,2,16,6,3,10,1,1,B03,7,5,1,8,2,6,,6,6,1,5,8,B03,120.653003,24.14497,2
2022,1,8,10,57,臺中市,后里區,0,2,0,8,1,5,50,14,13,1,5,4,5,7,4,4,5,5,4,1,8,4,3,10,1,1,C03,7,9,1,10,2,11,,4,4,1,22,8,C03,120.69179,24.313994,2
2022,1,8,10,58,臺中市,西屯區,0,1,0,8,1,5,30,4,1,1,5,4,5,7,4,4,10,5,5,2,15,6,3,10,1,1,B03,7,9,1,8,2,1,,6,6,1,22,8,B03,120.616726,24.183583,2
2022,1,8,11,0,臺中市,東勢區,0,0,0,8,,,30,,,,,,,,,,,,,,,12,,,,,B03,,,1,,2,,,38,38,1,22,,B03,120.82959,24.264211,3
2022,1,8,11,1,臺中市,南屯區,0,0,0,8,,,50,,,,,,,,,,,,,,,23,,,,,C03,,,1,,2,,,23,23,1,22,,C03,120.62307,24.149048,3
2022,1,8,11,8,臺中市,烏日區,0,0,0,8,,,30,,,,,,,,,,,,,,,16,,,,,B03,,,1,,2,,,16,16,1,22,,B03,120.616227,24.110292,3
2022,1,8,11,10,臺中市,西區,0,1,0,8,1,5,50,5,1,1,5,4,5,7,1,1,10,5,5,2,16,6,3,10,1,1,B03,7,6,1,8,2,2,,6,6,1,21,8,B03,120.67253,24.131787,2
2022,1,8,11,11,臺中市,西屯區,0,0,0,8,,,50,,,,,,,,,,,,,,,23,,,,,C03,,,1,,1,,,23,23,1,22,,C03,120.618697,24.183317,3
2022,1,8,11,12,臺中市,豐原區,0,0,0,8,,,50,,,,,,,,,,,,,,,17,,,,,B03,,,1,,2,,,17,17,1,9,,B03,120.724296,24.252215,3
2022,1,8,11,13,臺中市,西區,0,1,0,8,1,5,50,3,1,1,5,4,5,7,4,4,10,5,5,2,16,9,3,10,1,1,B03,7,6,1,8,2,2,,9,9,1,21,8,B03,120.667591,24.150859,2
2022,1,8,11,17,臺中市,南屯區,0,0,0,8,1,5,50,4,2,1,5,4,5,7,1,1,10,5,5,2,13,23,3,10,4,4,B03,7,7,6,18,4,5,,23,23,1,22,8,B03,120.628428,24.147935,3
2022,1,8,11,18,臺中市,北區,0,0,0,8,,,50,,,,,,,,,,,,,,,42,,,,,A11,,,1,,11,,,42,42,1,22,,A11,120.69097,24.155546,3
2022,1,8,11,18,臺中市,南屯區,0,1,0,8,1,5,50,14,8,1,5,4,5,7,4,4,9,4,4,2,12,6,3,10,1,1,B03,7,6,1,8,2,6,,6,6,1,22,9,B03,120.634827,24.130778,2
2022,1,8,11,18,臺中市,東勢區,0,2,0,8,1,5,50,4,2,1,5,4,5,7,1,1,4,3,5,1,16,6,2,9,1,1,B12,7,5,1,8,2,1,,6,6,1,22,9,B12,120.799088,24.273583,2
2022,1,8,11,20,臺中市,北區,0,1,0,8,1,5,50,14,9,1,4,4,5,7,4,4,9,4,5,2,18,43,2,9,3,4,F01,7,9,7,19,2,15,,43,43,1,5,8,F01,120.675741,24.156178,2
2022,1,8,11,23,臺中市,大雅區,0,1,0,8,1,5,50,3,1,1,5,4,5,7,4,4,9,4,4,1,17,19,2,9,1,1,C03,7,9,1,10,2,11,,14,19,1,22,9,C03,120.631486,24.211632,2
2022,1,8,11,29,臺中市,太平區,0,1,0,8,1,5,40,14,9,1,5,4,5,7,4,4,5,5,5,1,16,26,3,10,3,4,B03,7,5,1,8,2,6,,26,26,1,9,8,B03,120.776904,24.10603,2
2022,1,8,11,31,臺中市,西屯區,0,1,0,8,1,5,50,4,1,1,5,4,5,7,4,4,10,5,5,2,16,44,3,10,1,1,B12,7,6,1,8,2,2,,44,44,1,22,8,B12,120.589783,24.176626,2
2022,1,8,11,35,臺中市,北屯區,0,2,0,8,1,5,50,5,1,1,5,4,5,7,2,1,10,5,5,2,16,6,2,9,1,1,C03,7,5,1,10,2,14,,6,6,1,21,8,C03,120.696503,24.179585,2
2022,1,8,11,40,臺中市,西區,0,0,0,8,,,50,,,,,,,,,,,,,,,6,,,,,B03,,,1,,2,,,6,6,1,20,,B03,120.677819,24.145231,3
2022,1,8,11,43,臺中市,烏日區,0,2,0,8,1,5,50,5,1,1,5,4,5,7,2,1,1,4,5,2,12,23,2,8,1,1,C03,7,9,1,10,2,11,,23,23,1,22,8,C03,120.616603,24.11384,2
2022,1,8,11,49,臺中市,西屯區,0,0,0,8,,,30,,,,,,,,,,,,,,,12,,,,,B03,,,1,,1,,,12,12,1,22,,B03,120.66642,24.176073,3
2022,1,8,11,50,臺中市,西屯區,0,1,0,8,1,5,40,4,1,1,5,4,5,7,1,1,10,5,5,2,16,25,3,10,1,1,B03,7,9,1,8,1,6,,25,25,1,22,8,B03,120.628963,24.162903,2
2022,1,8,11,51,臺中市,后里區,0,0,0,8,,,60,,,,,,,,,,,,,,,19,,,,,B03,,,1,,1,,,19,19,1,22,,B03,120.7227,24.301098,3
2022,1,8,11,57,臺中市,太平區,0,1,0,8,1,5,50,14,9,1,5,4,5,7,4,4,5,5,5,1,16,26,3,10,1,1,C03,7,11,1,10,2,12,,26,26,1,3,7,C03,120.714099,24.125022,2
2022,1,8,11,58,臺中市,大雅區,0,0,0,8,,,30,,,,,,,,,,,,,,,23,,,,,B12,,,1,,2,,,23,23,1,22,,B12,120.6524,24.22685,3
2022,1,8,11,59,臺中市,西區,0,0,0,,,,40,,,,,,,,,,,,,,,23,,,,,B03,,,1,,2,,,23,23,1,4,,B03,120.659826,24.15746,3
2022,1,8,11,59,臺中市,北區,0,0,0,8,,,40,,,,,,,,,,,,,,,19,,,,,B02,,,1,,2,,,19,19,1,22,,B02,120.672341,24.170415,3
2022,1,8,12,1,臺中市,北區,0,0,0,8,,,30,,,,,,,,,,,,,,,12,,,,,B12,,,1,,2,,,12,12,1,22,,B12,120.69737,24.156346,3
2022,1,8,12,5,臺中市,神岡區,0,1,0,8,1,5,50,4,2,1,5,4,5,7,3,1,5,4,4,2,17,16,2,9,4,5,F03,7,9,8,20,2,15,,16,16,1,12,8,F03,120.820638,24.246853,2
2022,1,8,12,6,臺中市,大里區,0,1,0,8,1,5,50,4,1,1,5,4,5,7,3,1,10,5,5,1,15,6,2,9,1,1,C03,7,9,1,10,2,11,,6,6,1,4,8,C03,120.683158,24.076952,2
2022,1,8,12,7,臺中市,豐原區,0,1,0,8,1,5,50,3,2,1,5,4,5,7,4,4,8,3,5,1,17,8,3,10,3,4,B02,7,5,1,8,2,15,,8,8,1,22,8,B02,120.720344,24.253097,2
2022,1,8,12,13,臺中市,太平區,0,1,0,8,1,5,30,14,9,1,5,4,5,7,4,4,10,5,5,2,16,6,3,10,3,4,C03,7,5,1,10,2,12,,6,6,1,9,8,C03,120.726297,24.125631,2
2022,1,8,12,15,臺中市,神岡區,0,1,0,8,1,5,50,14,9,1,5,4,5,7,4,4,1,4,5,2,16,17,3,10,1,1,B03,7,4,1,8,2,2,,17,17,1,21,8,B03,120.696996,24.248715,2
2022,1,8,12,22,臺中市,大雅區,0,0,0,8,,,30,,,,,,,,,,,,,,,23,,,,,B03,,,1,,2,,,23,23,1,21,,B03,120.65022,24.212703,3
2022,1,8,12,26,臺中市,北屯區,0,0,0,8,,,50,,,,,,,,,,,,,,,16,,,,,C03,,,1,,1,,,16,16,1,21,,C03,120.671268,24.173885,3
2022,1,8,12,32,臺中市,北區,0,0,0,8,,,50,,,,,,,,,,,,,,,12,,,,,B03,,,1,,2,,,12,12,1,22,,B03,120.688907,24.15334,3
2022,1,8,12,32,臺中市,西屯區,0,1,0,8,1,5,30,14,9,1,5,4,5,7,4,4,10,5,5,2,11,5,2,9,1,1,C03,7,9,1,10,2,14,,5,5,1,22,8,C03,120.629656,24.188822,2
2022,1,8,12,33,臺中市,北屯區,0,1,0,8,1,5,40,4,1,1,5,4,5,7,1,1,10,5,5,2,12,6,3,10,3,4,B03,7,6,1,8,2,15,,6,6,1,21,8,B03,120.70483,24.165016,2
2022,1,8,12,40,臺中市,清水區,0,1,0,8,1,5,30,3,1,1,5,4,5,7,3,1,10,5,5,1,16,6,2,9,1,1,C03,7,5,1,10,2,12,,6,6,1,21,8,C03,120.57118,24.298908,2
2022,1,8,12,41,臺中市,西屯區,0,1,0,8,1,3,30,4,1,1,5,4,5,7,4,4,10,5,5,2,17,43,3,10,1,1,B03,7,5,1,8,2,2,,43,43,1,21,8,B03,120.639111,24.174086,2
2022,1,8,12,44,臺中市,北區,0,0,0,,,,50,,,,,,,,,,,,,,,23,,,,,B03,,,1,,1,,,23,23,1,5,,B03,120.678313,24.163112,3
2022,1,8,12,46,臺中市,北區,0,0,0,8,,,50,,,,,,,,,,,,,,,6,,,,,C03,,,1,,1,,,23,6,1,22,,C03,120.677485,24.159141,3
2022,1,8,12,49,臺中市,西屯區,0,0,0,8,,,50,,,,,,,,,,,,,,,42,,,,,B03,,,1,,1,,,42,42,1,5,,B03,120.620717,24.183956,3
2022,1,8,12,50,臺中市,北屯區,0,0,0,8,,,50,,,,,,,,,,,,,,,12,,,,,B03,,,1,,2,,,12,12,1,22,,B03,120.705491,24.190816,3
2022,1,8,12,50,臺中市,西屯區,0,0,0,8,,,50,,,,,,,,,,,,,,,6,,,,,B03,,,1,,1,,,6,6,1,22,,B03,120.648566,24.193541,3
2022,1,8,12,55,臺中市,西屯區,0,0,0,8,,,50,,,,,,,,,,,,,,,43,,,,,B02,,,1,,1,,,43,43,1,22,,B02,120.65504,24.19915,3
2022,1,8,12,58,臺中市,神岡區,0,0,0,8,,,30,,,,,,,,,,,,,,,42,,,,,A12,,,1,,2,,,42,42,1,22,,A12,120.69277,24.266053,3
2022,1,8,12,59,臺中市,西屯區,0,6,0,8,1,5,50,4,1,1,5,4,5,7,2,1,10,5,5,2,12,6,2,9,1,1,B03,7,6,1,8,2,5,,6,6,1,22,8,B03,120.654791,24.176091,2
2022,1,8,13,0,臺中市,東區,0,0,0,8,,,50,,,,,,,,,,,,,,,14,,,,,B03,,,1,,2,,,14,14,2,5,,B03,120.690463,24.143012,3
2022,1,8,13,1,臺中市,北區,0,0,0,8,,,50,,,,,,,,,,,,,,,16,,,,,C03,,,1,,2,,,16,16,1,22,,C03,120.683508,24.148272,3
2022,1,8,13,8,臺中市,潭子區,0,0,0,8,,,40,,,,,,,,,,,,,,,17,,,,,B03,,,1,,2,,,17,17,1,22,,B03,120.702407,24.201258,3
2022,1,8,13,8,臺中市,西屯區,0,1,0,8,1,5,40,4,1,1,5,4,5,7,1,1,1,4,1,2,16,9,3,10,3,4,B03,7,6,1,8,2,2,,9,9,1,22,8,B03,120.652958,24.160597,2
2022,1,8,13,17,臺中市,北區,0,0,0,,,,40,,,,,,,,,,,,,,,12,,,,,B12,,,1,,1,,,12,12,1,5,,B12,120.680408,24.158537,3
2022,1,8,13,18,臺中市,石岡區,0,2,0,8,1,5,30,11,9,1,5,4,5,7,4,4,10,5,5,1,11,5,2,8,1,1,C03,7,9,1,10,2,11,,5,5,1,22,9,C03,120.800511,24.269908,2
2022,1,8,13,18,臺中市,神岡區,0,1,0,8,1,5,30,3,1,1,5,4,5,7,4,4,10,5,5,1,17,42,3,10,1,1,C03,7,5,1,10,2,11,,42,42,1,12,8,C03,120.664512,24.258431,2
2022,1,8,13,19,臺中市,北屯區,0,0,0,8,,,50,,,,,,,,,,,,,,,23,,,,,B03,,,1,,2,,,23,23,1,20,,B03,120.698241,24.170576,3
2022,1,8,13,32,臺中市,西屯區,0,0,0,8,,,50,,,,,,,,,,,,,,,43,,,,,B02,,,1,,1,,,43,43,1,22,,B02,120.635909,24.174937,3
2022,1,8,13,33,臺中市,北區,0,0,0,8,,,50,,,,,,,,,,,,,,,42,,,,,B03,,,1,,2,,,42,42,1,22,,B03,120.674401,24.165323,3
2022,1,8,13,37,臺中市,北區,0,0,0,8,,,50,,,,,,,,,,,,,,,26,,,,,B01,,,1,,2,,,26,26,1,10,,B01,120.68616,24.146227,3
2022,1,8,13,38,臺中市,西區,0,1,0,8,1,5,50,14,9,1,5,1,5,7,4,4,10,4,5,2,17,19,3,10,1,1,B03,7,1,1,8,2,1,,19,19,1,21,8,B03,120.653475,24.146887,2
2022,1,8,13,58,臺中市,北區,0,0,0,8,,,50,,,,,,,,,,,,,,,42,,,,,B03,,,1,,2,,,42,42,1,22,,B03,120.683666,24.167578,3
2022,1,8,13,58,臺中市,南區,0,0,0,,,,50,,,,,,,,,,,,,,,43,,,,,B03,,,1,,2,,,43,43,1,22,,B03,120.656083,24.115019,3
2022,1,8,13,58,臺中市,北屯區,0,2,0,8,1,5,50,4,1,1,5,4,5,7,1,1,10,5,5,2,16,6,2,9,1,1,B03,7,5,1,8,2,6,,6,6,1,22,8,B03,120.707798,24.185133,2
2022,1,8,14,2,臺中市,大雅區,0,1,0,8,1,5,50,4,1,1,5,4,5,7,1,1,9,4,4,1,17,6,3,10,1,1,C03,7,6,1,10,2,12,,6,6,1,22,9,C03,120.645026,24.225604,2
2022,1,8,14,7,臺中市,西屯區,0,0,0,8,,,50,,,,,,,,,,,,,,,23,,,,,B03,,,1,,1,,,23,23,1,22,,B03,120.653725,24.203186,3
2022,1,8,14,9,臺中市,南屯區,0,0,0,8,,,50,,,,,,,,,,,,,,,16,,,,,B12,,,1,,2,,,16,16,1,22,,B12,120.611101,24.145509,3
2022,1,8,14,11,臺中市,西屯區,0,0,0,8,,,50,,,,,,,,,,,,,,,17,,,,,B03,,,1,,1,,,17,17,1,22,,B03,120.655016,24.17612,3
2022,1,8,14,15,臺中市,后里區,0,0,0,8,,,30,,,,,,,,,,,,,,,12,,,,,B12,,,1,,2,,,12,12,1,22,,B12,120.738665,24.325299,3
2022,1,8,14,17,臺中市,南屯區,0,0,0,,,,30,,,,,,,,,,,,,,,12,,,,,B03,,,1,,1,,,12,12,1,22,,B03,120.628586,24.140427,3
2022,1,8,14,21,臺中市,清水區,0,1,0,8,1,5,50,14,9,1,5,4,5,7,4,4,9,5,5,1,16,11,3,10,1,1,B03,7,11,1,8,2,1,,11,11,1,5,5,B03,120.565496,24.273772,2