年,月,日,時,分,縣市,區,死,受傷,2-30,天候,光線,道路類別,速限,道路型態,事故位置,路面鋪裝,路面狀態,路面缺陷,障礙物,視距,號誌種類,號誌動作,分向設施,快車道或一般車道間,快慢車道間,路面邊線,事故類型及型態,主要肇因,受傷程度,主要傷處,保護裝備,行動電話,當事者區分,車輛用途,當事者行動狀態,駕駛資格情形,駕駛執照種類,飲酒情形,車輛撞擊部位最初,車輛撞擊部位其他,肇事因素個別,肇事因素主要,肇事逃逸,職業,旅次目的,車種,GPS緯度,GPS經度,事故類別
2022,1,8,14,25,臺中市,北區,0,0,0,8,,,50,,,,,,,,,,,,,,,42,,,,,A12,,,1,,2,,,42,42,1,22,,A12,120.675417,24.153928,3
2022,1,8,14,26,臺中市,豐原區,0,1,0,8,1,5,60,14,9,1,5,4,5,7,1,1,1,4,5,2,17,23,2,9,3,4,C02,7,9,4,10,2,11,,23,23,1,22,9,C02,120.726853,24.238332,2
2022,1,8,14,30,臺中市,西屯區,0,0,0,8,,,50,,,,,,,,,,,,,,,23,,,,,B03,,,1,,2,,,23,23,1,22,,B03,120.620443,24.183849,3
2022,1,8,14,33,臺中市,潭子區,0,0,0,8,,,50,,,,,,,,,,,,,,,23,,,,,B03,,,1,,2,,,23,23,1,22,,B03,120.709696,24.234793,3
2022,1,8,14,38,臺中市,沙鹿區,0,0,0,8,,,40,,,,,,,,,,,,,,,18,,,,,B03,,,1,,2,,,18,18,1,22,,B03,120.608291,24.246298,3
2022,1,8,14,45,臺中市,西區,0,1,0,8,1,5,50,4,1,1,5,4,5,7,1,1,10,5,5,2,16,26,3,10,1,1,B01,7,6,1,4,2,5,,26,26,1,10,8,B01,120.657395,24.142945,2
2022,1,8,14,48,臺中市,西屯區,0,0,0,8,,,50,,,,,,,,,,,,,,,16,,,,,B01,,,1,,1,,,16,16,1,22,,B01,120.664377,24.164625,3
2022,1,8,14,52,臺中市,北屯區,0,1,0,8,1,5,50,14,8,1,5,4,5,7,4,4,5,5,4,2,16,6,3,10,1,1,A12,7,6,1,1,2,5,,6,6,1,21,8,A12,120.703618,24.161116,2
2022,1,8,15,0,臺中市,大肚區,0,1,0,8,1,5,30,3,1,1,5,4,5,7,4,4,10,5,5,2,16,6,2,4,1,1,B12,7,5,3,18,2,5,,6,6,1,19,8,B12,120.562219,24.123901,2
2022,1,8,15,0,臺中市,后里區,0,0,0,8,1,5,50,4,2,1,5,4,5,7,4,4,5,5,5,1,14,12,3,10,1,1,B12,7,2,1,8,2,7,,12,12,1,21,8,B12,120.735522,24.300852,3
2022,1,8,15,6,臺中市,西區,0,1,0,8,1,5,50,4,9,1,5,4,5,7,2,1,5,5,5,2,12,43,2,9,1,1,C03,7,9,1,10,2,14,,43,43,1,5,8,C03,120.673871,24.147397,2
2022,1,8,15,7,臺中市,南屯區,0,0,0,8,,,40,,,,,,,,,,,,,,,17,,,,,B12,,,1,,11,,,17,17,1,19,,B12,120.632393,24.126776,3
2022,1,8,15,10,臺中市,沙鹿區,0,0,0,8,,,50,,,,,,,,,,,,,,,16,,,,,C03,,,2,,2,,,16,16,2,16,,C03,120.558701,24.232535,3
2022,1,8,15,15,臺中市,西區,0,0,0,,,,50,,,,,,,,,,,,,,,23,,,,,B03,,,1,,1,,,23,23,1,21,,B03,120.666736,24.141067,3
2022,1,8,15,18,臺中市,西屯區,0,0,0,8,,,40,,,,,,,,,,,,,,,43,,,,,C03,,,1,,1,,,43,43,1,22,,C03,120.640951,24.167396,3
2022,1,8,15,21,臺中市,大雅區,0,0,0,8,,,50,,,,,,,,,,,,,,,16,,,,,C03,,,1,,2,,,16,16,1,22,,C03,120.647848,24.215949,3
2022,1,8,15,22,臺中市,西屯區,0,0,0,8,,,60,,,,,,,,,,,,,,,16,,,,,B03,,,1,,1,,,16,16,1,22,,B03,120.65076,24.162105,3
2022,1,8,15,27,臺中市,西屯區,0,0,0,8,,,50,,,,,,,,,,,,,,,42,,,,,B12,,,1,,1,,,42,42,1,22,,B12,120.639883,24.165836,3
2022,1,8,15,30,臺中市,北區,0,0,0,8,,,50,,,,,,,,,,,,,,,19,,,,,C03,,,1,,9,,,19,19,1,22,,C03,120.670506,24.159216,3
2022,1,8,15,35,臺中市,清水區,0,1,0,8,1,5,50,14,9,1,5,4,5,7,4,4,5,5,4,1,16,23,3,10,1,1,B03,7,5,1,8,1,8,,23,23,1,4,1,B03,120.556705,24.271064,2
2022,1,8,15,43,臺中市,北區,0,1,0,8,1,5,50,4,1,1,5,4,5,7,1,1,10,5,5,2,16,6,3,10,1,1,B12,7,5,1,8,2,1,,6,6,1,22,8,B12,120.684368,24.153997,2
2022,1,8,15,43,臺中市,南屯區,0,0,0,8,,,40,,,,,,,,,,,,,,,12,,,,,B12,,,1,,1,,,12,12,1,22,,B12,120.615915,24.150313,3
2022,1,8,15,47,臺中市,南屯區,0,0,0,,,,50,,,,,,,,,,,,,,,44,,,,,C03,,,8,,10,,,44,44,1,22,,C03,120.629044,24.140102,3
2022,1,8,15,51,臺中市,西屯區,0,0,0,8,,,40,,,,,,,,,,,,,,,42,,,,,B02,,,1,,1,,,42,42,1,22,,B02,120.646263,24.164391,3
2022,1,8,15,58,臺中市,北區,0,0,0,8,,,50,,,,,,,,,,,,,,,10,,,,,B03,,,1,,2,,,10,10,1,22,,B03,120.68367,24.159075,3
2022,1,8,16,14,臺中市,西屯區,0,0,0,8,,,50,,,,,,,,,,,,,,,19,,,,,B03,,,1,,1,,,19,19,1,21,,B03,120.637588,24.17931,3
2022,1,8,16,15,臺中市,西區,0,1,0,8,1,5,50,3,1,1,5,4,5,7,4,4,5,5,5,2,12,7,3,10,1,1,B03,7,8,1,8,2,5,,7,7,1,5,8,B03,120.661693,24.139613,2
2022,1,8,16,15,臺中市,中區,0,0,0,8,,,50,,,,,,,,,,,,,,,23,,,,,B03,,,1,,2,,,23,23,1,2,,B03,120.680663,24.142754,3
2022,1,8,16,15,臺中市,大甲區,0,0,0,8,,,50,,,,,,,,,,,,,,,12,,,,,C03,,,1,,2,,,12,12,1,4,,C03,120.625644,24.343467,3
2022,1,8,16,17,臺中市,豐原區,0,2,0,8,1,5,50,3,1,1,5,4,5,7,4,4,5,5,5,2,16,6,2,7,1,1,B03,7,5,1,8,2,5,,6,6,1,22,9,B03,120.708307,24.246184,2
2022,1,8,16,19,臺中市,西屯區,0,0,0,8,,,50,,,,,,,,,,,,,,,6,,,,,B03,,,1,,1,,,6,6,1,22,,B03,120.615969,24.176435,3
2022,1,8,16,28,臺中市,北屯區,0,1,0,8,1,5,50,5,1,1,5,4,5,7,2,1,10,5,5,2,16,8,2,9,1,1,C03,7,5,1,10,2,12,,8,8,1,21,8,C03,120.673753,24.174054,2
2022,1,8,16,32,臺中市,北區,0,0,0,,,,50,,,,,,,,,,,,,,,7,,,,,B03,,,1,,2,,,7,7,1,21,,B03,120.677007,24.151216,3
2022,1,8,16,32,臺中市,太平區,0,0,0,8,,,50,,,,,,,,,,,,,,,6,,,,,B03,,,1,,2,,,6,6,1,9,,B03,120.711935,24.143464,3
2022,1,8,16,40,臺中市,沙鹿區,0,0,0,,,,40,,,,,,,,,,,,,,,23,,,,,C03,,,1,,2,,,23,23,1,22,,C03,120.580907,24.201981,3
2022,1,8,16,47,臺中市,沙鹿區,0,2,0,8,1,5,50,4,1,1,5,4,5,7,3,1,10,5,5,2,16,6,3,10,1,1,C03,7,9,1,10,2,12,,6,6,1,22,9,C03,120.556819,24.232583,2
2022,1,8,16,47,臺中市,梧棲區,0,1,0,8,1,5,60,3,1,1,5,4,5,7,1,1,10,5,5,2,17,6,3,10,1,1,B03,7,8,1,8,2,6,,6,6,1,12,8,B03,120.53271,24.251413,2
2022,1,8,16,48,臺中市,梧棲區,0,0,0,8,,,50,,,,,,,,,,,,,,,16,,,,,B03,,,6,,2,,,16,16,1,9,,B03,120.513405,24.227453,3
2022,1,8,16,50,臺中市,南屯區,0,2,0,8,1,5,50,4,1,1,5,4,5,7,1,1,5,4,4,2,17,6,2,9,1,1,C03,7,5,1,10,2,12,,6,6,1,22,8,C03,120.637475,24.138079,2
2022,1,8,16,51,臺中市,南屯區,0,0,0,,,,50,,,,,,,,,,,,,,,19,,,,,B03,,,1,,1,,,19,19,1,22,,B03,120.646194,24.139672,3
2022,1,8,16,52,臺中市,太平區,0,2,0,8,1,5,30,11,9,1,5,4,5,7,4,4,5,4,5,1,18,42,2,9,1,1,C03,7,6,1,10,2,12,,42,42,1,18,8,C03,120.808065,24.095749,2
2022,1,8,16,56,臺中市,南屯區,0,2,0,8,2,5,50,14,9,1,5,4,5,7,4,4,1,4,5,2,12,26,2,9,1,1,C03,7,7,1,10,2,14,,26,26,1,18,8,C03,120.617809,24.145262,2
2022,1,8,17,3,臺中市,南屯區,0,0,0,,,,50,,,,,,,,,,,,,,,7,,,,,B03,,,1,,2,,,7,7,1,22,,B03,120.647611,24.123761,3
2022,1,8,17,5,臺中市,太平區,0,3,0,8,1,5,30,4,1,1,5,4,5,7,4,4,5,5,5,2,15,6,2,9,1,1,C03,7,9,1,10,2,11,,6,6,1,9,8,C03,120.719717,24.149925,2
2022,1,8,17,5,臺中市,沙鹿區,0,0,0,8,1,5,50,5,1,1,5,4,5,7,1,1,10,5,5,2,17,6,3,10,1,1,A04,7,11,1,1,2,4,,6,6,1,10,4,A04,120.568614,24.224765,3
2022,1,8,17,5,臺中市,神岡區,0,0,0,8,,,50,,,,,,,,,,,,,,,12,,,,,B12,,,1,,2,,,12,12,1,22,,B12,120.695834,24.247946,3
2022,1,8,17,13,臺中市,南區,0,0,0,8,,,30,,,,,,,,,,,,,,,12,,,,,B12,,,1,,2,,,12,12,1,3,,B12,120.651514,24.116789,3
2022,1,8,17,13,臺中市,西屯區,0,1,0,8,1,5,50,4,1,1,5,4,5,7,1,1,1,4,1,2,17,26,3,10,3,4,B03,7,6,1,8,2,5,,26,26,1,22,8,B03,120.65602,24.158883,2
2022,1,8,17,20,臺中市,西區,0,0,0,8,,,40,,,,,,,,,,,,,,,17,,,,,B03,,,1,,2,,,17,17,1,5,,B03,120.661444,24.137438,3
2022,1,8,17,23,臺中市,太平區,0,1,0,8,3,5,50,4,1,1,5,4,5,7,1,1,5,5,5,2,17,17,3,10,1,1,C03,7,9,1,10,2,11,,17,17,1,21,8,C03,120.703104,24.15343,2
2022,1,8,17,24,臺中市,南區,0,0,0,,,,50,,,,,,,,,,,,,,,12,,,,,B03,,,1,,2,,,12,12,1,22,,B03,120.671829,24.12983,3
2022,1,8,17,25,臺中市,北區,0,1,0,8,3,5,50,4,1,1,5,4,5,7,1,1,10,5,5,2,13,16,3,10,1,1,C03,7,9,3,18,2,11,,16,16,1,22,8,C03,120.684968,24.165349,2
2022,1,8,17,28,臺中市,北屯區,0,3,0,8,2,5,50,4,1,1,5,4,5,7,1,1,10,5,5,2,16,6,2,9,1,1,C03,7,5,1,10,2,11,12,6,6,1,22,8,C03,120.719208,24.176958,2
2022,1,8,17,32,臺中市,北區,0,0,0,,,,50,,,,,,,,,,,,,,,26,,,,,B12,,,1,,2,,,26,26,1,21,,B12,120.683896,24.146209,3
2022,1,8,17,32,臺中市,北區,0,1,0,8,1,5,50,4,1,1,5,4,5,7,1,1,10,5,5,2,29,43,2,9,4,1,F01,7,9,1,20,2,16,,43,43,1,22,8,F01,120.67313,24.166735,2
2022,1,8,17,32,臺中市,北屯區,0,2,0,8,2,5,50,4,1,1,5,4,5,7,1,1,10,5,5,2,16,25,2,9,1,1,F01,7,9,8,20,2,16,,25,25,1,18,8,F01,120.776031,24.198426,2
2022,1,8,17,37,臺中市,潭子區,0,0,0,8,,,50,,,,,,,,,,,,,,,23,,,,,B03,,,1,,2,,,23,23,1,22,,B03,120.709258,24.233458,4
2022,1,8,17,37,臺中市,北屯區,0,3,0,8,3,5,50,4,1,1,5,4,5,7,1,1,10,5,5,2,16,19,2,9,1,1,C03,7,1,1,10,2,14,12,19,19,1,5,8,C03,120.702391,24.16975,2
2022,1,8,17,40,臺中市,南屯區,0,2,0,8,2,5,50,4,18,1,5,4,5,7,2,1,5,5,5,2,3,25,2,9,1,1,C03,7,9,1,10,2,12,,25,25,1,22,8,C03,120.646194,24.139672,2
2022,1,8,17,44,臺中市,北區,0,0,0,8,,,50,,,,,,,,,,,,,,,7,,,,,B03,,,1,,2,,,7,7,1,22,,B03,120.673337,24.166906,3
2022,1,8,17,48,臺中市,北區,0,4,0,7,3,5,50,4,1,1,5,4,5,7,1,1,10,5,5,2,16,6,2,9,1,1,C03,7,5,1,10,2,12,,6,6,1,22,8,C03,120.677536,24.150592,2
2022,1,8,17,49,臺中市,西區,0,1,0,8,3,5,50,4,1,1,5,4,5,7,2,1,10,4,4,2,16,26,3,10,1,1,B03,7,6,1,8,2,2,,26,26,1,20,8,B03,120.657365,24.146713,2
2022,1,8,17,50,臺中市,西屯區,0,1,0,8,1,5,50,4,1,1,5,4,5,7,2,1,1,1,4,2,16,6,3,10,1,1,B03,7,5,1,8,2,1,,6,6,1,22,8,B03,120.639075,24.164985,2
2022,1,8,17,55,臺中市,大雅區,0,0,0,8,,,50,,,,,,,,,,,,,,,7,,,,,B03,,,1,,2,,,7,7,1,22,,B03,120.644944,24.226264,3
2022,1,8,17,55,臺中市,新社區,0,1,0,8,1,5,50,3,9,1,5,4,5,7,4,4,4,3,5,1,16,6,2,9,1,1,C03,7,9,1,10,2,11,,23,6,1,22,9,C03,120.790105,24.206805,2
2022,1,8,17,59,臺中市,南屯區,0,0,0,,,,50,,,,,,,,,,,,,,,7,,,,,B03,,,1,,1,,,7,7,1,22,,B03,120.62278,24.149986,3
2022,1,8,18,2,臺中市,清水區,0,2,0,8,2,5,50,14,9,1,5,4,5,7,4,4,5,5,5,1,14,12,3,10,1,1,B03,7,2,1,8,2,7,,12,12,1,5,5,B03,120.564708,24.268261,2
2022,1,8,18,4,臺中市,西屯區,0,0,0,8,,,40,,,,,,,,,,,,,,,7,,,,,C03,,,1,,1,,,7,7,1,22,,C03,120.646136,24.164241,3
2022,1,8,18,10,臺中市,西屯區,0,1,0,8,1,5,50,4,1,1,5,4,5,7,1,1,5,4,5,2,17,6,3,10,3,4,B12,7,6,1,8,2,5,,6,6,1,22,8,B12,120.655933,24.158668,2
2022,1,8,18,15,臺中市,大雅區,0,0,0,8,,,50,,,,,,,,,,,,,,,12,,,,,B03,,,1,,2,,,12,12,1,22,,B03,120.668448,24.236505,3
2022,1,8,18,15,臺中市,南屯區,0,0,0,8,,,50,,,,,,,,,,,,,,,26,,,,,B03,,,1,,2,,,26,26,1,4,,B03,120.642648,24.151143,3
2022,1,8,18,21,臺中市,豐原區,0,0,0,8,,,60,,,,,,,,,,,,,,,23,,,,,F01,,,8,,2,,,23,23,1,22,,F01,120.703286,24.241194,3
2022,1,8,18,25,臺中市,大甲區,0,0,0,8,,,50,,,,,,,,,,,,,,,23,,,,,B03,,,1,,1,,,23,23,1,4,,B03,120.626845,24.340395,3
2022,1,8,18,31,臺中市,西區,0,0,0,8,,,50,,,,,,,,,,,,,,,7,,,,,B03,,,1,,1,,,7,7,1,22,,B03,120.655625,24.140257,3
2022,1,8,18,35,臺中市,潭子區,0,0,0,8,,,40,,,,,,,,,,,,,,,12,,,,,B03,,,1,,9,,,12,12,1,22,,B03,120.700798,24.214593,3
2022,1,8,18,35,臺中市,沙鹿區,0,0,0,8,,,60,,,,,,,,,,,,,,,16,,,,,B03,,,1,,2,,,16,16,1,4,,B03,120.581254,24.25013,3
2022,1,8,18,36,臺中市,中區,0,0,0,8,,,50,,,,,,,,,,,,,,,12,,,,,B12,,,1,,2,,,12,12,1,4,,B12,120.685284,24.141543,3
2022,1,8,18,37,臺中市,北屯區,0,0,0,8,3,5,50,4,1,1,5,4,5,7,4,4,10,5,5,2,16,6,3,10,1,1,B03,7,9,1,8,2,1,,6,6,1,21,8,B03,120.715818,24.171305,3
2022,1,8,18,38,臺中市,大雅區,0,0,0,8,,,50,,,,,,,,,,,,,,,12,,,,,B02,,,1,,2,,,12,12,1,22,,B02,120.65772,24.230685,3
2022,1,8,18,41,臺中市,西區,0,2,0,8,1,5,50,11,7,1,5,4,5,7,4,4,3,4,4,2,12,17,3,10,1,1,B03,7,9,1,8,2,2,,17,17,1,4,5,B03,120.665344,24.142744,2
2022,1,8,18,41,臺中市,西屯區,0,0,0,8,,,50,,,,,,,,,,,,,,,23,,,,,B03,,,1,,1,,,23,23,1,22,,B03,120.661389,24.171828,3
2022,1,8,18,58,臺中市,沙鹿區,0,2,0,7,3,5,60,3,1,1,5,4,5,7,1,1,10,5,5,2,16,25,3,10,1,1,B03,7,9,1,8,2,8,,44,25,1,22,9,B03,120.575288,24.247375,2
2022,1,8,19,5,臺中市,西屯區,0,0,0,8,,,50,,,,,,,,,,,,,,,23,,,,,C03,,,1,,1,,,23,23,1,22,,C03,120.646216,24.168061,3
2022,1,8,19,10,臺中市,沙鹿區,0,0,0,8,,,60,,,,,,,,,,,,,,,7,,,,,B03,,,1,,2,,,7,7,1,22,,B03,120.575288,24.247375,3
2022,1,8,19,10,臺中市,后里區,0,1,0,8,3,5,50,3,1,1,5,4,5,7,1,1,10,5,5,2,16,6,3,10,1,1,B12,7,6,1,8,2,5,,6,6,1,22,8,B12,120.716724,24.29636,2
2022,1,8,19,30,臺中市,西區,0,0,0,,,,50,,,,,,,,,,,,,,,12,,,,,B03,,,1,,1,,,12,12,1,20,,B03,120.658992,24.149487,3
2022,1,8,19,35,臺中市,西區,0,0,0,8,,,50,,,,,,,,,,,,,,,12,,,,,B03,,,1,,2,,,12,12,1,22,,B03,120.65331,24.149371,3
2022,1,8,19,35,臺中市,太平區,0,0,0,8,,,50,,,,,,,,,,,,,,,19,,,,,C03,,,1,,1,,,19,19,1,21,,C03,120.720663,24.130636,3
2022,1,8,19,43,臺中市,大雅區,0,1,0,8,3,5,50,3,2,1,5,4,5,7,4,4,5,5,5,1,16,6,3,10,1,1,B03,7,6,1,6,2,2,,6,6,1,22,9,B03,120.653601,24.222402,2
2022,1,8,19,44,臺中市,南屯區,0,1,0,8,3,5,50,14,9,1,5,4,5,7,4,4,3,4,5,2,17,16,3,10,1,1,B12,7,9,1,8,2,1,,16,16,1,22,8,B12,120.646879,24.147815,2
2022,1,8,19,48,臺中市,西屯區,0,1,0,8,3,5,40,3,8,1,5,4,5,7,4,4,1,4,1,2,12,6,3,10,3,4,B03,7,6,1,8,2,5,,6,6,1,22,8,B03,120.63737,24.170553,2
2022,1,8,20,11,臺中市,西屯區,0,1,0,8,3,5,40,14,7,1,5,4,5,7,4,4,4,5,4,2,12,43,2,8,1,1,C03,7,9,1,10,2,15,,43,43,1,22,8,C03,120.659779,24.164176,2
2022,1,8,20,13,臺中市,神岡區,0,1,0,8,3,5,50,3,2,1,5,4,5,7,4,4,5,3,4,2,13,23,3,10,1,1,C03,7,9,1,10,2,11,,23,23,1,21,4,C03,120.682243,24.246891,2
2022,1,8,20,14,臺中市,西區,0,0,0,8,,,50,,,,,,,,,,,,,,,26,,,,,B03,,,1,,1,,,26,26,1,4,,B03,120.665257,24.145546,3
2022,1,8,20,17,臺中市,西區,0,1,0,8,1,5,50,14,7,1,5,4,5,7,4,4,1,4,4,2,13,23,2,9,1,1,C03,7,8,1,10,1,11,,23,23,1,18,9,C03,120.657295,24.151903,2
2022,1,8,20,23,臺中市,西屯區,0,0,0,8,,,50,,,,,,,,,,,,,,,43,,,,,C03,,,1,,2,,,43,43,1,22,,C03,120.655718,24.165526,3
2022,1,8,20,50,臺中市,西區,0,1,0,8,3,5,50,4,1,1,5,4,5,7,1,1,10,5,5,2,16,6,3,10,1,1,B03,7,6,1,8,2,5,,6,6,1,4,5,B03,120.665346,24.150949,2
2022,1,8,21,3,臺中市,豐原區,0,0,0,,,,,,,,,,,,,,,,,,,67,,,,,,,,,,,,,67,67,1,,,,120.706375,24.249555,3
2022,1,8,21,5,臺中市,霧峰區,0,1,0,8,3,5,50,4,1,1,5,4,5,7,4,4,10,5,5,1,3,6,3,10,1,1,B03,7,5,1,8,2,8,,6,6,1,22,9,B03,120.698788,24.070099,2
2022,1,8,21,13,臺中市,北區,0,2,0,8,3,5,50,14,7,1,5,4,5,7,4,4,3,4,4,2,17,16,2,9,1,1,C03,7,9,1,10,2,11,,16,16,1,22,8,C03,120.687557,24.146254,2
2022,1,8,21,13,臺中市,西屯區,0,1,0,8,3,5,50,3,2,1,5,4,5,7,2,1,1,3,5,2,13,16,2,8,1,1,C03,7,9,1,10,1,11,,16,16,1,22,8,C03,120.646874,24.15716,2
2022,1,8,21,18,臺中市,北屯區,0,2,0,8,3,5,50,4,1,1,5,4,5,7,3,1,10,5,5,2,15,6,2,8,1,1,C03,7,9,1,10,2,14,,14,6,1,5,8,C03,120.672661,24.177923,2
2022,1,8,21,18,臺中市,清水區,0,0,0,8,3,5,50,4,1,1,5,4,5,7,1,1,5,4,5,1,16,25,3,10,1,1,B01,7,6,1,4,1,8,,25,25,1,5,5,B01,120.560456,24.283967,3
2022,1,8,21,25,臺中市,烏日區,0,0,0,8,,,50,,,,,,,,,,,,,,,12,,,,,B02,,,1,,2,,,12,12,1,21,,B02,120.624373,24.102606,3
2022,1,8,21,26,臺中市,東區,0,0,0,8,,,50,,,,,,,,,,,,,,,23,,,,,B02,,,1,8,2,,,23,23,1,21,,B02,120.704045,24.134429,3
2022,1,8,21,27,臺中市,北區,0,0,0,8,,,50,,,,,,,,,,,,,,,23,,,,,B12,,,6,,2,,,23,23,1,22,,B12,120.682325,24.162079,3
2022,1,8,21,28,臺中市,西屯區,0,0,0,8,,,60,,,,,,,,,,,,,,,43,,,,,B03,,,1,,1,,,43,43,1,22,,B03,120.628393,24.162543,3
2022,1,8,21,30,臺中市,北屯區,0,0,0,8,,,50,,,,,,,,,,,,,,,12,,,,,B03,,,1,,1,,,12,12,1,4,,B03,120.711035,24.169803,3
2022,1,8,21,30,臺中市,北屯區,0,0,0,8,,,40,,,,,,,,,,,,,,,16,,,,,B03,,,1,,1,,,16,16,1,21,,B03,120.689002,24.201163,3
2022,1,8,21,34,臺中市,神岡區,0,1,0,8,3,5,60,14,9,1,5,4,5,7,1,1,1,4,5,1,18,42,2,7,1,1,C03,7,9,1,10,2,14,,42,42,1,22,8,C03,120.67,24.242377,2
2022,1,8,21,39,臺中市,豐原區,0,0,0,8,,,50,,,,,,,,,,,,,,,17,,,,,B12,,,1,,2,,,17,17,1,4,,B12,120.727411,24.24518,3
2022,1,8,21,51,臺中市,北區,0,0,0,,,,50,,,,,,,,,,,,,,,18,,,,,B03,,,1,,2,,,18,18,1,21,,B03,120.685606,24.153071,3
2022,1,8,21,52,臺中市,南屯區,0,0,0,,,,40,,,,,,,,,,,,,,,44,,,,,C03,,,1,,10,,,44,44,1,22,,C03,120.644797,24.153508,3
2022,1,8,21,53,臺中市,北屯區,0,2,0,8,3,5,50,4,1,1,5,4,5,7,1,1,10,5,5,2,16,43,3,10,1,1,B12,7,9,1,3,2,1,,43,43,1,21,8,B12,120.703611,24.18221,2
2022,1,8,21,56,臺中市,北屯區,0,2,0,8,3,5,50,4,1,1,5,4,5,7,4,4,10,5,5,2,13,16,2,9,1,1,C03,7,9,1,10,2,11,14,16,16,1,5,8,C03,120.725311,24.165374,2
2022,1,8,21,57,臺中市,西屯區,0,1,0,8,3,5,30,4,9,1,5,4,5,7,4,4,1,5,5,1,11,5,2,9,3,4,C03,7,6,1,10,2,11,,5,5,1,22,8,C03,120.631781,24.191776,2
2022,1,8,21,59,臺中市,西屯區,0,1,0,8,3,5,50,3,2,1,5,4,5,7,2,1,4,5,4,2,16,10,3,10,1,1,B03,7,11,1,8,2,5,,10,10,1,22,8,B03,120.649536,24.171716,2
2022,1,8,22,1,臺中市,后里區,0,0,0,8,1,5,50,14,9,1,5,4,5,7,4,4,4,3,5,1,12,10,,,,,B03,,,1,,2,,,10,10,1,22,,B03,120.70887,24.305788,3
2022,1,8,22,4,臺中市,北區,0,3,0,8,3,5,50,5,9,1,5,4,5,7,1,1,5,5,5,2,17,23,3,10,1,1,B03,7,9,1,8,2,1,,23,23,1,22,9,B03,120.668886,24.152968,2
2022,1,8,22,16,臺中市,豐原區,0,1,0,8,3,5,60,3,1,1,5,4,5,7,4,4,1,4,4,2,17,26,3,10,3,4,C03,7,9,1,10,2,14,,26,26,1,22,9,C03,120.717819,24.264188,2
2022,1,8,22,25,臺中市,豐原區,0,1,0,8,1,5,50,14,7,1,5,4,5,7,4,4,5,5,5,2,18,42,2,9,3,4,C03,7,9,1,10,2,12,,42,42,1,22,8,C03,120.723331,24.240276,2
2022,1,8,22,32,臺中市,南區,0,0,0,,,,50,,,,,,,,,,,,,,,18,,,,,B03,,,1,,2,,,18,18,1,22,,B03,120.654113,24.120931,3
2022,1,8,22,41,臺中市,北區,0,1,0,8,1,5,50,4,1,1,5,4,5,7,1,1,5,5,5,2,16,6,3,10,1,1,B03,7,5,1,8,2,8,,6,6,1,5,8,B03,120.69432,24.156811,2
2022,1,8,22,50,臺中市,沙鹿區,0,1,0,8,3,5,60,5,1,1,5,4,5,7,1,1,5,5,5,1,16,25,3,10,1,1,A02,7,5,1,2,2,2,,25,25,1,10,1,A02,120.560836,24.241137,2
2022,1,8,22,56,臺中市,烏日區,0,1,0,8,3,5,60,4,1,1,5,4,5,7,2,1,10,5,5,2,12,23,2,7,1,1,C03,7,9,1,10,2,14,,23,23,1,22,8,C03,120.614266,24.10678,2
2022,1,8,23,0,臺中市,北區,0,2,0,8,3,5,50,4,1,1,5,4,5,7,3,1,5,5,5,2,15,6,3,10,1,1,B03,7,9,1,8,2,8,,6,6,1,5,8,B03,120.673635,24.151592,2
2022,1,8,23,0,臺中市,西屯區,0,0,0,8,,,50,,,,,,,,,,,,,,,42,,,,,B03,,,1,,1,,,42,42,1,22,,B03,120.620147,24.180727,3
2022,1,8,23,4,臺中市,北區,0,1,0,8,3,5,50,4,1,1,5,4,5,7,1,1,10,5,5,2,17,19,3,10,1,1,B03,7,1,1,8,2,8,,19,19,1,22,9,B03,120.684928,24.161431,2
2022,1,8,23,18,臺中市,豐原區,0,1,0,8,3,5,50,14,20,1,5,4,5,7,4,4,4,5,4,2,9,19,3,10,1,1,B03,7,1,1,8,2,1,,19,19,1,4,5,B03,120.724336,24.25518,2
2022,1,8,23,30,臺中市,豐原區,0,1,0,8,3,5,50,14,9,1,5,4,5,7,2,1,5,4,5,2,13,43,2,8,3,4,C03,7,9,1,10,2,11,,43,43,1,22,9,C03,120.71463,24.24553,2
2022,1,8,23,41,臺中市,神岡區,0,1,0,8,3,5,50,14,9,1,5,4,5,7,3,1,5,5,4,2,17,6,3,10,1,1,B03,7,5,1,8,2,8,,6,6,1,22,8,B03,120.664975,24.262944,2
2022,1,8,23,52,臺中市,南區,0,1,0,8,3,5,50,4,1,1,5,4,5,7,2,1,10,5,5,2,18,13,2,9,1,1,C03,7,9,3,18,2,14,,13,13,1,21,8,C03,120.659883,24.110723,2
2022,1,8,23,57,臺中市,大雅區,0,1,0,8,1,5,50,11,9,1,5,4,5,7,4,4,5,5,5,1,16,16,2,9,1,1,C03,7,9,3,18,2,11,,16,16,1,22,9,C03,120.634357,24.21357,2
2022,1,9,0,5,臺中市,西屯區,0,2,0,8,3,5,50,4,1,1,5,4,5,7,2,1,1,4,4,2,2,23,2,9,1,1,C03,7,6,1,10,2,11,,23,23,1,22,8,C03,120.618828,24.18474,2
2022,1,9,0,35,臺中市,西屯區,0,1,0,8,3,5,40,3,1,1,5,4,5,7,2,1,10,5,5,2,16,6,3,10,1,1,B03,7,6,1,8,2,2,,6,6,1,22,8,B03,120.602731,24.182943,2