年,月,日,時,分,縣市,區,死,受傷,2-30,天候,光線,道路類別,速限,道路型態,事故位置,路面鋪裝,路面狀態,路面缺陷,障礙物,視距,號誌種類,號誌動作,分向設施,快車道或一般車道間,快慢車道間,路面邊線,事故類型及型態,主要肇因,受傷程度,主要傷處,保護裝備,行動電話,當事者區分,車輛用途,當事者行動狀態,駕駛資格情形,駕駛執照種類,飲酒情形,車輛撞擊部位最初,車輛撞擊部位其他,肇事因素個別,肇事因素主要,肇事逃逸,職業,旅次目的,車種,GPS緯度,GPS經度,事故類別
2022,1,9,19,31,臺中市,后里區,0,0,0,8,3,5,50,4,2,1,5,4,5,7,1,1,4,1,5,1,18,42,3,10,1,1,C03,7,9,1,10,8,12,,42,42,1,22,8,C03,120.707945,24.316591,3
2022,1,9,19,33,臺中市,豐原區,0,2,0,8,1,5,50,4,9,1,5,4,5,7,4,4,3,5,5,2,17,10,3,10,3,4,C03,7,11,1,10,2,15,,10,10,1,22,8,C03,120.741525,24.263119,2
2022,1,9,19,41,臺中市,大甲區,0,0,0,8,,,70,,,,,,,,,,,,,,,23,,,,,B03,,,1,,2,,,23,23,1,22,,B03,120.612506,24.331392,3
2022,1,9,19,49,臺中市,南區,0,0,0,8,,,50,,,,,,,,,,,,,,,12,,,,,B03,,,1,,2,,,12,12,1,22,,B03,120.663381,24.112805,3
2022,1,9,19,54,臺中市,潭子區,0,1,0,8,3,5,30,3,1,1,5,4,5,7,4,4,10,5,5,2,13,16,3,10,1,1,B03,7,6,1,8,2,5,,16,16,1,22,8,B03,120.708066,24.228234,2
2022,1,9,19,57,臺中市,北區,0,0,0,8,,,50,,,,,,,,,,,,,,,17,,,,,C03,,,1,,2,,,17,17,1,22,,C03,120.68616,24.146227,3
2022,1,9,19,59,臺中市,西屯區,0,1,0,8,3,5,50,4,18,1,5,4,5,7,2,1,1,4,4,2,3,15,3,10,3,4,B03,7,5,1,8,2,1,,15,15,1,22,8,B03,120.664098,24.172503,2
2022,1,9,20,0,臺中市,沙鹿區,0,0,0,8,3,5,40,14,8,1,5,4,5,7,4,4,1,3,1,1,12,19,3,10,1,1,B03,7,1,1,8,2,4,,19,19,1,20,8,B03,120.572814,24.232304,3
2022,1,9,20,9,臺中市,北屯區,0,2,0,8,3,5,50,14,9,1,5,4,5,7,4,4,1,4,5,2,12,19,3,10,1,1,B03,7,1,1,8,2,8,,19,19,1,5,8,B03,120.692123,24.171111,2
2022,1,9,20,10,臺中市,潭子區,0,1,0,8,3,5,50,3,1,1,5,4,5,7,4,4,10,5,5,1,17,1,2,9,1,1,C03,7,11,1,10,2,12,,1,1,1,22,8,C03,120.689691,24.222883,2
2022,1,9,20,22,臺中市,西屯區,0,1,0,8,3,5,50,3,1,1,5,4,5,7,4,4,3,4,5,2,12,6,3,10,3,4,B03,7,6,1,8,2,6,,6,6,1,22,8,B03,120.623596,24.173693,2
2022,1,9,20,29,臺中市,西屯區,0,0,0,8,,,30,,,,,,,,,,,,,,,23,,,,,B03,,,1,,11,,,23,23,1,22,,B03,120.646246,24.183836,3
2022,1,9,20,34,臺中市,太平區,0,1,0,8,3,5,50,3,2,1,5,4,5,7,4,4,9,4,5,1,12,6,2,9,1,1,C03,7,6,3,18,2,13,,6,6,1,19,8,C03,120.725133,24.134136,2
2022,1,9,20,37,臺中市,北區,0,0,0,8,4,5,50,4,1,1,5,4,5,7,2,1,10,5,5,2,14,12,,,,,B02,,,1,,2,,,12,12,1,22,,B02,120.680948,24.159108,3
2022,1,9,20,51,臺中市,東區,0,2,0,8,3,5,50,14,9,1,5,4,5,7,4,4,5,5,5,2,13,16,2,9,1,1,C04,7,9,1,10,2,13,,42,42,1,22,8,C04,120.689594,24.144327,2
2022,1,9,21,0,臺中市,北區,0,0,0,8,,,40,,,,,,,,,,,,,,,23,,,,,B03,,,1,,11,,,23,23,1,22,,B03,120.684957,24.161088,3
2022,1,9,21,0,臺中市,烏日區,0,1,0,8,3,5,50,4,1,1,5,4,5,7,2,1,5,4,5,1,16,6,3,10,1,1,C03,7,6,1,10,2,15,,6,6,1,21,8,C03,120.64545,24.057853,2
2022,1,9,21,12,臺中市,大里區,0,0,0,8,,,50,,,,,,,,,,,,,,,18,,,,,B03,,,1,,2,,,18,18,1,22,,B03,120.683749,24.112346,3
2022,1,9,21,13,臺中市,北屯區,0,0,0,8,,,40,,,,,,,,,,,,,,,8,,,,,C03,,,1,,2,,,8,8,1,22,,C03,120.711869,24.182278,3
2022,1,9,21,28,臺中市,太平區,0,0,0,8,,,50,,,,,,,,,,,,,,,25,,,,,C03,,,6,,2,,,25,25,1,21,,C03,120.711259,24.134236,3
2022,1,9,21,30,臺中市,沙鹿區,0,0,0,8,,,50,,,,,,,,,,,,,,,12,,,,,C03,,,1,,1,,,12,12,2,4,,C03,120.581905,24.213503,3
2022,1,9,22,15,臺中市,烏日區,0,2,0,8,3,5,50,4,1,1,5,4,5,7,4,4,5,5,5,2,15,6,2,9,1,1,C03,7,9,1,10,2,12,,6,6,1,21,8,C03,120.644966,24.073193,2
2022,1,9,22,19,臺中市,沙鹿區,0,1,0,8,1,5,50,3,1,1,5,4,5,7,4,4,10,5,5,2,14,12,3,10,1,1,B03,7,2,1,8,2,6,,12,12,1,9,9,B03,120.581362,24.214605,2
2022,1,9,22,37,臺中市,北區,0,2,0,8,3,5,50,4,1,1,5,4,5,7,1,1,10,5,5,2,16,6,2,9,1,1,C03,7,5,1,10,2,11,,6,6,1,22,9,C03,120.679103,24.171185,2
2022,1,9,22,38,臺中市,北區,0,1,0,8,3,5,50,4,1,1,5,4,5,7,4,4,10,5,5,2,15,6,3,10,1,1,B03,7,9,1,8,2,2,,6,6,1,20,8,B03,120.669449,24.171635,2
2022,1,9,22,41,臺中市,西屯區,0,0,0,8,,,50,,,,,,,,,,,,,,,23,,,,,B03,,,1,,2,,,23,23,1,22,,B03,120.64895,24.164552,3
2022,1,9,22,45,臺中市,東區,0,0,0,8,,,40,,,,,,,,,,,,,,,23,,,,,B03,,,1,8,9,,,23,23,1,21,,B03,120.69266,24.147891,3
2022,1,9,23,8,臺中市,后里區,0,0,0,8,3,5,40,11,9,1,5,4,5,7,4,4,5,4,5,2,16,67,,,,,,,,,,,,,67,67,1,,,,120.712548,24.301367,3
2022,1,9,23,15,臺中市,南屯區,0,0,0,8,,,50,,,,,,,,,,,,,,,10,,,,,B03,,,1,,1,,,10,10,1,12,,B03,120.643501,24.14551,3
2022,1,10,2,0,臺中市,北屯區,0,0,0,8,,,50,,,,,,,,,,,,,,,43,,,,,B03,,,1,,2,,,43,43,1,10,,B03,120.6605,24.1888,3
2022,1,10,2,34,臺中市,南屯區,0,1,0,8,3,5,50,14,7,1,5,4,5,7,4,4,1,4,4,2,18,13,2,9,1,1,C02,7,9,1,10,2,12,,13,13,1,22,8,C02,120.636359,24.154757,2
2022,1,10,6,10,臺中市,沙鹿區,0,0,0,8,,,40,,,,,,,,,,,,,,,12,,,,,B03,,,1,,2,,,12,12,1,5,,B03,120.573611,24.229166,3
2022,1,10,6,23,臺中市,南屯區,0,1,0,8,3,5,50,3,1,1,5,4,5,7,1,1,10,5,5,2,17,25,2,9,3,4,B12,7,5,1,8,2,1,,25,25,1,10,4,B12,120.613014,24.153963,2
2022,1,10,6,38,臺中市,大甲區,0,0,0,8,,,50,,,,,,,,,,,,,,,10,,,,,B03,,,1,,1,,,10,10,1,21,,B03,120.645061,24.404813,3
2022,1,10,6,51,臺中市,西區,0,0,0,8,,,60,,,,,,,,,,,,,,,7,,,,,B03,,,6,,11,,,7,7,1,22,,B03,120.661353,24.155906,3
2022,1,10,7,4,臺中市,神岡區,0,0,0,8,,,50,,,,,,,,,,,,,,,19,,,,,B03,,,1,,1,,,19,19,1,22,,B03,120.660556,24.270674,3
2022,1,10,7,5,臺中市,北屯區,0,1,0,8,1,5,50,4,1,1,5,4,5,7,4,4,10,5,5,2,13,23,3,10,1,1,B03,7,9,1,8,2,5,,23,23,1,21,8,B03,120.687333,24.180136,2
2022,1,10,7,7,臺中市,神岡區,0,0,0,8,,,30,,,,,,,,,,,,,,,23,,,,,B03,,,1,,1,,,23,23,1,22,,B03,120.649973,24.275158,3
2022,1,10,7,12,臺中市,沙鹿區,0,0,0,8,,,30,,,,,,,,,,,,,,,23,,,,,B03,,,1,,2,,,23,23,1,21,,B03,120.617899,24.243016,3
2022,1,10,7,17,臺中市,北區,0,3,0,8,1,5,50,4,1,1,5,4,5,7,2,1,10,5,5,2,17,26,2,9,4,5,F01,7,5,8,20,2,16,,26,26,1,22,8,F01,120.669122,24.155344,2
2022,1,10,7,20,臺中市,豐原區,0,1,0,8,1,5,60,3,1,1,5,4,5,7,4,4,1,5,5,2,12,17,3,10,3,4,B03,7,9,1,8,2,8,,17,17,1,22,8,B03,120.736891,24.257616,2
2022,1,10,7,23,臺中市,西屯區,0,0,0,8,,,50,,,,,,,,,,,,,,,16,,,,,B03,,,1,,1,,,16,16,1,22,,B03,120.632545,24.170095,3
2022,1,10,7,24,臺中市,沙鹿區,0,1,0,7,1,5,50,3,1,1,5,4,5,1,3,1,5,5,4,2,13,23,3,10,1,1,B03,7,9,1,8,2,1,,23,23,1,22,9,B03,120.569887,24.19471,2
2022,1,10,7,27,臺中市,北區,0,1,0,8,1,5,50,5,1,1,5,4,5,7,1,1,1,2,5,2,16,25,3,10,1,1,B03,7,5,1,8,2,2,,25,25,1,21,8,B03,120.686252,24.15482,2
2022,1,10,7,30,臺中市,東勢區,0,1,0,8,1,5,30,3,1,1,5,4,5,7,4,4,10,5,5,2,17,6,3,10,1,1,B03,7,5,1,8,2,1,,6,6,1,22,8,B03,120.791816,24.285381,2
2022,1,10,7,33,臺中市,北區,0,1,0,8,1,5,40,4,1,1,5,4,5,7,4,4,10,5,5,2,16,6,2,9,3,4,C03,7,9,1,10,2,12,,6,6,1,5,8,C03,120.677625,24.168596,2
2022,1,10,7,34,臺中市,烏日區,0,1,0,8,1,5,50,14,8,1,5,4,5,7,4,4,1,4,4,2,18,42,2,9,1,1,C03,7,9,1,10,2,11,,42,42,1,21,8,C03,120.632202,24.109874,2
2022,1,10,7,35,臺中市,大雅區,0,0,0,8,,,50,,,,,,,,,,,,,,,23,,,,,F03,,,1,,2,,,23,23,1,22,,F03,120.673121,24.231264,3
2022,1,10,7,35,臺中市,西屯區,0,1,0,8,1,5,50,4,2,1,5,4,5,7,1,1,8,3,5,1,13,23,3,10,1,1,B03,7,9,1,8,11,1,,23,23,1,22,8,B03,120.607156,24.160166,2
2022,1,10,7,35,臺中市,西屯區,0,3,0,8,1,5,50,4,1,1,5,4,5,7,1,1,10,5,5,2,17,6,2,9,1,4,C03,7,5,1,10,1,12,,6,6,1,22,8,C03,120.61548,24.174508,2
2022,1,10,7,35,臺中市,沙鹿區,0,2,0,8,1,5,50,3,4,1,5,4,5,7,2,1,5,5,5,2,13,16,2,9,1,1,C03,7,9,1,10,2,14,,16,16,1,20,5,C03,120.568333,24.236944,2
2022,1,10,7,35,臺中市,大甲區,0,0,0,8,,,50,,,,,,,,,,,,,,,6,,,,,B03,,,1,,2,,,6,6,1,22,,B03,120.637753,24.41872,3
2022,1,10,7,36,臺中市,烏日區,0,1,0,8,1,5,30,11,9,1,5,3,5,5,4,4,10,5,5,2,10,5,2,9,1,1,C03,7,9,1,10,2,11,,5,5,1,21,8,C03,120.646558,24.066491,2
2022,1,10,7,38,臺中市,烏日區,0,1,0,8,1,5,60,3,1,1,5,4,5,7,2,1,1,3,1,1,17,25,3,10,1,1,B03,7,9,1,8,2,4,,25,25,1,22,9,B03,120.608711,24.103716,2
2022,1,10,7,41,臺中市,西區,0,2,0,8,1,5,50,3,2,1,5,4,5,7,4,4,1,4,1,2,16,6,2,7,1,1,C03,7,6,1,10,2,14,,6,6,1,21,8,C03,120.660833,24.156289,2
2022,1,10,7,45,臺中市,西屯區,0,0,0,8,,,50,,,,,,,,,,,,,,,43,,,,,B03,,,1,,1,,,43,43,1,22,,B03,120.657726,24.200771,3
2022,1,10,7,45,臺中市,清水區,0,1,0,8,1,5,50,4,1,1,5,4,5,7,4,4,5,4,4,2,16,6,3,10,1,1,B03,7,5,1,8,2,5,,6,6,1,21,8,B03,120.560205,24.279668,2
2022,1,10,7,48,臺中市,潭子區,0,1,0,8,1,5,80,14,9,1,5,4,5,7,4,4,1,4,5,1,18,23,2,7,1,1,C02,7,12,1,9,2,12,,23,23,1,22,8,C02,120.702407,24.201258,2
2022,1,10,7,50,臺中市,大雅區,0,0,0,8,,,30,,,,,,,,,,,,,,,12,,,,,B03,,,1,,2,,,12,12,1,22,,B03,120.674644,24.230382,3
2022,1,10,7,51,臺中市,北屯區,0,1,0,8,1,5,50,4,1,1,5,4,5,7,2,1,10,5,5,2,16,6,3,10,1,1,B03,7,6,1,8,2,2,,6,6,1,21,8,B03,120.68641,24.186618,2
2022,1,10,7,51,臺中市,西屯區,0,1,0,8,1,5,50,4,1,1,5,4,5,7,2,1,10,5,5,2,17,43,2,9,1,1,C03,7,9,1,10,2,14,,43,43,1,22,8,C03,120.65263,24.166498,2
2022,1,10,7,52,臺中市,潭子區,0,1,0,8,1,5,50,4,2,1,5,4,5,7,3,1,5,4,5,1,16,6,3,10,1,1,B03,7,9,1,8,2,2,,23,6,1,22,8,B03,120.698646,24.223201,2
2022,1,10,7,52,臺中市,神岡區,0,1,0,8,1,5,30,14,9,1,5,4,5,7,4,4,10,5,5,2,14,12,3,10,1,1,B03,7,2,1,8,2,3,,12,12,1,22,8,B03,120.660319,24.256725,2
2022,1,10,7,53,臺中市,沙鹿區,0,1,0,8,1,5,40,3,1,1,5,4,5,7,4,4,1,4,2,2,17,4,2,8,1,1,C03,7,9,1,10,2,14,,4,4,1,18,8,C03,120.579569,24.220843,2
2022,1,10,7,55,臺中市,神岡區,0,3,0,8,1,5,30,11,9,1,3,4,5,7,4,4,10,5,5,2,16,5,2,8,1,1,C03,7,5,1,10,2,11,,5,5,1,22,9,C03,120.68374,24.248415,2
2022,1,10,7,58,臺中市,潭子區,0,0,0,8,,,50,,,,,,,,,,,,,,,16,,,,,C03,,,1,,2,,,16,16,1,22,,C03,120.694723,24.22451,3
2022,1,10,7,58,臺中市,南屯區,0,1,0,8,1,5,50,4,1,1,5,4,5,7,2,1,5,2,5,2,13,23,3,10,1,1,B03,7,9,1,8,2,1,,23,23,1,22,9,B03,120.638386,24.147178,2
2022,1,10,7,58,臺中市,北屯區,0,1,0,8,1,5,50,14,9,1,5,4,5,7,4,4,10,4,5,2,17,10,3,10,1,1,B03,7,11,1,8,2,5,,10,10,1,21,8,B03,120.719192,24.172532,2
2022,1,10,8,0,臺中市,西屯區,0,2,0,8,1,5,50,14,9,1,5,4,5,7,4,4,8,3,5,1,13,23,2,9,1,1,C03,7,9,1,10,2,11,,23,23,1,22,8,C03,120.641368,24.168665,2
2022,1,10,8,0,臺中市,西屯區,0,0,0,8,,,50,,,,,,,,,,,,,,,42,,,,,B03,,,1,,2,,,42,42,1,22,,B03,120.641368,24.168665,3
2022,1,10,8,4,臺中市,西屯區,0,0,0,8,,,50,,,,,,,,,,,,,,,23,,,,,C03,,,1,,1,,,23,23,1,22,,C03,120.661176,24.200693,3
2022,1,10,8,7,臺中市,南屯區,0,1,0,8,1,5,50,3,7,1,5,4,5,7,2,1,1,4,4,2,18,1,2,7,1,1,B03,7,5,1,8,2,1,9,1,1,1,5,8,B03,120.595329,24.1403,2
2022,1,10,8,8,臺中市,梧棲區,0,0,0,8,,,50,,,,,,,,,,,,,,,7,,,,,A41,,,1,,2,,,7,7,1,21,,A41,120.524722,24.223374,3
2022,1,10,8,10,臺中市,潭子區,0,0,0,8,,,30,,,,,,,,,,,,,,,6,,,,,B03,,,1,,2,,,6,6,1,22,,B03,120.725334,24.200212,3
2022,1,10,8,11,臺中市,西屯區,0,1,0,8,1,5,40,14,5,1,5,4,5,7,4,4,9,4,4,2,17,19,3,10,1,4,B03,7,1,1,8,2,1,,19,19,1,22,8,B03,120.661471,24.173972,2
2022,1,10,8,15,臺中市,清水區,0,0,0,8,,,50,,,,,,,,,,,,,,,6,,,,,B12,,,1,,2,,,6,6,1,5,,B12,120.567743,24.272031,3
2022,1,10,8,17,臺中市,潭子區,0,3,0,8,1,5,40,14,8,1,5,4,4,7,4,4,3,4,4,1,13,23,2,9,1,1,C03,7,9,1,10,2,12,,23,23,1,22,8,C03,120.68845,24.217752,2
2022,1,10,8,18,臺中市,北屯區,0,1,0,8,1,5,40,3,1,1,5,4,5,7,2,1,10,5,5,2,16,26,3,10,1,1,B12,7,6,1,8,2,5,,26,26,1,22,8,B12,120.71891,24.161945,2
2022,1,10,8,19,臺中市,大雅區,0,1,0,8,1,5,50,14,9,1,5,4,5,7,4,4,5,4,5,1,13,23,2,9,1,1,C03,7,9,1,10,2,11,,23,23,1,22,9,C03,120.64438,24.225078,2
2022,1,10,8,19,臺中市,南屯區,0,1,0,8,1,5,50,4,1,1,5,4,5,7,2,1,10,5,5,2,16,4,3,10,1,4,C03,7,9,1,10,2,12,13,4,4,1,21,8,C03,120.648781,24.146765,2
2022,1,10,8,20,臺中市,北區,0,0,0,8,,,50,,,,,,,,,,,,,,,23,,,,,C03,,,1,,2,,,23,23,1,22,,C03,120.694427,24.158223,3
2022,1,10,8,20,臺中市,西屯區,0,0,0,8,,,50,,,,,,,,,,,,,,,12,,,,,B02,,,1,,1,,,12,12,1,22,,B02,120.596503,24.165582,3
2022,1,10,8,20,臺中市,西屯區,0,1,0,8,1,5,50,3,1,1,5,4,5,7,4,4,1,5,1,2,16,14,3,10,1,1,B03,7,6,1,8,2,8,,14,14,1,22,8,B03,120.617467,24.182206,2
2022,1,10,8,25,臺中市,西區,0,1,0,8,1,5,50,3,1,1,5,4,5,7,4,4,10,5,5,2,16,23,3,10,1,1,C03,7,9,1,10,2,14,,23,23,1,21,8,C03,120.670648,24.144675,2
2022,1,10,8,30,臺中市,西屯區,0,0,0,8,,,30,,,,,,,,,,,,,,,23,,,,,B03,,,1,,1,,,23,23,1,22,,B03,120.616611,24.1872,3
2022,1,10,8,31,臺中市,南屯區,0,1,0,8,1,5,50,4,1,1,5,4,5,7,1,1,10,5,5,2,12,6,,,,,,,,,,,,,,,,,,,120.637049,24.130359,2
2022,1,10,8,31,臺中市,大里區,0,1,0,8,1,5,50,5,2,1,5,4,5,7,4,4,5,5,5,2,17,4,3,10,1,1,C03,7,5,1,9,2,14,,4,4,1,21,9,C03,120.716509,24.096139,2
2022,1,10,8,33,臺中市,梧棲區,0,1,0,8,1,5,40,3,2,1,5,4,5,7,4,4,8,1,3,1,16,9,3,10,1,1,B03,7,6,1,8,2,6,,9,9,1,21,8,B03,120.526695,24.222981,2
2022,1,10,8,42,臺中市,潭子區,0,0,0,,,,40,,,,,,,,,,,,,,,7,,,,,B03,,,1,,2,,,7,7,1,22,,B03,120.702407,24.201258,3
2022,1,10,8,43,臺中市,南屯區,0,2,0,8,1,5,50,14,9,1,5,4,5,7,4,4,5,2,5,2,12,19,2,7,1,4,C03,7,1,1,10,2,14,,19,19,1,21,8,C03,120.649916,24.142531,2
2022,1,10,8,47,臺中市,南屯區,0,0,0,8,,,30,,,,,,,,,,,,,,,8,,,,,B03,,,1,,1,,,8,8,1,19,,B03,120.63561,24.15477,3
2022,1,10,8,49,臺中市,西屯區,0,0,0,8,,,50,,,,,,,,,,,,,,,43,,,,,B03,,,1,,11,,,43,43,1,22,,B03,120.606473,24.192739,3
2022,1,10,8,53,臺中市,北屯區,0,1,0,8,1,5,50,14,7,1,5,4,5,7,4,4,5,5,4,2,16,26,3,10,1,1,C03,7,9,1,10,2,11,,26,26,1,21,8,C03,120.663353,24.198396,2
2022,1,10,9,4,臺中市,西屯區,0,0,0,8,,,40,,,,,,,,,,,,,,,43,,,,,B03,,,1,,11,,,43,43,1,22,,B03,120.647036,24.171714,3
2022,1,10,9,6,臺中市,東區,0,0,0,8,,,50,,,,,,,,,,,,,,,12,,,,,C03,,,1,,2,,,12,12,1,22,,C03,120.702701,24.131283,3
2022,1,10,9,13,臺中市,潭子區,0,0,0,8,,,50,,,,,,,,,,,,,,,23,,,,,B03,,,1,,1,,,23,23,1,22,,B03,120.684779,24.207689,3
2022,1,10,9,15,臺中市,沙鹿區,0,0,0,8,,,70,,,,,,,,,,,,,,,16,,,,,B12,,,3,,2,,,16,16,1,22,,B12,120.608789,24.246423,3
2022,1,10,9,16,臺中市,中區,0,1,0,8,1,5,50,4,18,1,5,4,5,7,1,1,10,5,5,2,3,15,3,10,1,1,B12,7,5,3,18,2,8,,15,15,1,9,8,B12,120.67729,24.145711,2
2022,1,10,9,18,臺中市,沙鹿區,0,0,0,8,,,40,,,,,,,,,,,,,,,16,,,,,C03,,,1,,2,,,16,16,1,18,,C03,120.576641,24.225685,3
2022,1,10,9,21,臺中市,西屯區,0,0,0,8,,,30,,,,,,,,,,,,,,,23,,,,,B11,,,1,,2,,,23,23,1,22,,B11,120.644923,24.178608,3
2022,1,10,9,22,臺中市,南屯區,0,1,0,8,1,5,50,14,9,1,5,4,5,7,4,4,1,4,5,2,12,7,3,10,1,1,B03,7,8,1,8,2,2,,7,7,1,22,9,B03,120.639154,24.141825,2
2022,1,10,9,25,臺中市,豐原區,0,0,0,8,,,50,,,,,,,,,,,,,,,19,,,,,C03,,,1,,11,,,38,38,1,22,,C03,120.713988,24.249501,3
2022,1,10,9,29,臺中市,沙鹿區,0,0,0,8,,,60,,,,,,,,,,,,,,,23,,,,,B12,,,1,,9,,,23,23,1,21,,B12,120.621819,24.2422,3
2022,1,10,9,32,臺中市,西屯區,0,1,0,8,1,8,50,14,7,1,5,4,5,7,4,4,9,5,4,2,17,19,3,10,1,1,B12,7,1,1,8,2,8,,19,19,1,22,8,B12,120.659685,24.168975,2
2022,1,10,9,34,臺中市,南屯區,0,0,0,8,,,50,,,,,,,,,,,,,,,23,,,,,B03,,,1,,1,,,23,23,1,22,,B03,120.622698,24.141058,3
2022,1,10,9,35,臺中市,豐原區,0,1,0,8,1,5,50,4,1,1,5,4,5,7,1,1,10,5,5,2,17,42,3,10,3,4,B03,7,6,1,8,2,5,,42,42,1,22,9,B03,120.725214,24.234506,2
2022,1,10,9,39,臺中市,北屯區,0,0,0,8,,,50,,,,,,,,,,,,,,,23,,,,,C03,,,1,,2,,,23,23,1,5,,C03,120.690907,24.171657,3
2022,1,10,9,42,臺中市,西屯區,0,0,0,8,,,50,,,,,,,,,,,,,,,42,,,,,C03,,,1,,1,,,42,42,1,22,,C03,120.644899,24.1795,3
2022,1,10,9,52,臺中市,西屯區,0,1,0,8,1,5,40,14,9,1,5,4,5,7,4,4,8,3,5,1,13,23,2,8,1,1,B03,7,9,1,8,2,1,,23,23,1,22,8,B03,120.654951,24.166008,2
2022,1,10,9,56,臺中市,北區,0,0,0,8,,,50,,,,,,,,,,,,,,,23,,,,,C03,,,1,,1,,,23,23,1,22,,C03,120.68721,24.152168,3
2022,1,10,10,0,臺中市,北屯區,0,1,0,8,1,5,40,4,8,1,5,4,5,7,2,1,1,4,4,2,13,16,3,10,1,1,C03,7,9,1,10,2,11,,16,16,1,5,8,C03,120.669426,24.177221,2
2022,1,10,10,0,臺中市,豐原區,0,0,0,8,,,30,,,,,,,,,,,,,,,12,,,,,A11,,,1,,2,,,12,12,1,22,,A11,120.715905,24.24185,3
2022,1,10,10,1,臺中市,太平區,0,1,0,8,1,5,50,14,9,1,5,4,5,7,4,4,5,5,5,2,13,16,2,9,1,1,C03,7,9,1,10,2,11,,16,16,1,18,8,C03,120.729046,24.105451,2
2022,1,10,10,2,臺中市,大甲區,0,1,0,8,1,5,50,5,1,1,5,4,5,7,1,1,10,5,5,1,15,23,3,10,1,1,B03,7,9,1,4,2,1,,23,23,1,22,8,B03,120.622492,24.356821,2
2022,1,10,10,4,臺中市,神岡區,0,1,0,8,1,5,50,14,9,1,5,4,5,7,4,4,9,5,5,1,16,4,2,8,1,1,C03,7,9,1,10,2,14,,4,4,1,22,9,C03,120.68143,24.259705,2
2022,1,10,10,5,臺中市,神岡區,0,0,0,8,,,30,,,,,,,,,,,,,,,12,,,,,B12,,,1,,2,,,12,12,1,22,,B12,120.688567,24.262152,3
2022,1,10,10,5,臺中市,豐原區,0,2,0,8,1,5,30,3,1,1,5,4,5,7,3,1,10,5,5,2,16,6,2,9,3,4,C03,7,9,3,18,2,11,,14,6,1,22,8,C03,120.724438,24.257095,2
2022,1,10,10,7,臺中市,東勢區,0,2,0,8,1,5,50,4,1,1,5,4,5,7,1,1,5,5,5,1,15,25,2,9,1,1,C03,7,9,1,10,2,11,,25,25,1,9,8,C03,120.829534,24.260991,2
2022,1,10,10,9,臺中市,龍井區,0,2,0,8,1,5,50,3,2,1,5,4,5,7,4,4,9,4,4,2,17,1,2,9,1,1,C03,7,4,1,10,2,14,,1,1,1,21,1,C03,120.575848,24.182576,2
2022,1,10,10,10,臺中市,西屯區,0,2,0,8,1,5,30,3,1,1,5,4,5,7,4,4,5,5,5,2,16,23,2,9,3,4,C03,7,9,1,10,2,12,,23,23,1,22,8,C03,120.64324,24.19023,2
2022,1,10,10,14,臺中市,西區,0,0,0,8,,,50,,,,,,,,,,,,,,,12,,,,,B03,,,1,,1,,,12,12,1,5,,B03,120.656571,24.14118,4
2022,1,10,10,23,臺中市,西區,0,0,0,8,,,50,,,,,,,,,,,,,,,23,,,,,B12,,,1,,2,,,23,23,1,21,,B12,120.660774,24.137967,3
2022,1,10,10,25,臺中市,北屯區,0,1,0,8,1,5,50,3,2,1,5,4,5,7,2,1,10,5,5,2,12,7,3,10,1,1,A12,7,8,1,6,2,5,,7,7,1,10,8,A12,120.723091,24.162035,2
2022,1,10,10,26,臺中市,霧峰區,0,2,0,8,1,5,30,3,1,5,5,4,5,7,4,4,10,5,5,2,16,6,2,9,1,1,C03,7,5,1,10,2,11,,6,6,1,22,8,C03,120.714005,24.07315,2
2022,1,10,10,28,臺中市,北屯區,0,2,0,8,1,5,50,4,1,1,5,4,5,7,3,1,10,5,5,2,15,6,2,9,1,1,C03,7,9,1,10,2,14,,6,6,1,21,8,C03,120.689608,24.188021,2
2022,1,10,10,33,臺中市,豐原區,0,1,0,8,1,5,50,5,1,1,5,4,5,7,1,1,10,5,5,2,17,6,3,10,3,4,B03,7,5,1,8,2,5,,6,6,1,22,9,B03,120.720033,24.262173,2
2022,1,10,10,50,臺中市,豐原區,0,0,0,8,,,50,,,,,,,,,,,,,,,35,,,,,B11,,,1,,2,,,35,35,1,22,,B11,120.733749,24.253261,3
2022,1,10,10,57,臺中市,沙鹿區,0,2,0,8,1,5,50,4,1,1,5,4,5,7,4,4,10,5,5,2,16,6,2,9,1,1,C03,7,9,1,10,2,14,,6,6,1,22,9,C03,120.568681,24.230549,2
2022,1,10,11,4,臺中市,西屯區,0,0,0,8,,,50,,,,,,,,,,,,,,,23,,,,,B03,,,1,,2,,,23,23,1,22,,B03,120.656111,24.198996,3
2022,1,10,11,6,臺中市,南屯區,0,0,0,8,,,50,,,,,,,,,,,,,,,44,,,,,B03,,,1,,2,,,44,44,1,5,,B03,120.64504,24.14035,3
2022,1,10,11,8,臺中市,西屯區,0,1,0,8,1,5,30,4,1,1,5,4,3,7,4,4,10,5,5,2,15,6,3,10,1,1,B03,7,9,1,8,2,2,,6,6,1,22,8,B03,120.615448,24.177059,2
2022,1,10,11,9,臺中市,北區,0,0,0,8,,,50,,,,,,,,,,,,,,,1,,,,,C03,,,3,,2,,,1,1,1,21,,C03,120.669247,24.166837,3
2022,1,10,11,11,臺中市,北屯區,0,1,0,8,1,5,50,4,1,1,5,4,5,7,4,4,10,5,5,2,15,6,2,9,1,1,C03,7,9,1,10,2,11,,6,6,1,22,8,C03,120.701801,24.185866,2