年,月,日,時,分,縣市,區,死,受傷,2-30,天候,光線,道路類別,速限,道路型態,事故位置,路面鋪裝,路面狀態,路面缺陷,障礙物,視距,號誌種類,號誌動作,分向設施,快車道或一般車道間,快慢車道間,路面邊線,事故類型及型態,主要肇因,受傷程度,主要傷處,保護裝備,行動電話,當事者區分,車輛用途,當事者行動狀態,駕駛資格情形,駕駛執照種類,飲酒情形,車輛撞擊部位最初,車輛撞擊部位其他,肇事因素個別,肇事因素主要,肇事逃逸,職業,旅次目的,車種,GPS緯度,GPS經度,事故類別
2022,1,10,11,11,臺中市,西屯區,0,1,0,8,1,5,50,14,9,1,5,4,5,7,4,4,10,5,5,2,16,17,3,10,1,1,B03,7,6,1,8,1,2,,17,17,1,22,8,B03,120.643322,24.176483,2
2022,1,10,11,11,臺中市,西屯區,0,1,0,8,1,5,40,3,2,1,5,4,5,7,2,1,8,3,4,1,13,23,3,10,1,1,C03,7,9,1,10,11,11,,23,23,1,22,8,C03,120.654701,24.166066,2
2022,1,10,11,11,臺中市,沙鹿區,0,1,0,8,1,5,50,5,1,1,5,4,5,7,3,1,10,5,5,2,16,6,3,10,1,1,C03,7,5,1,10,2,14,,6,6,1,12,7,C03,120.557673,24.232995,2
2022,1,10,11,23,臺中市,太平區,0,1,0,8,1,5,50,14,9,1,5,4,5,7,4,4,9,4,5,1,17,19,3,10,1,1,B03,7,1,1,8,2,4,,19,19,1,4,8,B03,120.725794,24.134283,2
2022,1,10,11,25,臺中市,豐原區,0,1,0,8,1,5,50,14,8,1,5,4,5,7,1,1,5,4,4,2,29,43,2,9,1,2,C03,7,15,1,10,2,15,,43,43,1,19,7,C03,120.706011,24.242699,2
2022,1,10,11,36,臺中市,東區,0,0,0,,,,50,,,,,,,,,,,,,,,20,,,,,B03,,,1,,2,,,20,20,1,22,,B03,120.711066,24.14308,3
2022,1,10,11,37,臺中市,大肚區,0,1,0,8,1,5,30,3,1,1,5,4,5,7,4,4,1,5,5,2,3,23,3,10,1,1,B12,7,6,1,8,2,5,,23,23,1,4,8,B12,120.542264,24.167193,2
2022,1,10,11,37,臺中市,豐原區,0,0,0,8,,,50,,,,,,,,,,,,,,,14,,,,,C03,,,1,,2,,,14,14,1,22,,C03,120.72256,24.255596,3
2022,1,10,11,39,臺中市,西區,0,0,0,8,,,30,,,,,,,,,,,,,,,23,,,,,B03,,,1,,2,,,23,23,1,21,,B03,120.660835,24.150098,3
2022,1,10,11,40,臺中市,豐原區,0,1,0,8,1,5,50,14,8,1,5,4,5,7,4,4,5,5,4,2,16,7,3,10,3,4,B03,7,8,1,8,2,2,,7,7,1,22,8,B03,120.706,24.242518,2
2022,1,10,11,44,臺中市,北屯區,0,2,0,8,1,5,30,3,1,1,5,4,5,7,4,4,10,5,5,2,16,6,2,8,1,1,C03,7,5,1,10,2,11,,6,6,1,21,8,C03,120.678281,24.202816,2
2022,1,10,11,49,臺中市,大雅區,0,2,0,8,1,5,30,3,2,1,5,4,5,7,4,4,10,5,4,1,16,5,3,10,1,1,B12,7,9,1,7,2,8,,5,5,1,22,9,B12,120.620518,24.234567,2
2022,1,10,11,53,臺中市,大甲區,0,0,0,8,,,50,,,,,,,,,,,,,,,18,,,,,C03,,,1,,2,,,18,18,1,22,,C03,120.624012,24.346289,3
2022,1,10,12,3,臺中市,西屯區,0,0,0,8,,,50,,,,,,,,,,,,,,,7,,,,,C03,,,1,,2,,,7,7,1,22,,C03,120.652671,24.160271,3
2022,1,10,12,6,臺中市,西屯區,0,0,0,8,,,50,,,,,,,,,,,,,,,9,,,,,B03,,,1,,2,,,9,9,1,22,,B03,120.656272,24.196249,3
2022,1,10,12,9,臺中市,北區,0,0,0,8,,,40,,,,,,,,,,,,,,,12,,,,,B03,,,1,,2,,,12,12,1,21,,B03,120.684866,24.15788,3
2022,1,10,12,14,臺中市,后里區,0,2,0,8,1,5,50,14,8,1,5,4,5,7,4,4,4,3,4,1,13,38,3,10,1,1,B03,7,14,1,8,2,7,,38,38,1,22,8,B03,120.723029,24.310759,2
2022,1,10,12,21,臺中市,北屯區,0,2,0,8,1,5,50,14,9,1,5,4,5,7,4,4,1,4,5,2,16,19,2,9,1,1,C03,7,1,1,10,2,14,,19,19,1,22,8,C03,120.669851,24.176673,2
2022,1,10,12,21,臺中市,太平區,0,1,0,8,1,5,50,14,9,1,5,4,5,7,4,4,1,4,5,2,13,23,2,9,1,1,C03,7,9,1,10,2,11,,23,23,1,3,5,C03,120.721525,24.143573,2
2022,1,10,12,29,臺中市,北屯區,0,1,0,8,1,5,50,4,2,1,5,4,5,7,2,1,5,5,4,2,13,23,3,10,1,1,B03,7,9,1,1,2,1,,23,23,1,21,8,B03,120.661873,24.18938,2
2022,1,10,12,31,臺中市,石岡區,0,0,0,8,,,50,,,,,,,,,,,,,,,19,,,,,A04,,,1,,2,,,19,19,1,10,,A04,120.776565,24.276555,3
2022,1,10,12,33,臺中市,北屯區,0,0,0,8,,,40,,,,,,,,,,,,,,,23,,,,,B12,,,1,,1,,,23,23,1,21,,B12,120.687154,24.201232,3
2022,1,10,12,45,臺中市,大肚區,0,1,0,8,1,5,50,3,1,1,5,4,5,7,2,1,10,5,5,2,15,25,2,7,1,1,C03,7,9,1,10,2,11,,25,25,1,19,8,C03,120.545305,24.151231,2
2022,1,10,12,51,臺中市,西屯區,0,0,0,8,,,50,,,,,,,,,,,,,,,26,,,,,B12,,,1,,2,,,26,26,1,22,,B12,120.637415,24.173936,3
2022,1,10,12,52,臺中市,北區,0,1,0,8,1,5,40,4,2,1,5,4,5,7,2,1,1,2,4,2,17,23,2,8,1,1,C03,7,9,1,10,1,11,,23,23,1,22,8,C03,120.674798,24.162421,2
2022,1,10,12,54,臺中市,沙鹿區,0,0,0,8,,,50,,,,,,,,,,,,,,,23,,,,,B12,,,1,,2,,,23,23,1,22,,B12,120.581806,24.219612,3
2022,1,10,12,57,臺中市,北屯區,0,0,0,8,,,50,,,,,,,,,,,,,,,23,,,,,B03,,,1,,2,,,23,23,1,22,,B03,120.680596,24.181986,3
2022,1,10,13,0,臺中市,南屯區,0,0,0,8,,,50,,,,,,,,,,,,,,,19,,,,,B03,,,1,,2,,,19,19,1,21,,B03,120.612722,24.153792,3
2022,1,10,13,1,臺中市,大甲區,0,0,0,,,,40,,,,,,,,,,,,,,,19,,,,,G03,,,1,,2,,,19,19,1,22,,G03,120.63194,24.355616,3
2022,1,10,13,28,臺中市,北屯區,0,0,0,8,,,50,,,,,,,,,,,,,,,19,,,,,C03,,,6,,2,,,19,19,1,22,,C03,120.728151,24.160316,3
2022,1,10,13,35,臺中市,大雅區,0,0,0,8,,,50,,,,,,,,,,,,,,,25,,,,,B03,,,1,,2,,,25,25,1,22,,B03,120.645857,24.225784,3
2022,1,10,13,41,臺中市,南屯區,0,0,0,8,,,50,,,,,,,,,,,,,,,25,,,,,B03,,,1,,1,,,25,25,1,22,,B03,120.646615,24.142619,3
2022,1,10,13,51,臺中市,北區,0,1,0,8,1,5,50,4,1,1,5,4,5,7,1,1,5,4,5,2,16,6,3,10,1,1,B03,7,5,1,8,2,5,,6,6,1,21,8,B03,120.673337,24.166906,2
2022,1,10,13,53,臺中市,北屯區,0,0,0,8,,,50,,,,,,,,,,,,,,,7,,,,,B12,,,1,,1,,,7,7,1,10,,B12,120.690295,24.171389,3
2022,1,10,13,54,臺中市,西屯區,0,0,0,8,,,50,,,,,,,,,,,,,,,23,,,,,B03,,,1,,1,,,23,23,1,22,,B03,120.619626,24.187442,3
2022,1,10,13,56,臺中市,西屯區,0,1,0,8,1,5,35,3,1,1,5,4,5,7,4,4,10,5,5,2,13,16,2,8,1,1,C03,7,9,1,10,2,11,,16,16,1,22,8,C03,120.628126,24.176553,2
2022,1,10,14,5,臺中市,烏日區,0,0,0,8,,,30,,,,,,,,,,,,,,,23,,,,,B12,,,1,,2,,,23,23,1,22,,B12,120.633181,24.105575,3
2022,1,10,14,9,臺中市,大雅區,0,1,0,8,1,5,50,4,1,1,5,4,5,7,1,1,1,4,5,1,16,25,3,10,1,1,B03,7,9,1,8,2,1,,25,25,1,22,9,B03,120.664485,24.233821,2
2022,1,10,14,9,臺中市,太平區,0,0,0,8,,,40,,,,,,,,,,,,,,,42,,,,,C03,,,1,,2,,,42,42,1,21,,C03,120.723432,24.165824,3
2022,1,10,14,10,臺中市,大雅區,0,1,0,8,1,5,30,3,2,1,5,4,5,7,4,4,10,5,5,2,14,12,3,10,1,1,B12,7,2,1,8,2,2,,12,12,1,22,9,B12,120.652206,24.224926,2
2022,1,10,14,10,臺中市,大雅區,0,0,0,8,,,50,,,,,,,,,,,,,,,12,,,,,B12,,,1,,2,,,12,12,1,22,,B12,120.613656,24.232643,3
2022,1,10,14,10,臺中市,南屯區,0,0,0,,,,50,,,,,,,,,,,,,,,23,,,,,B03,,,1,,1,,,23,23,1,22,,B03,120.649702,24.14165,3
2022,1,10,14,18,臺中市,沙鹿區,0,1,0,8,1,5,50,14,9,1,5,4,5,7,4,4,5,5,5,2,17,6,3,10,1,1,C03,7,5,1,10,2,14,,6,6,1,22,8,C03,120.573853,24.226996,2
2022,1,10,14,20,臺中市,北屯區,0,0,0,8,,,50,,,,,,,,,,,,,,,23,,,,,B03,,,1,,1,,,23,23,1,22,,B03,120.689801,24.171536,3
2022,1,10,14,20,臺中市,太平區,0,0,0,8,,,40,,,,,,,,,,,,,,,16,,,,,B12,,,1,,2,,,16,16,1,21,,B12,120.724715,24.111666,3
2022,1,10,14,30,臺中市,潭子區,0,2,0,8,1,5,50,4,2,1,5,4,5,7,2,1,1,3,5,1,17,9,3,10,1,1,B03,7,6,1,8,2,2,,9,9,1,22,8,B03,120.703557,24.20114,2
2022,1,10,14,33,臺中市,豐原區,0,2,0,8,1,5,50,4,1,1,5,4,5,7,1,1,10,5,5,2,16,6,2,9,1,1,C03,7,5,1,10,2,11,,6,6,1,22,8,C03,120.711073,24.248791,2
2022,1,10,14,34,臺中市,潭子區,0,0,0,8,,,50,,,,,,,,,,,,,,,12,,,,,B03,,,1,,2,,,12,12,1,22,,B03,120.706253,24.216361,3
2022,1,10,14,36,臺中市,太平區,0,1,0,8,1,5,30,3,1,1,5,4,5,7,4,4,10,5,5,2,13,23,3,10,1,1,B03,7,9,1,8,2,8,,23,23,1,9,5,B03,120.712472,24.131694,2
2022,1,10,14,37,臺中市,北屯區,0,1,0,8,1,5,50,4,1,1,5,4,5,7,4,4,10,5,5,2,12,8,3,10,1,1,B12,7,5,1,8,2,4,,8,8,1,21,8,B12,120.672999,24.176137,2
2022,1,10,14,41,臺中市,西屯區,0,0,0,8,,,50,,,,,,,,,,,,,,,42,,,,,A21,,,1,,3,,,42,42,1,22,,A21,120.62003,24.184085,3
2022,1,10,14,56,臺中市,東區,0,0,0,,,,50,,,,,,,,,,,,,,,43,,,,,C03,,,1,,2,,,43,43,1,22,,C03,120.699638,24.135069,3
2022,1,10,15,0,臺中市,大雅區,0,0,0,8,,,50,,,,,,,,,,,,,,,44,,,,,B03,,,1,,1,,,44,44,1,22,,B03,120.648511,24.22109,3
2022,1,10,15,1,臺中市,潭子區,0,1,0,8,1,5,50,4,1,1,5,4,5,7,1,1,10,5,5,2,17,6,3,10,1,1,B03,7,6,1,8,2,2,,6,6,1,22,8,B03,120.684876,24.216375,2
2022,1,10,15,7,臺中市,北區,0,1,0,8,1,5,50,14,8,1,5,4,5,7,4,4,8,3,4,2,12,19,3,10,1,1,B12,7,1,1,8,2,8,,19,19,1,5,8,B12,120.672349,24.16916,2
2022,1,10,15,24,臺中市,西屯區,0,0,0,8,,,50,,,,,,,,,,,,,,,7,,,,,B03,,,1,,1,,,7,7,1,22,,B03,120.653307,24.195573,3
2022,1,10,15,29,臺中市,北屯區,0,0,0,8,,,50,,,,,,,,,,,,,,,12,,,,,B03,,,1,,1,,,12,12,1,5,,B03,120.69088,24.176959,3
2022,1,10,15,35,臺中市,北屯區,0,1,0,8,1,5,50,4,1,1,5,4,5,7,1,1,1,2,4,2,16,6,3,10,1,1,B03,7,5,1,8,2,6,,6,6,1,22,8,B03,120.690377,24.176862,2
2022,1,10,15,40,臺中市,西屯區,0,2,0,8,1,5,0,14,8,1,5,4,5,7,4,4,1,5,1,2,3,51,2,8,4,5,H01,8,16,8,20,10,16,,51,51,1,22,8,H01,120.593355,24.182257,2
2022,1,10,15,40,臺中市,西屯區,0,1,0,8,1,5,50,4,9,1,5,4,5,7,2,1,5,5,5,2,17,19,3,10,1,1,B03,7,1,1,8,2,8,,19,19,1,21,8,B03,120.66308,24.170341,2
2022,1,10,15,41,臺中市,豐原區,0,1,0,8,1,5,30,3,1,1,5,4,5,7,4,4,10,5,5,1,17,42,3,10,3,4,B03,7,5,1,8,2,8,,42,42,1,22,9,B03,120.730983,24.237459,2
2022,1,10,15,46,臺中市,太平區,0,0,0,8,,,30,,,,,,,,,,,,,,,12,,,,,B12,,,1,,2,,,12,12,1,22,,B12,120.706417,24.125227,3
2022,1,10,15,49,臺中市,太平區,0,0,0,8,,,30,,,,,,,,,,,,,,,23,,,,,B03,,,1,,2,,,23,23,1,21,,B03,120.714149,24.153233,3
2022,1,10,15,58,臺中市,清水區,0,0,0,8,,,50,,,,,,,,,,,,,,,19,,,,,B03,,,1,,2,,,19,19,1,21,,B03,120.573651,24.267258,3
2022,1,10,16,0,臺中市,北區,0,1,0,8,1,5,50,4,1,1,5,4,5,7,1,1,10,5,5,2,16,25,3,10,1,1,B03,7,11,1,8,2,1,,25,25,1,22,8,B03,120.676567,24.160407,2
2022,1,10,16,0,臺中市,龍井區,0,0,0,8,,,60,,,,,,,,,,,,,,,44,,,,,B03,,,1,,2,,,44,44,1,5,,B03,120.522942,24.196422,3
2022,1,10,16,7,臺中市,西屯區,0,0,0,8,,,50,,,,,,,,,,,,,,,26,,,,,A41,,,7,,11,,,26,26,1,22,,A41,120.653388,24.160586,3
2022,1,10,16,10,臺中市,北區,0,2,0,8,1,5,50,4,1,1,5,4,5,7,1,1,10,5,5,2,17,25,3,10,1,1,B03,7,9,1,8,2,2,,25,25,1,22,8,B03,120.685395,24.152786,2
2022,1,10,16,12,臺中市,北屯區,0,0,0,8,,,50,,,,,,,,,,,,,,,23,,,,,B03,,,1,,1,,,23,23,1,21,,B03,120.686354,24.187788,3
2022,1,10,16,13,臺中市,北屯區,0,1,0,8,1,5,50,4,1,1,5,4,5,7,1,1,10,5,5,2,18,25,2,9,1,1,C03,7,9,1,10,2,12,,25,25,1,22,8,C03,120.727685,24.161003,2
2022,1,10,16,23,臺中市,西屯區,0,0,0,8,,,40,,,,,,,,,,,,,,,23,,,,,B03,,,1,,11,,,23,23,1,22,,B03,120.640428,24.160294,3
2022,1,10,16,24,臺中市,烏日區,0,0,0,8,,,50,,,,,,,,,,,,,,,12,,,,,B12,,,1,,2,,,12,12,1,21,,B12,120.644048,24.086048,3
2022,1,10,16,33,臺中市,潭子區,0,2,0,8,1,5,50,4,1,1,5,4,5,7,4,4,5,4,4,2,16,10,2,9,1,1,C03,7,9,1,10,2,11,,23,10,1,22,8,C03,120.691754,24.217622,2
2022,1,10,16,34,臺中市,豐原區,0,0,0,,,,50,,,,,,,,,,,,,,,17,,,,,B03,,,1,,2,,,17,17,1,22,,B03,120.715819,24.256547,3
2022,1,10,16,36,臺中市,南屯區,0,0,0,,,,50,,,,,,,,,,,,,,,17,,,,,B03,,,1,,2,,,17,17,1,22,,B03,120.649702,24.14165,3
2022,1,10,16,36,臺中市,神岡區,0,2,0,8,1,5,30,14,9,1,5,4,5,7,4,4,5,5,5,1,17,8,3,10,1,1,B03,7,5,1,8,2,1,,8,8,1,22,8,B03,120.684558,24.244593,2
2022,1,10,16,42,臺中市,南屯區,0,0,0,,,,50,,,,,,,,,,,,,,,23,,,,,B12,,,1,,1,,,23,23,1,4,,B12,120.583523,24.167971,3
2022,1,10,16,42,臺中市,北屯區,0,1,0,8,1,5,50,4,18,1,5,4,5,7,2,1,10,5,5,2,3,15,3,10,1,1,B03,7,5,1,8,2,1,,15,15,1,5,8,B03,120.676535,24.193315,2
2022,1,10,16,47,臺中市,北區,0,0,0,8,1,5,50,14,7,1,5,4,5,7,4,4,9,3,4,2,13,23,,,,,B03,,,1,,2,,,23,23,1,22,,B03,120.675665,24.150068,3
2022,1,10,16,52,臺中市,南區,0,1,0,8,1,5,50,4,1,1,5,4,5,7,2,1,10,5,5,2,16,6,3,10,1,1,B12,7,6,1,8,2,5,,6,6,1,21,8,B12,120.655457,24.115199,2
2022,1,10,16,55,臺中市,潭子區,0,1,0,8,1,5,50,4,2,1,5,4,5,7,3,1,10,5,5,1,17,6,3,10,1,1,B03,7,9,1,8,2,5,,6,6,1,22,8,B03,120.68735,24.231762,2
2022,1,10,17,2,臺中市,外埔區,0,1,0,7,2,5,40,14,9,1,5,4,5,7,4,4,9,4,5,1,12,1,3,10,1,1,B03,7,4,1,8,2,2,,1,1,1,22,1,B03,120.66667,24.32267,2
2022,1,10,17,3,臺中市,石岡區,0,1,0,8,1,5,30,14,9,1,5,4,5,7,4,4,5,5,5,1,18,23,2,9,1,1,C03,7,9,3,18,2,11,,23,23,1,22,8,C03,120.792516,24.269896,2
2022,1,10,17,5,臺中市,大雅區,0,0,0,8,,,50,,,,,,,,,,,,,,,23,,,,,B12,,,1,,1,,,23,23,1,22,,B12,120.64744,24.228986,3
2022,1,10,17,15,臺中市,神岡區,0,1,0,8,1,5,50,4,1,1,5,4,5,7,1,1,5,4,5,1,13,23,3,10,1,1,B03,7,9,1,8,2,5,,23,23,1,21,8,B03,120.682365,24.243131,2
2022,1,10,17,16,臺中市,北屯區,0,2,0,8,1,5,50,14,9,1,5,4,5,7,4,4,1,4,5,2,13,16,2,9,1,1,C03,7,9,2,18,2,11,,16,16,1,22,8,C03,120.694999,24.171269,2
2022,1,10,17,18,臺中市,北屯區,0,2,0,8,1,5,50,14,9,1,5,4,5,7,4,4,9,5,5,2,12,23,3,10,1,1,C03,7,9,1,10,2,12,,23,23,1,4,8,C03,120.705085,24.188855,2
2022,1,10,17,25,臺中市,潭子區,0,0,0,8,,,50,,,,,,,,,,,,,,,8,,,,,B03,,,1,,2,,,8,8,1,22,,B03,120.704493,24.209416,3
2022,1,10,17,25,臺中市,西屯區,0,2,0,8,3,5,50,3,7,1,5,4,5,7,4,4,5,4,4,2,16,19,2,8,3,4,C03,7,1,1,10,2,12,,19,19,1,22,8,C03,120.644138,24.17508,2
2022,1,10,17,29,臺中市,太平區,0,1,0,8,3,5,50,11,9,1,2,4,5,7,4,4,5,5,4,2,18,44,2,9,1,1,C03,7,9,6,18,2,12,,44,44,1,21,8,C03,120.712087,24.138942,2
2022,1,10,17,32,臺中市,太平區,0,0,0,8,,,30,,,,,,,,,,,,,,,17,,,,,B02,,,1,,2,,,17,17,1,22,,B02,120.708363,24.154311,3
2022,1,10,17,33,臺中市,大雅區,0,0,0,8,,,30,,,,,,,,,,,,,,,16,,,,,B03,,,1,,2,,,16,16,1,22,,B03,120.650828,24.209336,3
2022,1,10,17,37,臺中市,南屯區,0,1,0,8,3,5,50,4,1,1,5,4,5,7,1,1,5,4,5,2,12,6,3,10,3,4,B03,7,6,1,8,2,2,,6,6,1,22,8,B03,120.608786,24.155558,2
2022,1,10,17,42,臺中市,北屯區,0,4,0,8,2,5,50,4,19,1,5,4,5,7,1,1,10,5,5,2,3,15,2,8,1,1,C03,7,9,1,10,2,11,,15,15,1,22,8,C03,120.662626,24.188278,2
2022,1,10,17,44,臺中市,西屯區,0,0,0,8,,,50,,,,,,,,,,,,,,,42,,,,,B03,,,1,,1,,,42,42,1,22,,B03,120.643592,24.201679,3
2022,1,10,17,51,臺中市,潭子區,0,0,0,8,,,50,,,,,,,,,,,,,,,44,,,,,,,,,,,,,44,44,1,,,,120.701345,24.210063,3
2022,1,10,17,56,臺中市,神岡區,0,2,0,8,3,5,50,15,9,1,5,4,5,7,2,1,5,5,1,2,17,42,2,9,1,1,C03,7,15,1,10,2,11,,42,42,1,22,8,C03,120.711746,24.258036,2
2022,1,10,18,6,臺中市,西屯區,0,0,0,8,,,50,,,,,,,,,,,,,,,16,,,,,B03,,,1,,2,,,16,16,1,22,,B03,120.647486,24.196575,3
2022,1,10,18,11,臺中市,北屯區,0,2,0,8,3,5,30,3,1,1,5,4,5,7,4,4,10,5,5,2,16,6,2,9,1,1,C03,7,5,1,10,2,11,12,6,6,1,5,8,C03,120.713581,24.175891,2
2022,1,10,18,12,臺中市,南區,0,0,0,8,3,5,50,14,9,1,5,4,5,7,4,4,10,5,5,2,12,17,,,,,B12,,,1,,2,,,17,17,1,22,,B12,120.664691,24.120018,3
2022,1,10,18,15,臺中市,神岡區,0,2,0,8,3,5,30,3,1,1,5,4,5,5,4,4,10,5,5,2,17,5,2,7,1,1,C03,7,9,1,9,2,11,,5,5,1,21,8,C03,120.683436,24.249311,2
2022,1,10,18,23,臺中市,北屯區,0,1,0,8,3,5,50,14,9,1,5,4,5,7,4,4,1,4,4,2,12,7,3,10,1,1,B03,7,8,1,8,2,2,,7,7,1,3,8,B03,120.696726,24.168601,2
2022,1,10,18,25,臺中市,沙鹿區,0,1,0,8,1,5,30,4,2,1,5,4,5,7,4,4,10,5,5,2,14,12,3,10,1,1,B03,7,2,1,8,2,6,,12,12,1,3,5,B03,120.557131,24.219209,2
2022,1,10,18,26,臺中市,北屯區,0,0,0,8,,,50,,,,,,,,,,,,,,,23,,,,,C03,,,1,,2,,,23,23,1,22,,C03,120.693976,24.164052,3
2022,1,10,18,30,臺中市,太平區,0,0,0,8,,,50,,,,,,,,,,,,,,,23,,,,,F03,,,8,,2,,,23,23,1,21,,F03,120.714562,24.140387,3
2022,1,10,18,35,臺中市,東區,0,0,0,8,,,50,,,,,,,,,,,,,,,6,,,,,B03,,,1,8,2,,,6,6,1,21,,B03,120.705331,24.130154,3
2022,1,10,18,39,臺中市,大雅區,0,0,0,8,,,50,,,,,,,,,,,,,,,26,,,,,C03,,,1,,2,,,26,26,1,22,,C03,120.64659,24.222698,3
2022,1,10,18,40,臺中市,潭子區,0,2,0,8,3,5,60,14,9,1,5,4,5,7,4,4,9,4,4,1,13,16,2,9,1,1,C03,7,9,1,10,2,11,,16,16,1,22,8,C03,120.687376,24.212303,2
2022,1,10,18,40,臺中市,潭子區,0,2,0,8,3,5,60,14,8,1,5,4,5,7,4,4,1,4,4,1,13,23,2,8,1,1,C03,7,9,1,10,2,11,,23,23,1,21,8,C03,120.687376,24.212303,2
2022,1,10,18,42,臺中市,大雅區,0,1,0,8,4,5,50,5,1,1,5,4,5,7,1,1,3,4,4,1,12,23,2,9,1,1,F03,7,9,8,20,2,16,,23,23,1,22,9,F03,120.66761,24.215711,2
2022,1,10,18,46,臺中市,后里區,0,0,0,8,3,5,50,5,1,1,5,4,5,7,1,1,4,1,4,1,12,8,,,,,B03,,,1,,2,,,8,8,1,22,,B03,120.704322,24.311928,3
2022,1,10,19,0,臺中市,霧峰區,0,0,0,8,,,50,,,,,,,,,,,,,,,43,,,,,B03,,,7,,11,,,43,43,1,22,,B03,120.697175,24.06452,3
2022,1,10,19,3,臺中市,大甲區,0,0,0,8,,,50,,,,,,,,,,,,,,,16,,,,,B03,,,1,,2,,,16,16,1,9,,B03,120.624181,24.349408,3
2022,1,10,19,14,臺中市,神岡區,0,1,0,8,3,5,50,14,9,1,5,4,5,7,4,4,5,5,4,2,17,26,3,10,1,1,C03,7,5,3,18,2,11,,26,26,1,22,8,C03,120.704397,24.261736,2
2022,1,10,19,16,臺中市,北區,0,1,0,8,3,5,50,3,1,1,5,4,5,7,1,1,10,5,5,2,16,6,3,10,1,1,B03,7,6,1,8,2,2,,6,6,1,22,8,B03,120.672565,24.168787,2
2022,1,10,19,20,臺中市,北屯區,0,1,0,8,3,5,50,14,7,1,5,4,5,7,4,4,5,2,4,2,18,23,2,9,1,1,C04,7,9,1,10,2,12,,23,23,1,5,1,C04,120.708325,24.167191,2
2022,1,10,19,24,臺中市,沙鹿區,0,1,0,8,3,5,50,14,9,1,5,4,5,7,4,4,4,5,5,2,17,23,2,9,1,1,C03,7,9,1,10,2,11,,23,23,1,18,9,C03,120.57644,24.215683,2
2022,1,10,19,25,臺中市,沙鹿區,0,2,0,8,3,5,30,11,9,1,5,4,5,7,4,4,10,5,5,2,10,26,2,9,1,1,C03,7,9,1,10,2,14,,26,26,1,21,8,C03,120.590658,24.252444,2
2022,1,10,19,26,臺中市,北區,0,0,0,8,,,50,,,,,,,,,,,,,,,23,,,,,B03,,,1,,2,,,23,23,1,22,,B03,120.673906,24.164525,3
2022,1,10,19,33,臺中市,西屯區,0,0,0,8,,,30,,,,,,,,,,,,,,,23,,,,,B03,,,1,,2,,,23,23,1,22,,B03,120.658978,24.172961,3
2022,1,10,19,42,臺中市,大甲區,0,1,0,8,3,5,50,4,1,1,5,4,5,7,1,1,10,5,5,2,17,16,2,9,1,1,C03,7,9,1,10,2,15,,16,16,1,2,8,C03,120.619762,24.348383,2
2022,1,10,19,45,臺中市,太平區,0,1,0,8,3,5,50,5,1,1,5,4,5,7,1,1,10,5,5,2,16,23,2,9,1,1,C03,7,9,1,10,2,14,,23,23,1,18,5,C03,120.714333,24.149314,2
2022,1,10,20,0,臺中市,大雅區,0,0,0,8,,,50,,,,,,,,,,,,,,,18,,,,,B03,,,1,,2,,,18,18,1,22,,B03,120.650211,24.220591,3
2022,1,10,20,2,臺中市,北屯區,0,0,0,8,,,50,,,,,,,,,,,,,,,16,,,,,A02,,,1,,1,,,16,16,1,10,,A02,120.698378,24.172915,3
2022,1,10,20,8,臺中市,西屯區,0,0,0,8,,,40,,,,,,,,,,,,,,,23,,,,,B03,,,1,,1,,,23,23,1,22,,B03,120.646556,24.164837,3
2022,1,10,20,10,臺中市,南屯區,0,0,0,8,,,50,,,,,,,,,,,,,,,23,,,,,B03,,,1,,2,,,23,23,1,22,,B03,120.642993,24.151076,3
2022,1,10,20,10,臺中市,沙鹿區,0,2,0,8,3,5,40,4,1,1,5,4,5,7,2,1,10,5,5,2,13,16,2,9,1,1,C03,7,9,1,10,2,11,,16,16,1,18,5,C03,120.571137,24.241664,2
2022,1,10,20,12,臺中市,西區,0,0,0,,,,50,,,,,,,,,,,,,,,42,,,,,C03,,,1,,1,,,42,42,1,5,,C03,120.674799,24.139346,3
2022,1,10,20,15,臺中市,神岡區,0,0,0,,,,50,,,,,,,,,,,,,,,23,,,,,B03,,,1,,2,,,23,23,1,21,,B03,120.656503,24.26233,3
2022,1,10,20,25,臺中市,大里區,0,2,0,8,1,5,50,3,1,1,5,4,5,7,4,4,10,5,5,2,12,6,3,10,1,1,B03,7,6,1,8,2,6,,6,6,1,20,8,B03,120.687435,24.094883,2
2022,1,10,20,40,臺中市,清水區,0,1,0,8,3,5,50,3,1,1,5,4,5,7,4,4,10,5,5,2,3,23,3,10,1,1,B03,7,5,1,8,2,8,,23,23,1,5,5,B03,120.572421,24.264473,2
2022,1,10,20,46,臺中市,豐原區,0,2,0,8,3,5,50,4,1,1,5,4,5,7,4,4,10,5,5,2,17,6,2,9,1,1,C03,7,5,1,10,2,12,,6,6,1,22,8,C03,120.71993,24.252538,2
2022,1,10,20,48,臺中市,南屯區,0,0,0,8,,,50,,,,,,,,,,,,,,,23,,,,,C03,,,1,,10,,,44,23,1,22,,C03,120.646613,24.14192,3