年,月,日,時,分,縣市,區,死,受傷,2-30,天候,光線,道路類別,速限,道路型態,事故位置,路面鋪裝,路面狀態,路面缺陷,障礙物,視距,號誌種類,號誌動作,分向設施,快車道或一般車道間,快慢車道間,路面邊線,事故類型及型態,主要肇因,受傷程度,主要傷處,保護裝備,行動電話,當事者區分,車輛用途,當事者行動狀態,駕駛資格情形,駕駛執照種類,飲酒情形,車輛撞擊部位最初,車輛撞擊部位其他,肇事因素個別,肇事因素主要,肇事逃逸,職業,旅次目的,車種,GPS緯度,GPS經度,事故類別
2022,1,10,20,49,臺中市,南區,0,1,0,8,3,5,50,14,7,1,5,4,5,7,4,4,1,4,4,2,12,7,3,10,3,4,B11,7,8,1,8,11,2,,7,7,2,5,8,B11,120.651301,24.120189,2
2022,1,10,20,52,臺中市,豐原區,0,0,0,8,,,60,,,,,,,,,,,,,,,12,,,,,A12,,,1,,2,,,12,12,1,22,,A12,120.707058,24.25676,3
2022,1,10,21,17,臺中市,南屯區,0,0,0,8,,,50,,,,,,,,,,,,,,,7,,,,,A41,,,1,,2,,,7,7,1,22,,A41,120.613786,24.153763,3
2022,1,10,21,19,臺中市,太平區,0,3,0,8,3,5,50,3,1,1,5,4,5,7,4,4,5,5,5,1,13,16,2,9,1,1,C03,7,9,1,10,2,11,,16,16,1,21,8,C03,120.703641,24.112421,2
2022,1,10,21,30,臺中市,東區,0,1,0,8,3,5,50,5,1,1,5,4,5,7,1,1,10,5,5,2,13,23,2,8,3,4,C03,7,5,1,10,2,11,,23,23,1,5,8,C03,120.71143,24.137451,2
2022,1,10,21,40,臺中市,大雅區,0,0,0,8,,,50,,,,,,,,,,,,,,,43,,,,,,,,,,,,,43,43,1,,,,120.653738,24.223461,3
2022,1,10,21,54,臺中市,大雅區,0,0,0,8,,,50,,,,,,,,,,,,,,,23,,,,,B03,,,1,,2,,,23,23,1,22,,B03,120.633622,24.237782,3
2022,1,10,21,57,臺中市,西區,0,1,0,8,3,5,40,4,1,1,5,4,5,7,1,1,10,5,5,2,16,8,2,9,1,1,C03,7,5,1,10,2,13,,8,8,1,22,8,C03,120.672788,24.141275,2
2022,1,10,22,9,臺中市,沙鹿區,0,1,0,8,4,5,50,3,1,1,5,4,5,7,1,1,10,5,5,2,16,25,3,10,1,1,C03,7,9,6,10,2,12,,25,25,1,9,8,C03,120.56524,24.232606,2
2022,1,10,22,10,臺中市,沙鹿區,0,1,0,8,3,5,40,3,1,1,5,4,5,7,2,1,10,5,5,2,16,42,3,10,1,1,C03,7,5,1,10,2,14,,42,42,1,18,5,C03,120.575738,24.227118,2
2022,1,10,22,11,臺中市,北屯區,0,0,0,8,,,40,,,,,,,,,,,,,,,23,,,,,B03,,,1,,1,,,23,23,1,22,,B03,120.686081,24.200973,3
2022,1,10,22,36,臺中市,大甲區,0,0,0,8,,,,,,,,,,,,,,,,,,23,,,,,B03,,,,,,,,23,23,1,,,B03,120.629086,24.346864,3
2022,1,10,23,1,臺中市,豐原區,0,0,0,,,,40,,,,,,,,,,,,,,,4,,,,,B12,,,1,,2,,,4,4,1,22,,B12,120.741943,24.255668,3
2022,1,10,23,29,臺中市,豐原區,0,0,0,8,,,50,,,,,,,,,,,,,,,44,,,,,A02,,,1,,2,,,44,44,1,22,,A02,120.71999,24.251714,3
2022,1,11,0,13,臺中市,西區,0,0,0,8,,,50,,,,,,,,,,,,,,,19,,,,,C03,,,1,,1,,,19,19,1,22,,C03,120.651541,24.146749,3
2022,1,11,0,35,臺中市,南屯區,0,1,0,8,3,5,50,11,7,1,5,4,5,7,4,4,10,5,5,2,23,13,2,7,3,4,B03,7,5,1,8,2,1,,13,13,1,12,8,B03,120.597501,24.140497,2
2022,1,11,0,37,臺中市,大雅區,1,0,0,8,3,5,50,5,9,1,5,4,5,7,2,1,10,4,5,1,8,60,1,9,4,5,H01,8,17,8,20,8,16,,60,60,1,22,9,H01,120.645202,24.225274,1
2022,1,11,1,46,臺中市,西屯區,0,0,0,8,,,30,,,,,,,,,,,,,,,23,,,,,B03,,,1,,1,,,23,23,1,22,,B03,120.64638,24.182459,3
2022,1,11,2,57,臺中市,大雅區,0,1,0,8,3,5,30,4,1,1,5,4,5,7,3,1,5,5,5,1,16,6,2,9,1,1,C03,7,9,1,10,2,11,,6,6,1,22,9,C03,120.661088,24.217155,2
2022,1,11,3,30,臺中市,大肚區,0,0,0,,,,50,,,,,,,,,,,,,,,23,,,,,B03,,,1,,2,,,23,23,1,21,,B03,120.576145,24.118805,3
2022,1,11,6,30,臺中市,東區,0,2,0,8,1,5,50,3,1,1,5,4,5,7,4,4,10,5,5,2,15,19,2,8,1,1,C04,7,1,1,10,2,14,,19,19,1,21,8,C04,120.687504,24.141479,2
2022,1,11,6,45,臺中市,梧棲區,0,0,0,8,,,40,,,,,,,,,,,,,,,23,,,,,B12,,,1,,2,,,23,23,1,21,,B12,120.525667,24.256334,3
2022,1,11,7,5,臺中市,東區,0,0,0,8,,,50,,,,,,,,,,,,,,,42,,,,,B03,,,1,,2,,,42,42,1,22,,B03,120.696538,24.140903,3
2022,1,11,7,8,臺中市,西屯區,0,1,0,8,1,5,50,14,9,1,5,4,5,7,4,4,5,4,5,2,13,16,2,9,3,4,C03,7,9,1,10,2,11,,16,16,1,22,8,C03,120.624493,24.194717,2
2022,1,11,7,15,臺中市,大甲區,0,1,0,8,1,5,50,14,9,1,5,4,5,7,4,4,5,4,5,1,13,16,2,7,1,4,C03,7,9,1,10,2,11,,16,16,1,9,1,C03,120.639131,24.408351,2
2022,1,11,7,18,臺中市,沙鹿區,0,0,0,8,,,50,,,,,,,,,,,,,,,26,,,,,A04,,,1,,2,,,26,26,1,10,,A04,120.56665,24.236204,3
2022,1,11,7,23,臺中市,豐原區,0,1,0,8,1,5,30,14,9,1,5,4,5,7,4,4,10,5,5,2,17,17,2,8,3,4,B03,7,9,1,8,2,2,,17,17,1,22,8,B03,120.720111,24.24538,2
2022,1,11,7,25,臺中市,南區,0,1,0,8,1,5,40,14,9,1,5,4,5,7,4,4,1,2,5,2,16,23,2,9,1,1,F01,7,9,8,20,2,16,,23,23,1,22,8,F01,120.668171,24.116011,2
2022,1,11,7,27,臺中市,南屯區,0,1,0,8,1,5,50,4,2,1,5,4,5,7,1,1,5,4,5,2,16,23,3,10,1,1,B03,7,6,1,8,2,5,,23,23,1,22,8,B03,120.653061,24.153744,2
2022,1,11,7,28,臺中市,大里區,0,0,0,8,,,50,,,,,,,,,,,,,,,38,,,,,A02,,,1,,2,,,38,38,1,10,,A02,120.699123,24.094437,3
2022,1,11,7,29,臺中市,豐原區,0,0,0,8,,,50,,,,,,,,,,,,,,,27,,,,,B03,,,1,,2,,,27,27,1,22,,B03,120.748327,24.264422,3
2022,1,11,7,35,臺中市,梧棲區,0,0,0,8,,,50,,,,,,,,,,,,,,,6,,,,,B03,,,1,,2,,,6,6,1,4,,B03,120.547516,24.233263,3
2022,1,11,7,39,臺中市,西屯區,0,0,0,8,,,30,,,,,,,,,,,,,,,42,,,,,C03,,,1,,1,,,42,42,1,22,,C03,120.617089,24.17133,3
2022,1,11,7,45,臺中市,清水區,0,1,0,8,1,5,40,14,13,1,5,4,5,7,4,4,1,5,1,1,18,23,2,9,1,1,C03,7,9,1,10,2,15,,23,23,1,21,8,C03,120.546541,24.291955,2
2022,1,11,7,48,臺中市,西屯區,0,0,0,8,,,30,,,,,,,,,,,,,,,17,,,,,B03,,,1,,2,,,17,17,1,22,,B03,120.592976,24.186353,3
2022,1,11,7,53,臺中市,西屯區,0,1,0,8,1,5,50,14,9,1,5,4,5,7,4,4,1,4,5,2,13,42,3,10,3,4,B12,7,9,1,8,2,1,,42,42,1,22,8,B12,120.658961,24.201011,2
2022,1,11,7,56,臺中市,潭子區,0,1,0,8,1,5,30,3,2,1,5,4,5,7,4,4,10,4,5,2,16,8,3,10,1,1,C03,7,5,1,10,2,11,,8,8,1,22,8,C03,120.701216,24.212386,2
2022,1,11,7,56,臺中市,豐原區,0,0,0,8,,,40,,,,,,,,,,,,,,,67,,,,,C03,,,1,,2,,,67,67,1,21,,C03,120.730277,24.248663,3
2022,1,11,7,58,臺中市,北屯區,0,1,0,8,1,5,50,4,1,1,5,4,5,7,2,1,10,5,5,2,16,26,3,10,1,1,B02,7,6,1,8,2,2,,26,26,1,20,8,B02,120.73042,24.177167,2
2022,1,11,8,0,臺中市,中區,0,1,0,8,1,5,50,4,2,1,5,4,5,7,1,1,10,4,5,2,18,42,2,9,1,1,C03,7,9,1,10,2,15,,42,42,1,21,8,C03,120.679884,24.14597,2
2022,1,11,8,9,臺中市,南屯區,0,0,0,8,,,50,,,,,,,,,,,,,,,17,,,,,C03,,,1,,2,,,17,17,2,22,,C03,120.646807,24.139556,3
2022,1,11,8,11,臺中市,北區,0,1,0,8,1,5,50,3,2,1,5,4,5,7,2,1,1,4,4,2,29,43,,,,,,,,,,,,,43,43,1,,,,120.694466,24.159774,2
2022,1,11,8,13,臺中市,豐原區,0,0,0,8,,,60,,,,,,,,,,,,,,,23,,,,,B03,,,1,,2,,,23,23,1,22,,B03,120.726985,24.238593,3
2022,1,11,8,20,臺中市,潭子區,0,1,0,8,1,5,50,3,1,1,5,4,5,7,4,4,10,5,5,2,17,6,3,10,1,1,B12,7,6,1,8,2,2,,6,6,1,22,8,B12,120.704383,24.215668,2
2022,1,11,8,20,臺中市,太平區,0,0,0,8,,,30,,,,,,,,,,,,,,,17,,,,,B03,,,1,,2,,,17,17,1,4,,B03,120.724815,24.136169,3
2022,1,11,8,23,臺中市,西屯區,0,1,0,8,1,5,40,3,2,1,5,4,5,7,4,4,10,5,5,2,13,23,2,9,1,4,C03,7,9,1,10,2,11,,23,23,1,22,8,C03,120.63396,24.162531,2
2022,1,11,8,32,臺中市,西屯區,0,0,0,8,,,50,,,,,,,,,,,,,,,17,,,,,B03,,,1,,2,,,17,17,1,22,,B03,120.62315,24.192619,3
2022,1,11,8,39,臺中市,梧棲區,0,1,0,8,1,5,50,3,2,1,5,4,5,7,1,1,7,5,4,2,13,26,3,10,1,1,B03,7,7,1,8,2,3,,26,26,1,3,8,B03,120.54886,24.248334,2
2022,1,11,8,45,臺中市,北屯區,0,0,0,8,,,50,,,,,,,,,,,,,,,23,,,,,B12,,,1,,1,,,23,23,1,21,,B12,120.718306,24.163144,3
2022,1,11,8,54,臺中市,太平區,0,0,0,8,,,30,,,,,,,,,,,,,,,12,,,,,B03,,,1,,2,,,12,12,1,22,,B03,120.722817,24.118538,3
2022,1,11,9,8,臺中市,西屯區,0,1,0,8,1,5,40,3,2,1,5,4,5,7,4,4,1,4,1,2,17,6,3,10,1,4,B02,7,6,1,8,2,6,,6,6,1,22,8,B02,120.641558,24.167603,2
2022,1,11,9,14,臺中市,西屯區,0,0,0,8,,,30,,,,,,,,,,,,,,,42,,,,,C03,,,1,,2,,,42,42,1,22,,C03,120.66065,24.164846,3
2022,1,11,9,22,臺中市,沙鹿區,0,1,0,8,1,5,50,4,1,1,5,4,5,7,4,4,10,5,5,2,15,25,2,8,1,1,C03,7,9,1,4,2,11,,25,25,1,19,8,C03,120.561634,24.243498,2
2022,1,11,9,24,臺中市,豐原區,0,1,0,8,1,5,30,4,1,1,5,4,5,7,4,4,10,5,5,2,15,14,3,10,3,4,B03,7,9,1,8,2,8,,14,14,1,22,9,B03,120.703872,24.242844,2
2022,1,11,9,27,臺中市,梧棲區,0,1,0,8,1,5,50,3,1,1,5,4,5,5,4,4,1,4,4,2,16,6,2,9,1,1,C03,7,5,1,10,2,14,,6,6,1,2,8,C03,120.532318,24.260592,2
2022,1,11,9,30,臺中市,大里區,0,1,0,8,1,5,50,14,7,1,5,4,5,7,4,4,5,5,4,1,17,40,3,10,1,1,B03,7,14,1,8,2,4,,40,40,1,22,7,B03,120.680997,24.109754,2
2022,1,11,9,37,臺中市,西屯區,0,1,0,8,1,5,50,3,1,1,5,4,5,7,1,1,10,5,5,2,16,42,3,10,3,4,B03,7,7,3,18,2,8,,42,42,1,22,8,B03,120.624621,24.185108,2
2022,1,11,9,40,臺中市,清水區,0,0,0,8,1,5,60,14,9,1,5,4,5,7,1,1,1,3,5,1,12,42,3,10,1,1,B03,7,7,1,8,2,8,,42,42,1,5,1,B03,120.549148,24.281224,3
2022,1,11,9,41,臺中市,西屯區,0,0,0,8,,,,,,,,,,,,,,,,,,60,,,,,,,,,,,,,60,60,1,,,,120.617809,24.181391,3
2022,1,11,9,42,臺中市,西區,0,0,0,8,,,50,,,,,,,,,,,,,,,42,,,,,B03,,,1,,1,,,42,42,1,21,,B03,120.66097,24.154839,3
2022,1,11,9,44,臺中市,西區,0,1,0,8,1,5,50,14,9,1,5,4,5,7,4,4,10,5,5,2,17,19,2,9,1,1,F01,7,1,8,20,2,15,,19,19,1,19,5,F01,120.65253,24.145455,2
2022,1,11,9,45,臺中市,太平區,0,1,0,8,1,5,50,4,1,1,5,4,5,7,1,1,10,5,5,1,12,19,2,9,1,1,C03,7,1,1,10,2,11,,19,19,1,19,8,C03,120.712182,24.144435,2
2022,1,11,9,48,臺中市,西屯區,0,0,0,8,,,40,,,,,,,,,,,,,,,12,,,,,B03,,,1,,1,,,12,12,1,22,,B03,120.624717,24.182319,3
2022,1,11,9,50,臺中市,梧棲區,0,0,0,8,,,50,,,,,,,,,,,,,,,17,,,,,B12,,,1,,2,,,17,17,1,5,,B12,120.532294,24.255231,3
2022,1,11,10,7,臺中市,西屯區,0,1,0,8,1,5,50,14,7,1,5,4,5,7,1,1,5,4,4,2,13,23,2,9,1,4,C03,7,9,1,10,2,11,,23,23,1,22,8,C03,120.634223,24.16338,2
2022,1,11,10,8,臺中市,西區,0,1,0,8,1,5,50,4,1,1,5,4,5,7,4,4,10,5,5,2,13,16,3,10,1,1,B01,7,9,1,4,2,5,,16,16,1,10,8,B01,120.65947,24.146708,2
2022,1,11,10,11,臺中市,北區,0,1,0,8,1,5,50,4,1,1,5,4,5,7,1,1,10,5,5,2,16,6,3,10,1,1,B03,7,6,1,8,2,5,,6,6,1,22,8,B03,120.688891,24.152956,2
2022,1,11,10,12,臺中市,豐原區,0,0,0,8,,,60,,,,,,,,,,,,,,,26,,,,,A31,,,1,,2,,,26,26,1,22,,A31,120.734511,24.262011,3
2022,1,11,10,20,臺中市,沙鹿區,0,0,0,8,,,50,,,,,,,,,,,,,,,42,,,,,A04,,,1,,2,,,42,42,1,10,,A04,120.600701,24.259487,3
2022,1,11,10,21,臺中市,西屯區,0,0,0,8,,,50,,,,,,,,,,,,,,,17,,,,,A11,,,1,,1,,,17,17,1,22,,A11,120.634103,24.182383,3
2022,1,11,10,29,臺中市,西屯區,0,0,0,8,,,50,,,,,,,,,,,,,,,23,,,,,B12,,,1,,2,,,23,23,1,22,,B12,120.667545,24.174099,3
2022,1,11,10,33,臺中市,大雅區,0,0,0,8,,,50,,,,,,,,,,,,,,,23,,,,,A11,,,1,,2,,,23,23,1,21,,A11,120.650967,24.209571,3
2022,1,11,10,46,臺中市,北屯區,0,0,0,8,,,50,,,,,,,,,,,,,,,7,,,,,A12,,,1,,1,,,7,7,1,10,,A12,120.685156,24.201439,3
2022,1,11,10,47,臺中市,西區,0,0,0,8,,,50,,,,,,,,,,,,,,,16,,,,,C03,,,1,,1,,,16,16,1,21,,C03,120.657298,24.146657,3
2022,1,11,10,48,臺中市,豐原區,0,1,0,8,1,5,50,3,1,1,5,4,5,7,4,4,10,5,5,2,16,6,3,10,1,1,C03,7,6,1,10,2,13,,6,6,1,22,8,C03,120.720857,24.24324,2
2022,1,11,11,0,臺中市,西區,0,1,0,8,1,5,50,3,1,1,5,4,5,7,4,4,10,5,5,2,18,42,2,9,1,1,C03,7,9,1,10,2,14,,42,42,1,4,5,C03,120.656701,24.14881,2
2022,1,11,11,0,臺中市,南屯區,0,0,0,8,,,40,,,,,,,,,,,,,,,18,,,,,B12,,,1,,1,,,18,18,1,4,,B12,120.640387,24.148006,3
2022,1,11,11,0,臺中市,大甲區,0,1,0,8,1,5,50,4,2,1,5,4,5,7,1,1,5,5,5,1,13,23,3,10,1,1,B03,7,9,1,8,2,1,,23,23,1,20,8,B03,120.623757,24.34268,2
2022,1,11,11,3,臺中市,東勢區,0,2,0,8,1,5,50,4,1,1,5,4,5,7,4,4,10,5,5,2,15,6,2,9,1,1,C03,7,9,1,10,2,11,,6,6,1,21,8,C03,120.825835,24.258178,2
2022,1,11,11,16,臺中市,西屯區,0,0,0,8,,,50,,,,,,,,,,,,,,,23,,,,,B03,,,1,,1,,,23,23,1,22,,B03,120.646685,24.156553,3
2022,1,11,11,20,臺中市,北屯區,0,1,0,8,1,5,60,4,1,1,5,4,5,7,2,1,5,4,4,2,12,9,3,10,1,1,B03,7,6,1,8,2,6,,9,9,1,22,8,B03,120.705667,24.164628,2
2022,1,11,11,27,臺中市,西屯區,0,1,0,8,1,5,40,3,1,1,5,4,5,7,1,1,10,5,5,2,16,25,2,8,3,4,C03,7,9,1,10,1,11,,25,25,1,22,8,C03,120.650995,24.17601,2
2022,1,11,11,32,臺中市,潭子區,0,0,0,8,,,30,,,,,,,,,,,,,,,12,,,,,B03,,,1,,2,,,12,12,1,22,,B03,120.704434,24.229396,3
2022,1,11,11,33,臺中市,大雅區,0,1,0,8,1,5,70,11,8,1,5,4,5,7,4,4,3,4,4,1,24,23,2,9,1,1,C03,7,9,1,10,2,15,,23,23,1,22,9,C03,120.62848,24.242133,2
2022,1,11,11,34,臺中市,北屯區,0,1,0,8,1,5,50,14,7,1,5,4,5,7,4,4,9,4,4,2,17,10,3,10,1,1,B12,7,11,6,18,2,4,,10,10,1,10,8,B12,120.726242,24.166622,2
2022,1,11,11,40,臺中市,霧峰區,0,0,0,8,,,60,,,,,,,,,,,,,,,17,,,,,B12,,,1,,2,,,17,17,1,22,,B12,120.696115,24.055966,3
2022,1,11,11,42,臺中市,大雅區,0,0,0,8,,,30,,,,,,,,,,,,,,,12,,,,,A12,,,1,,1,,,12,12,1,21,,A12,120.63148,24.217243,3
2022,1,11,11,55,臺中市,西區,0,0,0,8,,,50,,,,,,,,,,,,,,,23,,,,,C04,,,1,,1,,,23,23,1,21,,C04,120.661863,24.152883,3
2022,1,11,11,58,臺中市,北區,0,2,0,8,1,5,50,3,1,1,5,4,5,7,4,4,10,5,5,2,17,19,3,10,1,1,B03,7,1,1,8,2,4,,19,19,1,22,8,B03,120.686055,24.149219,2
2022,1,11,12,0,臺中市,后里區,0,2,0,8,1,5,50,4,2,1,5,4,5,7,2,1,5,4,4,1,16,8,2,9,1,1,C03,7,5,1,10,2,12,,8,8,1,22,8,C03,120.722236,24.308891,2
2022,1,11,12,4,臺中市,豐原區,0,1,0,8,1,8,50,14,9,1,5,4,5,7,4,4,4,5,5,2,17,40,2,8,1,1,B03,7,14,1,10,2,4,,40,40,1,21,7,B03,120.719985,24.249035,2
2022,1,11,12,7,臺中市,西屯區,0,0,0,,,,50,,,,,,,,,,,,,,,17,,,,,B03,,,1,,2,,,17,17,1,22,,B03,120.651145,24.157083,3
2022,1,11,12,10,臺中市,西區,0,1,0,8,1,5,50,14,9,1,5,4,5,7,4,4,9,5,5,2,17,19,3,10,1,1,B03,7,1,1,8,2,1,,19,19,1,4,5,B03,120.661122,24.157478,2
2022,1,11,12,10,臺中市,南屯區,0,1,0,8,1,5,50,14,9,1,5,4,5,7,4,4,5,5,5,2,18,42,2,9,1,1,C03,7,9,1,10,2,12,,42,42,1,22,8,C03,120.608857,24.150021,2
2022,1,11,12,10,臺中市,神岡區,0,1,0,8,1,5,50,4,2,1,5,4,5,7,4,4,5,5,5,2,15,6,2,9,3,4,C03,7,9,3,18,2,11,,6,6,1,22,9,C03,120.657621,24.271484,2
2022,1,11,12,13,臺中市,神岡區,0,1,0,8,1,5,30,14,9,1,5,4,5,7,4,4,10,5,5,1,11,5,3,10,1,1,B03,7,9,1,8,2,4,,5,5,1,22,8,B03,120.662383,24.252477,2
2022,1,11,12,14,臺中市,北區,0,0,0,8,,,50,,,,,,,,,,,,,,,25,,,,,B03,,,1,,2,,,25,25,1,21,,B03,120.66922,24.164911,3
2022,1,11,12,24,臺中市,神岡區,0,0,0,8,,,50,,,,,,,,,,,,,,,17,,,,,B03,,,1,,1,,,17,17,1,22,,B03,120.682203,24.247092,3
2022,1,11,12,28,臺中市,西屯區,0,0,0,8,,,50,,,,,,,,,,,,,,,6,,,,,B03,,,1,,2,,,6,6,1,22,,B03,120.635989,24.169183,3
2022,1,11,12,35,臺中市,西屯區,0,0,0,8,,,50,,,,,,,,,,,,,,,23,,,,,B03,,,1,,1,,,23,23,1,22,,B03,120.660318,24.171356,3
2022,1,11,12,38,臺中市,北區,0,2,0,8,1,5,50,4,1,1,5,4,5,7,4,4,10,5,5,2,15,6,2,9,1,1,C03,7,9,1,10,2,11,,6,6,1,22,8,C03,120.667566,24.166129,2
2022,1,11,12,41,臺中市,潭子區,0,0,0,8,,,50,,,,,,,,,,,,,,,23,,,,,B03,,,1,,2,,,23,23,1,22,,B03,120.702476,24.215918,3
2022,1,11,12,46,臺中市,北屯區,0,1,0,8,1,5,50,4,1,1,5,4,5,7,1,1,10,5,5,2,17,25,3,10,1,1,B12,7,9,1,8,2,2,,25,25,1,5,4,B12,120.689941,24.201297,2
2022,1,11,12,52,臺中市,石岡區,0,1,0,8,1,5,70,3,22,2,5,4,5,7,1,1,10,5,5,2,19,42,2,9,1,1,C03,7,5,1,10,2,11,,42,42,1,21,8,C03,120.763881,24.277333,2
2022,1,11,12,53,臺中市,大雅區,0,0,0,8,,,50,,,,,,,,,,,,,,,12,,,,,B12,,,1,,2,,,12,12,1,22,,B12,120.651274,24.228761,3
2022,1,11,12,56,臺中市,大雅區,0,1,0,8,1,5,50,4,2,1,5,4,5,7,1,1,5,5,5,1,16,40,3,10,1,1,B03,7,15,1,8,2,4,,40,40,1,22,9,B03,120.651797,24.227915,2
2022,1,11,13,0,臺中市,沙鹿區,0,3,0,8,1,5,40,3,8,1,5,4,5,7,1,1,10,5,5,2,15,25,2,9,1,1,C03,7,9,1,10,2,12,,25,25,1,18,2,C03,120.580613,24.215264,2
2022,1,11,13,3,臺中市,西區,0,2,0,8,1,5,50,3,7,1,5,4,5,7,4,4,5,4,4,2,13,16,2,8,1,1,C03,7,9,1,10,2,11,,16,16,1,21,8,C03,120.674445,24.1344,2
2022,1,11,13,4,臺中市,西區,0,1,0,8,1,5,50,14,7,1,5,4,5,7,4,4,5,4,4,2,13,23,2,9,1,1,C03,7,9,1,10,2,11,,23,23,1,4,5,C03,120.674659,24.134234,2
2022,1,11,13,17,臺中市,太平區,0,1,0,8,1,5,50,14,22,1,5,4,5,7,4,4,9,5,5,2,16,6,3,10,1,1,B03,7,5,1,8,1,2,6,6,6,1,21,8,B03,120.701866,24.155026,2
2022,1,11,13,18,臺中市,大雅區,0,1,0,8,1,5,50,14,9,1,5,4,5,7,4,4,5,5,5,1,12,19,2,9,1,1,C03,7,1,1,10,2,14,,19,19,1,22,9,C03,120.647354,24.224304,2
2022,1,11,13,18,臺中市,北屯區,0,6,0,8,1,5,50,14,9,1,5,4,5,7,4,4,1,4,5,2,13,23,2,5,1,1,B12,7,9,1,8,2,5,,23,23,1,10,8,B12,120.668487,24.178715,2
2022,1,11,13,19,臺中市,西屯區,0,0,0,8,,,80,,,,,,,,,,,,,,,43,,,,,B03,,,1,,1,,,43,43,1,22,,B03,120.639123,24.1591,3
2022,1,11,13,21,臺中市,豐原區,0,2,0,8,1,5,50,4,1,1,5,4,5,7,1,1,5,5,4,1,17,19,2,9,3,4,C03,7,1,4,8,2,11,,19,19,1,22,9,C03,120.714133,24.251808,2
2022,1,11,13,28,臺中市,北區,0,1,0,8,1,5,50,3,2,1,5,4,5,7,4,4,10,5,5,2,17,23,2,9,1,1,C03,7,5,1,10,2,14,,23,23,1,22,8,C03,120.691663,24.149873,2
2022,1,11,13,36,臺中市,北屯區,0,1,0,8,1,5,40,14,8,1,5,4,5,7,4,4,1,4,4,2,13,16,2,9,1,1,C03,7,9,1,10,2,11,12,16,16,1,5,4,C03,120.685518,24.170229,2
2022,1,11,13,37,臺中市,西區,0,1,0,8,1,5,50,4,1,1,5,4,5,7,1,1,10,5,5,2,12,6,3,10,1,1,B03,7,6,1,8,2,5,,6,6,1,22,9,B03,120.666622,24.149028,2
2022,1,11,13,42,臺中市,西屯區,0,0,0,8,,,50,,,,,,,,,,,,,,,23,,,,,B03,,,1,,1,,,23,23,1,22,,B03,120.668506,24.177199,3
2022,1,11,13,55,臺中市,龍井區,0,0,0,8,,,30,,,,,,,,,,,,,,,23,,,,,B03,,,1,,2,,,23,23,1,10,,B03,120.584626,24.183345,3
2022,1,11,14,10,臺中市,西屯區,0,0,0,,,,60,,,,,,,,,,,,,,,26,,,,,B03,,,1,,11,,,26,26,1,22,,B03,120.630838,24.162441,3
2022,1,11,14,12,臺中市,北屯區,0,2,0,8,1,5,40,15,22,1,5,4,5,7,4,4,10,5,5,2,17,26,2,9,3,4,F03,7,9,8,20,2,16,,26,26,1,21,8,F03,120.676471,24.175378,2
2022,1,11,14,13,臺中市,北屯區,0,0,0,8,,,50,,,,,,,,,,,,,,,23,,,,,B03,,,1,,1,,,23,23,1,22,,B03,120.661651,24.188012,3
2022,1,11,14,15,臺中市,豐原區,0,0,0,8,,,50,,,,,,,,,,,,,,,16,,,,,C03,,,3,,2,,,16,16,1,22,,C03,120.725205,24.246152,4
2022,1,11,14,30,臺中市,西屯區,0,0,0,8,,,40,,,,,,,,,,,,,,,12,,,,,B03,,,1,,2,,,12,12,1,4,,B03,120.613968,24.179978,3
2022,1,11,14,34,臺中市,北屯區,0,1,0,8,1,5,50,3,2,1,5,4,5,7,4,4,1,4,4,2,18,14,2,9,1,1,C03,7,9,1,10,2,14,,14,14,1,18,8,C03,120.67704,24.178108,2
2022,1,11,14,36,臺中市,大雅區,0,2,0,8,1,5,50,14,9,1,5,4,5,7,4,4,5,5,5,1,17,26,2,8,1,1,C03,7,5,1,10,2,12,,26,26,1,21,8,C03,120.648392,24.221565,2
2022,1,11,14,38,臺中市,中區,0,1,0,8,1,5,50,3,2,1,5,4,5,7,4,4,9,5,5,2,16,6,2,9,1,1,C03,7,7,1,10,2,14,,6,6,1,4,5,C03,120.676587,24.143604,2
2022,1,11,14,40,臺中市,西區,0,2,0,8,1,5,50,4,1,1,5,4,5,7,4,4,10,5,5,2,15,6,2,9,1,1,C03,7,9,1,10,2,11,,6,6,1,21,8,C03,120.660181,24.149034,2
2022,1,11,14,40,臺中市,西屯區,0,0,0,8,,,50,,,,,,,,,,,,,,,43,,,,,B12,,,1,,1,,,43,43,1,22,,B12,120.652638,24.159568,3
2022,1,11,14,50,臺中市,豐原區,0,0,0,8,,,30,,,,,,,,,,,,,,,6,,,,,B03,,,1,,2,,,6,6,1,22,,B03,120.736125,24.276676,3
2022,1,11,14,53,臺中市,沙鹿區,0,0,0,8,,,40,,,,,,,,,,,,,,,44,,,,,B03,,,1,,2,,,19,44,1,22,,B03,120.562924,24.237423,3
2022,1,11,15,0,臺中市,東區,0,0,0,8,1,5,30,13,9,1,5,4,5,7,4,4,10,5,5,2,17,35,3,10,3,4,B12,7,9,1,8,11,3,,35,35,1,10,8,B12,120.685897,24.133778,3