年,月,日,時,分,縣市,區,死,受傷,2-30,天候,光線,道路類別,速限,道路型態,事故位置,路面鋪裝,路面狀態,路面缺陷,障礙物,視距,號誌種類,號誌動作,分向設施,快車道或一般車道間,快慢車道間,路面邊線,事故類型及型態,主要肇因,受傷程度,主要傷處,保護裝備,行動電話,當事者區分,車輛用途,當事者行動狀態,駕駛資格情形,駕駛執照種類,飲酒情形,車輛撞擊部位最初,車輛撞擊部位其他,肇事因素個別,肇事因素主要,肇事逃逸,職業,旅次目的,車種,GPS緯度,GPS經度,事故類別
2022,1,11,15,1,臺中市,南屯區,0,0,0,8,1,5,40,14,8,1,5,4,5,7,1,1,8,3,4,2,12,7,,,,,B03,,,1,,2,,,7,7,1,22,,B03,120.623484,24.149339,3
2022,1,11,15,3,臺中市,霧峰區,0,0,0,8,,,30,,,,,,,,,,,,,,,23,,,,,B02,,,1,,2,,,23,23,1,22,,B02,120.69619,24.01067,3
2022,1,11,15,6,臺中市,后里區,0,1,0,8,1,5,40,4,1,1,5,4,5,3,1,1,10,5,5,2,11,26,2,8,1,1,C03,7,9,1,10,2,14,,26,26,1,5,9,C03,120.7057,24.295576,2
2022,1,11,15,12,臺中市,北屯區,0,0,0,8,,,50,,,,,,,,,,,,,,,23,,,,,B12,,,1,,1,,,23,23,1,6,,B12,120.685795,24.177753,3
2022,1,11,15,23,臺中市,北區,0,2,0,8,1,5,50,4,1,1,5,4,5,7,2,1,10,5,5,2,16,25,2,8,1,1,C03,7,9,1,10,2,12,,25,25,1,18,8,C03,120.666318,24.159226,2
2022,1,11,15,33,臺中市,大雅區,0,0,0,8,,,30,,,,,,,,,,,,,,,23,,,,,B03,,,1,,2,,,23,23,1,22,,B03,120.611249,24.217305,3
2022,1,11,15,50,臺中市,神岡區,0,0,0,8,,,50,,,,,,,,,,,,,,,23,,,,,C03,,,1,,1,,,23,23,1,21,,C03,120.695173,24.236606,3
2022,1,11,15,55,臺中市,大里區,0,0,0,8,,,50,,,,,,,,,,,,,,,23,,,,,B03,,,1,,2,,,23,23,1,5,,B03,120.688808,24.119805,3
2022,1,11,15,59,臺中市,西區,0,0,0,8,,,50,,,,,,,,,,,,,,,23,,,,,B03,,,1,,1,,,23,23,1,22,,B03,120.668623,24.138022,3
2022,1,11,16,0,臺中市,沙鹿區,0,0,0,,,,50,,,,,,,,,,,,,,,26,,,,,B03,,,1,,2,,,26,26,1,22,,B03,120.568331,24.239798,3
2022,1,11,16,1,臺中市,東區,0,0,0,8,,,50,,,,,,,,,,,,,,,23,,,,,B03,,,1,,2,,,23,23,1,21,,B03,120.70719,24.136448,3
2022,1,11,16,3,臺中市,豐原區,0,2,0,8,1,5,50,4,1,1,5,4,5,7,1,1,10,5,5,2,16,6,2,9,3,4,C03,7,5,1,10,2,11,,6,6,1,22,8,C03,120.727814,24.251413,2
2022,1,11,16,4,臺中市,豐原區,0,1,0,8,1,5,50,5,1,1,5,4,5,7,2,1,5,5,4,1,17,25,3,10,3,4,C03,7,9,1,10,2,15,,25,25,1,22,9,C03,120.711105,24.239477,2
2022,1,11,16,9,臺中市,潭子區,0,0,0,8,,,50,,,,,,,,,,,,,,,23,,,,,B12,,,1,,2,,,23,23,1,21,,B12,120.710281,24.229878,3
2022,1,11,16,10,臺中市,清水區,0,0,0,6,,,40,,,,,,,,,,,,,,,43,,,,,B03,,,1,,1,,,43,43,1,5,,B03,120.576372,24.271931,3
2022,1,11,16,16,臺中市,北屯區,0,0,0,,,,50,,,,,,,,,,,,,,,18,,,,,B11,,,1,,1,,,18,18,1,22,,B11,120.69438,24.174775,3
2022,1,11,16,18,臺中市,北屯區,0,0,0,8,,,50,,,,,,,,,,,,,,,23,,,,,F01,,,8,,11,,,23,23,1,5,,F01,120.670983,24.17462,3
2022,1,11,16,18,臺中市,西屯區,0,0,0,8,,,60,,,,,,,,,,,,,,,23,,,,,B03,,,1,,2,,,23,23,1,22,,B03,120.641424,24.167513,3
2022,1,11,16,20,臺中市,西區,0,0,0,8,1,5,50,3,1,1,5,4,5,7,4,4,10,5,5,2,12,7,,,,,C03,,,1,,1,,,7,7,1,22,,C03,120.660833,24.156289,3
2022,1,11,16,21,臺中市,北區,0,0,0,8,,,50,,,,,,,,,,,,,,,40,,,,,B03,,,1,,2,,,40,40,1,22,,B03,120.67294,24.145511,3
2022,1,11,16,21,臺中市,南屯區,0,0,0,,,,50,,,,,,,,,,,,,,,23,,,,,B03,,,1,,1,,,23,23,1,4,,B03,120.585174,24.166878,3
2022,1,11,16,25,臺中市,清水區,0,0,0,8,,,50,,,,,,,,,,,,,,,23,,,,,B03,,,1,,2,,,23,23,1,22,,B03,120.567408,24.270311,3
2022,1,11,16,29,臺中市,北屯區,0,1,0,8,1,5,80,14,9,1,5,4,5,7,4,4,1,4,5,1,13,23,2,2,1,1,B03,7,9,1,8,2,1,,23,23,1,22,8,B03,120.686081,24.200973,2
2022,1,11,16,30,臺中市,西屯區,0,0,0,8,,,80,,,,,,,,,,,,,,,43,,,,,B03,,,1,,1,,,43,43,1,22,,B03,120.638536,24.15928,3
2022,1,11,16,30,臺中市,沙鹿區,0,2,0,8,1,5,50,4,1,1,5,4,5,7,1,1,10,5,5,2,16,10,3,10,1,1,C03,7,11,1,10,2,12,,10,10,1,22,9,C03,120.560389,24.240145,2
2022,1,11,16,33,臺中市,神岡區,0,1,0,8,1,5,30,15,9,1,5,4,5,7,4,4,10,5,5,2,17,19,2,9,1,1,C03,7,1,1,10,2,11,,19,19,1,22,8,C03,120.69,24.246666,2
2022,1,11,16,37,臺中市,南屯區,0,1,0,8,1,5,50,3,1,1,5,4,5,7,1,1,5,4,5,2,17,25,2,9,1,1,C03,7,11,3,18,2,11,,25,25,1,22,8,C03,120.637608,24.138144,2
2022,1,11,16,43,臺中市,南屯區,0,0,0,,,,40,,,,,,,,,,,,,,,23,,,,,B03,,,1,,1,,,23,23,1,22,,B03,120.623223,24.150324,3
2022,1,11,16,44,臺中市,潭子區,0,1,0,8,2,5,50,5,1,1,5,4,5,7,1,1,10,5,5,2,13,23,3,10,1,1,B03,7,5,1,8,2,1,,23,23,1,21,8,B03,120.709422,24.200329,2
2022,1,11,16,45,臺中市,北屯區,0,0,0,8,,,50,,,,,,,,,,,,,,,12,,,,,B02,,,1,,1,,,12,12,1,22,,B02,120.662242,24.183451,3
2022,1,11,16,48,臺中市,西屯區,0,0,0,8,,,40,,,,,,,,,,,,,,,23,,,,,B03,,,1,,1,,,23,23,1,22,,B03,120.629614,24.163743,3
2022,1,11,16,49,臺中市,梧棲區,0,1,0,8,1,5,40,4,2,1,5,4,5,7,2,1,10,5,5,2,13,42,3,10,1,1,C03,7,8,1,10,2,13,,42,42,1,11,1,C03,120.546717,24.232475,2
2022,1,11,16,51,臺中市,北屯區,0,0,0,,,,50,,,,,,,,,,,,,,,16,,,,,B12,,,1,,1,,,16,16,1,22,,B12,120.686436,24.202645,3
2022,1,11,16,52,臺中市,太平區,0,1,0,8,1,5,50,4,1,1,5,4,5,7,1,1,10,5,5,2,16,23,2,8,1,1,C03,7,6,1,10,2,14,,23,23,1,21,8,C03,120.725034,24.108008,2
2022,1,11,16,53,臺中市,西屯區,0,0,0,8,,,50,,,,,,,,,,,,,,,9,,,,,B03,,,1,,1,,,9,9,1,22,,B03,120.656447,24.200292,3
2022,1,11,16,55,臺中市,北屯區,0,1,0,8,1,5,50,4,1,1,5,4,5,7,4,4,10,5,5,2,13,23,2,8,1,1,C03,7,9,1,10,2,11,,23,23,1,19,8,C03,120.675473,24.202071,2
2022,1,11,16,58,臺中市,西屯區,0,0,0,8,,,50,,,,,,,,,,,,,,,16,,,,,C03,,,1,,2,,,16,16,1,22,,C03,120.606917,24.160668,3
2022,1,11,17,0,臺中市,大里區,0,1,0,8,1,5,30,3,1,1,5,4,5,7,4,4,10,5,5,2,16,6,2,7,1,1,C03,7,5,1,10,2,11,,6,6,1,22,9,C03,120.705601,24.084929,2
2022,1,11,17,0,臺中市,烏日區,0,1,0,8,1,5,50,14,9,1,5,4,5,7,4,4,5,5,5,1,17,19,2,9,1,1,C03,7,1,1,10,2,11,,19,19,1,22,8,C03,120.642858,24.073795,2
2022,1,11,17,2,臺中市,大雅區,0,0,0,8,,,50,,,,,,,,,,,,,,,23,,,,,B03,,,1,,2,,,23,23,1,22,,B03,120.664813,24.217783,3
2022,1,11,17,3,臺中市,潭子區,0,0,0,8,,,50,,,,,,,,,,,,,,,19,,,,,B03,,,1,,2,,,19,19,1,22,,B03,120.6864,24.211494,3
2022,1,11,17,3,臺中市,大甲區,0,0,0,,,,40,,,,,,,,,,,,,,,16,,,,,B03,,,1,,2,,,16,16,1,22,,B03,120.621961,24.34425,3
2022,1,11,17,4,臺中市,西屯區,0,0,0,8,,,30,,,,,,,,,,,,,,,6,,,,,C03,,,1,,1,,,6,6,1,22,,C03,120.646463,24.181891,3
2022,1,11,17,5,臺中市,潭子區,0,1,0,8,2,5,30,4,9,1,5,4,5,7,4,4,10,5,5,2,16,6,3,10,1,1,C03,7,5,1,10,2,11,,6,6,1,23,8,C03,120.726436,24.198793,2
2022,1,11,17,5,臺中市,西屯區,0,0,0,8,,,50,,,,,,,,,,,,,,,7,,,,,C03,,,1,,1,,,7,7,1,21,,C03,120.635974,24.170901,4
2022,1,11,17,15,臺中市,梧棲區,0,1,0,8,1,5,50,4,1,1,5,4,5,7,1,1,10,5,5,2,16,26,2,9,1,1,C03,7,5,1,10,2,11,,26,26,1,9,1,C03,120.524586,24.236284,2
2022,1,11,17,16,臺中市,東區,0,1,0,8,2,5,50,3,2,1,5,4,5,7,4,4,5,4,5,2,12,42,2,9,1,4,C03,7,9,1,10,3,14,,42,42,1,21,8,C03,120.701249,24.126192,2
2022,1,11,17,16,臺中市,南屯區,0,1,0,8,2,5,40,3,1,1,5,4,5,7,4,4,5,4,4,2,16,6,3,10,1,1,B03,7,6,1,8,2,5,,6,6,1,22,9,B03,120.625581,24.15187,2
2022,1,11,17,16,臺中市,大甲區,0,2,0,8,1,5,50,4,1,1,5,4,5,7,4,4,10,5,5,2,15,6,2,7,1,1,C03,7,9,1,10,2,11,,6,6,1,21,8,C03,120.620025,24.37348,2
2022,1,11,17,23,臺中市,北區,0,0,0,8,3,5,50,4,3,1,5,4,5,7,2,1,6,1,5,2,12,26,,,,,B12,,,1,,2,,,26,26,1,22,,B12,120.685456,24.163099,3
2022,1,11,17,25,臺中市,大里區,0,1,0,8,3,5,50,4,1,1,5,4,5,7,1,1,10,5,5,2,13,23,2,9,1,1,C03,7,9,1,10,2,11,,23,23,1,18,8,C03,120.679435,24.112241,2
2022,1,11,17,26,臺中市,西區,0,1,0,8,1,5,50,4,1,1,5,4,5,7,1,1,10,5,5,2,17,6,3,10,3,4,B03,7,5,1,8,2,1,,6,6,1,22,5,B03,120.657261,24.139286,2
2022,1,11,17,30,臺中市,潭子區,0,0,0,,,,60,,,,,,,,,,,,,,,16,,,,,C03,,,1,,2,,,16,16,1,21,,C03,120.704896,24.207324,3
2022,1,11,17,32,臺中市,中區,0,3,0,8,3,5,50,4,1,1,5,4,5,7,2,1,10,5,5,2,16,19,2,9,1,1,C03,7,1,1,10,2,14,,19,19,1,21,8,C03,120.679146,24.138606,2
2022,1,11,17,33,臺中市,南屯區,0,2,0,8,1,5,50,3,1,1,5,4,5,7,4,4,10,5,5,2,16,6,3,10,3,4,C03,7,5,1,10,2,12,,6,6,1,22,8,C03,120.611474,24.14745,2
2022,1,11,17,34,臺中市,梧棲區,0,1,0,8,1,5,40,15,8,1,5,4,5,7,4,4,1,4,3,1,16,6,3,10,1,1,B03,7,6,1,8,2,5,,6,6,1,9,1,B03,120.524237,24.252519,2
2022,1,11,17,37,臺中市,烏日區,0,1,0,8,3,5,50,14,9,1,5,4,5,7,4,4,4,4,5,1,17,42,3,10,1,1,C03,7,12,1,10,2,13,,42,42,1,21,8,C03,120.643689,24.081367,2
2022,1,11,17,38,臺中市,梧棲區,0,1,0,8,1,5,50,3,18,1,5,4,5,7,1,1,1,4,4,2,3,15,3,10,1,1,B03,7,6,6,8,2,5,,15,15,1,9,8,B03,120.531615,24.260507,2
2022,1,11,17,43,臺中市,北屯區,0,0,0,8,,,80,,,,,,,,,,,,,,,23,,,,,B03,,,1,,1,,,23,23,1,22,,B03,120.686081,24.200973,3
2022,1,11,17,43,臺中市,大里區,0,1,0,8,1,5,50,3,1,1,5,4,5,7,4,4,10,5,5,1,16,6,3,10,1,1,C03,7,5,1,10,2,15,,6,6,1,22,9,C03,120.702922,24.096163,2
2022,1,11,17,45,臺中市,大里區,0,2,0,8,3,5,50,14,9,1,5,4,5,7,4,4,5,5,5,2,17,6,2,9,1,1,F01,7,5,8,20,2,16,,6,6,1,22,8,F01,120.69087,24.120536,2
2022,1,11,17,45,臺中市,沙鹿區,0,2,0,8,4,5,40,14,8,1,5,4,5,7,4,4,1,2,1,1,17,23,2,9,1,1,C03,7,4,1,10,2,11,,23,23,1,18,8,C03,120.580218,24.217709,2
2022,1,11,17,47,臺中市,北屯區,0,0,0,8,,,50,,,,,,,,,,,,,,,23,,,,,B03,,,1,,1,,,23,23,1,22,,B03,120.664183,24.185732,3
2022,1,11,17,50,臺中市,大里區,0,0,0,8,,,50,,,,,,,,,,,,,,,26,,,,,C03,,,1,,2,,,26,26,1,19,,C03,120.690368,24.114336,3
2022,1,11,17,53,臺中市,梧棲區,0,1,0,8,1,5,50,14,7,1,5,4,5,7,4,4,5,4,4,2,17,44,3,10,1,1,C03,7,15,1,10,2,12,,44,44,1,9,8,C03,120.532733,24.259497,2
2022,1,11,17,54,臺中市,北屯區,0,1,0,8,3,5,50,14,7,1,5,4,5,7,1,1,5,3,4,2,13,23,3,10,1,1,B03,7,9,1,8,2,1,,23,23,1,22,8,B03,120.676135,24.19802,2
2022,1,11,17,55,臺中市,石岡區,0,0,0,8,,,50,,,,,,,,,,,,,,,6,,,,,B12,,,1,,2,,,6,6,1,22,,B12,120.778175,24.275305,3
2022,1,11,17,56,臺中市,大甲區,0,0,0,,,,50,,,,,,,,,,,,,,,19,,,,,B03,,,1,,1,,,19,19,1,3,,B03,120.647408,24.403805,3
2022,1,11,17,57,臺中市,神岡區,0,2,0,8,3,5,50,14,8,1,5,4,5,7,4,4,4,4,4,1,13,16,2,9,1,1,C03,7,9,1,10,2,11,,16,16,1,22,8,C03,120.691657,24.254902,2
2022,1,11,18,4,臺中市,潭子區,0,0,0,8,,,50,,,,,,,,,,,,,,,12,,,,,B03,,,1,,2,,,12,12,1,22,,B03,120.702445,24.211504,3
2022,1,11,18,5,臺中市,南區,0,0,0,8,,,30,,,,,,,,,,,,,,,23,,,,,B03,,,1,,2,,,23,23,1,5,,B03,120.677338,24.131088,3
2022,1,11,18,5,臺中市,北屯區,0,0,0,8,,,40,,,,,,,,,,,,,,,23,,,,,B03,,,1,,1,,,23,23,1,5,,B03,120.690293,24.201214,3
2022,1,11,18,10,臺中市,大甲區,0,1,0,8,3,5,50,14,8,1,5,4,5,7,4,4,4,5,4,1,11,7,3,10,1,1,B12,7,8,1,8,2,2,,7,7,1,21,8,B12,120.630514,24.34604,2
2022,1,11,18,12,臺中市,大雅區,0,1,0,8,4,5,50,3,1,1,5,4,5,7,4,4,5,4,4,1,16,6,3,10,1,1,B03,7,5,1,8,2,6,,6,6,1,22,9,B03,120.649305,24.226936,2
2022,1,11,18,12,臺中市,西區,0,0,0,8,,,50,,,,,,,,,,,,,,,23,,,,,C03,,,1,,2,,,23,23,1,5,,C03,120.671244,24.145772,3
2022,1,11,18,12,臺中市,中區,0,1,0,8,3,5,50,14,9,1,5,4,5,7,4,4,5,4,5,2,13,23,2,9,1,1,C03,7,9,1,10,2,14,,23,23,1,21,8,C03,120.679943,24.145639,2
2022,1,11,18,18,臺中市,大雅區,0,1,0,8,3,5,40,14,8,1,5,4,5,7,4,4,1,4,4,2,13,23,2,8,1,1,C03,7,9,1,10,2,11,,23,23,1,22,9,C03,120.634989,24.233749,2
2022,1,11,18,20,臺中市,大里區,0,0,0,8,,,50,,,,,,,,,,,,,,,23,,,,,A41,,,1,,2,,,23,23,1,22,,A41,120.69139,24.099931,3
2022,1,11,18,20,臺中市,沙鹿區,0,1,0,8,1,5,50,4,1,1,5,4,5,7,4,4,10,5,5,2,16,23,3,10,1,1,B03,7,9,1,8,2,5,,23,23,1,3,5,B03,120.564003,24.248074,2
2022,1,11,18,24,臺中市,西屯區,0,0,0,8,,,40,,,,,,,,,,,,,,,16,,,,,B12,,,3,,1,,,16,16,1,22,,B12,120.628428,24.162579,3
2022,1,11,18,24,臺中市,豐原區,0,0,0,8,,,50,,,,,,,,,,,,,,,42,,,,,C03,,,1,,2,,,42,42,1,22,,C03,120.723952,24.252544,3
2022,1,11,18,28,臺中市,大肚區,0,0,0,8,,,50,,,,,,,,,,,,,,,23,,,,,B03,,,1,,2,,,23,23,1,2,,B03,120.56188,24.125113,3
2022,1,11,18,30,臺中市,后里區,0,0,0,8,3,5,50,4,2,1,5,4,5,7,2,1,5,4,4,1,12,19,,,,,B03,,,1,,2,,,19,19,1,22,,B03,120.71792,24.309605,3
2022,1,11,18,30,臺中市,大甲區,0,0,0,8,3,5,40,15,1,1,5,4,5,7,1,1,4,5,5,1,14,12,3,10,1,1,B03,7,2,1,8,2,6,,12,12,1,5,9,B03,120.62318,24.345962,3
2022,1,11,18,31,臺中市,南屯區,0,0,0,,,,50,,,,,,,,,,,,,,,7,,,,,B02,,,1,,1,,,7,7,1,4,,B02,120.65006,24.139996,3
2022,1,11,18,33,臺中市,南屯區,0,0,0,8,,,50,,,,,,,,,,,,,,,23,,,,,B03,,,1,,2,,,23,23,2,22,,B03,120.627396,24.112765,3
2022,1,11,18,33,臺中市,北屯區,0,0,0,,,,50,,,,,,,,,,,,,,,23,,,,,B03,,,1,,2,,,23,23,1,22,,B03,120.692895,24.175116,3
2022,1,11,18,39,臺中市,西屯區,0,0,0,8,,,50,,,,,,,,,,,,,,,16,,,,,B03,,,1,,1,,,16,16,1,4,,B03,120.628785,24.183908,3
2022,1,11,18,50,臺中市,大里區,0,0,0,8,,,50,,,,,,,,,,,,,,,23,,,,,C03,,,1,,2,,,23,23,1,6,,C03,120.700391,24.10967,3
2022,1,11,18,50,臺中市,大里區,0,1,0,8,3,5,40,14,9,1,5,4,5,7,4,4,10,5,5,2,17,6,2,9,1,1,C03,7,9,1,10,2,11,,6,6,1,22,8,C03,120.688941,24.124168,2
2022,1,11,18,53,臺中市,西區,0,1,0,8,3,5,50,4,1,1,5,4,5,7,1,1,10,5,5,2,18,42,2,9,1,1,C03,7,9,1,10,2,15,,42,42,1,22,9,C03,120.652997,24.146726,2
2022,1,11,19,0,臺中市,梧棲區,0,0,0,8,,,70,,,,,,,,,,,,,,,26,,,,,B12,,,1,,2,,,26,26,1,4,,B12,120.528314,24.252958,3
2022,1,11,19,8,臺中市,西區,0,1,0,8,3,5,40,14,7,1,5,4,5,7,4,4,9,5,4,2,17,10,3,10,3,4,B03,7,11,1,8,2,2,,10,10,1,22,5,B03,120.658713,24.15936,2
2022,1,11,19,9,臺中市,南屯區,0,1,0,8,3,5,50,4,1,1,5,4,5,7,1,1,10,5,5,2,17,23,2,9,3,4,C03,7,5,1,10,2,12,,23,23,1,22,8,C03,120.636191,24.140975,2
2022,1,11,19,10,臺中市,烏日區,0,1,0,8,1,5,60,14,8,1,5,4,5,7,4,4,1,4,1,1,23,23,2,9,1,1,C03,7,9,1,10,2,11,,23,23,1,21,8,C03,120.634497,24.09475,2
2022,1,11,19,11,臺中市,南區,0,0,0,8,3,5,50,4,9,1,5,4,5,7,2,1,3,2,5,2,13,23,3,10,1,1,B12,7,15,1,8,2,1,,23,23,1,21,8,B12,120.670064,24.11452,3
2022,1,11,19,12,臺中市,東區,0,0,0,8,,,40,,,,,,,,,,,,,,,12,,,,,B03,,,1,,2,,,12,12,1,9,,B03,120.702343,24.128067,3
2022,1,11,19,16,臺中市,北屯區,0,1,0,8,3,5,50,3,1,1,5,4,5,7,1,1,3,4,5,2,12,6,3,10,1,1,B03,7,6,1,8,2,5,,6,6,1,22,8,B03,120.692794,24.162343,2
2022,1,11,19,20,臺中市,大雅區,0,1,0,8,3,5,50,3,1,1,5,4,5,7,3,1,5,5,5,1,9,12,3,10,1,1,B03,7,2,1,8,2,3,,12,12,1,22,9,B03,120.649853,24.222439,2
2022,1,11,19,20,臺中市,西屯區,0,0,0,8,,,50,,,,,,,,,,,,,,,26,,,,,C03,,,1,,1,,,26,26,1,22,,C03,120.645043,24.178609,3
2022,1,11,19,20,臺中市,梧棲區,0,0,0,8,,,50,,,,,,,,,,,,,,,18,,,,,B12,,,1,,2,,,18,18,1,9,,B12,120.531619,24.241881,3
2022,1,11,19,42,臺中市,大安區,0,1,0,8,3,5,50,4,2,1,5,4,5,7,4,4,5,5,5,2,18,22,2,8,1,1,C03,7,9,1,10,2,14,,22,22,1,21,8,C03,120.597808,24.3459,2
2022,1,11,19,54,臺中市,大甲區,0,1,0,8,3,5,50,14,9,1,5,4,5,7,4,4,9,5,5,1,17,10,2,8,1,1,C03,7,11,1,10,2,14,,10,10,1,21,8,C03,120.625803,24.348421,2
2022,1,11,20,0,臺中市,大里區,0,1,0,8,3,5,50,14,8,1,5,4,5,7,4,4,5,4,5,1,17,23,2,8,1,1,C03,7,9,1,10,2,12,,23,23,1,5,8,C03,120.68799,24.100334,2
2022,1,11,20,7,臺中市,太平區,0,1,0,8,3,5,50,3,1,1,5,4,5,7,4,4,5,4,5,1,13,16,3,10,1,1,B03,7,9,1,8,1,8,,16,16,1,21,8,B03,120.711021,24.151553,2
2022,1,11,20,10,臺中市,梧棲區,0,3,0,8,3,5,50,4,1,1,5,4,5,7,4,4,10,5,5,2,15,6,2,8,1,1,B03,7,9,1,8,2,1,,6,6,1,9,1,B03,120.524664,24.227376,2
2022,1,11,20,16,臺中市,龍井區,0,0,0,8,,,30,,,,,,,,,,,,,,,23,,,,,B03,,,1,,2,,,23,23,1,21,,B03,120.534444,24.181666,3
2022,1,11,20,19,臺中市,南屯區,0,0,0,8,,,50,,,,,,,,,,,,,,,6,,,,,B03,,,1,,2,,,6,6,1,22,,B03,120.61281,24.13888,3
2022,1,11,20,55,臺中市,潭子區,0,0,0,8,,,80,,,,,,,,,,,,,,,7,,,,,B03,,,1,,2,,,7,7,1,21,,B03,120.702407,24.201258,3
2022,1,11,20,55,臺中市,烏日區,0,1,0,8,3,5,30,14,9,1,5,4,5,7,4,4,10,5,4,2,27,23,2,9,1,1,C03,7,9,1,10,2,11,,23,23,1,21,8,C03,120.643946,24.069587,2
2022,1,11,21,5,臺中市,西屯區,0,0,0,8,,,40,,,,,,,,,,,,,,,12,,,,,B03,,,1,,2,,,12,12,1,4,,B03,120.644271,24.184556,3
2022,1,11,21,9,臺中市,南屯區,0,1,0,8,3,5,50,3,1,1,5,4,5,7,4,4,1,4,5,2,16,9,3,10,1,1,B03,7,6,1,8,2,5,,9,9,1,5,8,B03,120.646353,24.136888,2
2022,1,11,21,13,臺中市,沙鹿區,0,2,0,8,3,5,40,3,1,1,5,4,5,7,4,4,10,5,5,2,13,23,2,9,1,1,C03,7,6,1,10,2,11,,23,23,1,21,8,C03,120.588635,24.251748,2
2022,1,11,21,27,臺中市,豐原區,0,1,0,8,3,5,50,4,1,1,5,4,5,7,1,1,5,5,5,2,16,6,3,10,1,1,B03,7,5,1,8,2,2,,6,6,1,22,9,B03,120.718778,24.251766,2
2022,1,11,21,46,臺中市,北屯區,0,2,0,8,3,5,50,4,2,1,5,4,5,7,3,1,8,1,4,2,16,44,2,9,1,1,C03,7,9,1,10,2,11,,23,23,1,22,8,C03,120.717905,24.168042,2
2022,1,11,22,0,臺中市,北屯區,0,2,0,8,3,5,50,3,1,1,5,4,5,7,1,1,10,5,5,2,16,8,2,3,1,1,C03,7,5,1,10,2,12,,8,8,1,9,8,C03,120.679641,24.188403,2
2022,1,11,22,2,臺中市,霧峰區,0,2,0,8,3,5,30,11,9,1,5,4,5,7,4,4,10,5,5,1,11,23,2,9,1,1,C03,7,9,1,10,2,11,,23,23,1,22,8,C03,120.676174,24.073056,2
2022,1,11,22,9,臺中市,西屯區,0,0,0,8,,,1,,,,,,,,,,,,,,,12,,,,,B03,,,1,,1,,,12,12,1,22,,B03,120.637453,24.175096,3
2022,1,11,22,14,臺中市,北屯區,0,0,0,8,,,50,,,,,,,,,,,,,,,12,,,,,B03,,,1,,2,,,12,12,1,5,,B03,120.6697,24.177118,3
2022,1,11,22,20,臺中市,太平區,0,1,0,8,3,5,40,3,1,1,5,4,5,7,4,4,10,5,5,2,13,16,2,9,1,1,F03,7,9,8,20,2,16,,16,16,1,22,8,F03,120.705065,24.158983,2
2022,1,11,22,30,臺中市,烏日區,0,1,0,8,3,5,50,4,2,1,5,4,5,7,1,1,4,3,4,2,13,23,2,9,1,1,C03,7,9,1,10,2,11,,23,23,1,21,9,C03,120.607698,24.120857,2
2022,1,11,22,39,臺中市,豐原區,0,0,0,,,,40,,,,,,,,,,,,,,,18,,,,,B03,,,1,,1,,,18,18,1,21,,B03,120.729956,24.248273,3
2022,1,11,23,6,臺中市,北屯區,0,0,0,8,,,50,,,,,,,,,,,,,,,7,,,,,B12,,,1,,1,,,7,7,1,21,,B12,120.698241,24.172787,3
2022,1,11,23,18,臺中市,神岡區,0,1,0,8,3,5,50,4,1,1,5,4,5,7,2,1,1,4,4,1,16,19,3,10,1,1,B03,7,1,1,8,2,4,,19,19,1,22,8,B03,120.687005,24.247104,2
2022,1,11,23,25,臺中市,大雅區,0,1,0,8,3,5,50,4,1,1,5,4,5,7,3,1,4,5,4,2,16,6,3,10,3,4,B12,7,5,1,8,11,5,,6,6,2,22,9,B12,120.656054,24.23891,2
2022,1,11,23,36,臺中市,西屯區,0,0,0,8,,,50,,,,,,,,,,,,,,,12,,,,,B01,,,1,,2,,,12,12,1,22,,B01,120.660417,24.165581,3
2022,1,12,0,17,臺中市,梧棲區,0,0,0,8,,,50,,,,,,,,,,,,,,,23,,,,,B03,,,1,,2,,,23,23,1,21,,B03,120.532864,24.260198,3
2022,1,12,1,34,臺中市,西區,0,0,0,8,,,50,,,,,,,,,,,,,,,43,,,,,B01,,,,,,,,43,43,2,,,B01,120.673799,24.148361,3
2022,1,12,1,58,臺中市,西屯區,0,0,0,8,,,50,,,,,,,,,,,,,,,23,,,,,C03,,,1,,2,,,23,23,1,22,,C03,120.647186,24.174623,3
2022,1,12,2,9,臺中市,北區,0,1,0,8,3,5,50,3,1,1,5,4,5,7,3,1,10,5,5,2,17,6,3,10,1,1,B01,7,5,1,4,2,8,,6,6,1,10,8,B01,120.677785,24.14973,2
2022,1,12,2,43,臺中市,沙鹿區,0,1,0,8,3,5,50,3,1,1,5,4,5,7,3,1,10,5,5,2,17,6,2,9,1,1,C03,7,5,1,10,2,12,,6,6,1,21,8,C03,120.570689,24.241001,2
2022,1,12,6,23,臺中市,東區,0,1,0,8,2,5,50,4,1,1,5,4,5,7,4,4,10,5,5,2,15,6,3,10,1,1,B12,7,9,1,8,2,4,,6,6,1,22,8,B12,120.708478,24.142204,2
2022,1,12,6,38,臺中市,東區,0,0,0,8,,,50,,,,,,,,,,,,,,,23,,,,,B01,,,1,,2,,,23,23,1,22,,B01,120.692631,24.138738,3
2022,1,12,6,45,臺中市,龍井區,0,1,0,8,1,5,30,3,2,1,5,4,5,7,4,4,10,5,5,2,16,8,3,10,3,4,C03,7,5,1,10,2,11,,8,8,1,9,1,C03,120.530711,24.193221,2