年,月,日,時,分,縣市,區,死,受傷,2-30,天候,光線,道路類別,速限,道路型態,事故位置,路面鋪裝,路面狀態,路面缺陷,障礙物,視距,號誌種類,號誌動作,分向設施,快車道或一般車道間,快慢車道間,路面邊線,事故類型及型態,主要肇因,受傷程度,主要傷處,保護裝備,行動電話,當事者區分,車輛用途,當事者行動狀態,駕駛資格情形,駕駛執照種類,飲酒情形,車輛撞擊部位最初,車輛撞擊部位其他,肇事因素個別,肇事因素主要,肇事逃逸,職業,旅次目的,車種,GPS緯度,GPS經度,事故類別
2022,1,14,7,30,臺中市,烏日區,0,1,0,8,1,5,50,14,9,1,5,4,5,7,4,4,4,4,5,1,12,17,3,10,1,1,C03,7,9,1,8,2,12,,17,17,1,21,8,C03,120.643866,24.083346,2
2022,1,14,7,30,臺中市,清水區,0,2,0,8,1,5,40,3,1,1,5,4,5,7,3,1,1,4,1,1,13,16,2,9,1,1,C03,7,9,1,10,2,11,,16,16,1,21,8,C03,120.584719,24.30247,2
2022,1,14,7,30,臺中市,神岡區,0,0,0,8,,,50,,,,,,,,,,,,,,,19,,,,,B12,,,1,,1,,,19,19,1,22,,B12,120.656928,24.270511,3
2022,1,14,7,30,臺中市,豐原區,0,1,0,8,1,5,50,14,8,1,5,4,5,7,1,1,4,4,4,2,13,16,2,9,1,1,C03,7,9,1,10,2,11,,16,16,1,4,1,C03,120.74153,24.255727,2
2022,1,14,7,31,臺中市,潭子區,0,1,0,8,1,5,50,3,2,1,5,4,5,7,4,4,1,4,5,2,17,40,3,10,1,1,B03,7,14,1,8,2,6,,40,40,1,22,8,B03,120.704506,24.202605,2
2022,1,14,7,35,臺中市,豐原區,0,0,0,8,,,50,,,,,,,,,,,,,,,17,,,,,C03,,,1,,2,,,17,17,1,22,,C03,120.72184,24.272907,3
2022,1,14,7,38,臺中市,太平區,0,1,0,8,1,5,50,14,13,1,5,4,5,7,4,4,5,5,5,1,17,1,3,10,1,1,C03,7,4,1,10,2,14,,1,1,1,21,8,C03,120.724259,24.140168,2
2022,1,14,7,47,臺中市,南屯區,0,0,0,,,,50,,,,,,,,,,,,,,,6,,,,,B12,,,1,,1,,,6,6,1,22,,B12,120.649702,24.14165,3
2022,1,14,7,48,臺中市,沙鹿區,0,1,0,8,1,5,20,12,9,2,5,4,5,7,4,4,9,5,5,2,11,5,3,10,1,1,B03,7,9,1,8,2,4,,5,5,1,4,1,B03,120.584919,24.200121,2
2022,1,14,7,53,臺中市,北屯區,0,1,0,8,1,5,50,4,1,1,5,4,5,7,4,4,10,5,5,2,16,6,2,9,1,1,C03,7,5,1,10,2,12,14,6,6,1,5,8,C03,120.661238,24.192458,2
2022,1,14,7,54,臺中市,北屯區,0,1,0,8,1,5,40,3,1,1,5,4,5,7,1,1,10,5,5,2,13,23,2,9,1,1,C03,7,9,1,10,2,11,,23,23,1,5,8,C03,120.722393,24.162413,2
2022,1,14,8,0,臺中市,霧峰區,0,0,0,8,,,40,,,,,,,,,,,,,,,23,,,,,B03,,,1,,2,,,23,23,1,21,,B03,120.66415,24.079301,3
2022,1,14,8,0,臺中市,太平區,0,0,0,8,,,50,,,,,,,,,,,,,,,16,,,,,C03,,,1,,1,,,16,16,1,5,,C03,120.732506,24.13576,3
2022,1,14,8,0,臺中市,龍井區,0,1,0,7,1,5,50,4,2,1,5,4,5,7,1,1,5,4,5,1,16,23,2,8,3,4,C03,7,1,1,10,2,12,,23,23,1,22,9,C03,120.5836,24.18067,2
2022,1,14,8,2,臺中市,西屯區,0,0,0,8,,,30,,,,,,,,,,,,,,,43,,,,,B03,,,1,,1,,,43,43,1,22,,B03,120.618291,24.174245,4
2022,1,14,8,3,臺中市,西屯區,0,0,0,8,,,50,,,,,,,,,,,,,,,23,,,,,B03,,,1,,1,,,23,23,1,22,,B03,120.644443,24.174748,3
2022,1,14,8,4,臺中市,烏日區,0,2,0,8,1,5,30,14,9,1,5,4,5,7,4,4,10,5,5,2,12,8,2,9,1,1,C03,7,5,1,10,2,11,,8,8,1,21,8,C03,120.649782,24.055566,2
2022,1,14,8,11,臺中市,大雅區,0,0,0,8,,,50,,,,,,,,,,,,,,,16,,,,,B03,,,1,,2,,,16,16,1,22,,B03,120.645074,24.226246,3
2022,1,14,8,11,臺中市,潭子區,0,3,0,8,1,5,50,3,8,1,5,4,5,7,1,1,1,4,4,2,13,23,2,8,1,1,C03,7,9,1,10,2,11,,23,23,1,21,8,C03,120.683556,24.216238,2
2022,1,14,8,14,臺中市,神岡區,0,2,0,8,1,5,50,14,9,1,5,4,5,7,4,4,5,5,5,2,10,26,2,9,3,4,C03,7,9,1,10,2,11,,26,26,1,22,9,C03,120.683959,24.246437,2
2022,1,14,8,16,臺中市,烏日區,0,1,0,8,1,5,30,4,1,1,5,4,5,7,4,4,10,5,5,2,15,6,2,7,1,1,C01,7,9,1,9,2,11,,6,6,1,21,8,C01,120.641303,24.059937,2
2022,1,14,8,16,臺中市,外埔區,0,0,0,,,,30,,,,,,,,,,,,,,,19,,,,,C03,,,1,,1,,,19,19,1,21,,C03,120.643297,24.334127,3
2022,1,14,8,19,臺中市,南屯區,0,0,0,8,,,50,,,,,,,,,,,,,,,17,,,,,B03,,,1,,2,,,17,17,1,22,,B03,120.624794,24.152163,3
2022,1,14,8,19,臺中市,沙鹿區,0,0,0,8,,,50,,,,,,,,,,,,,,,18,,,,,B12,,,1,,2,,,18,18,1,4,,B12,120.56702,24.203314,3
2022,1,14,8,20,臺中市,后里區,0,1,0,8,1,5,50,4,1,1,5,4,5,7,1,1,1,5,4,1,15,25,2,9,1,1,C03,7,9,1,10,2,11,,25,25,1,21,8,C03,120.718305,24.314746,2
2022,1,14,8,24,臺中市,大雅區,0,0,0,8,,,50,,,,,,,,,,,,,,,23,,,,,B03,,,1,,2,,,23,23,1,22,,B03,120.642024,24.227555,3
2022,1,14,8,24,臺中市,豐原區,0,1,0,8,1,5,60,14,9,1,5,4,5,7,4,4,3,5,5,2,17,26,3,10,3,4,C03,7,9,1,10,2,11,,26,26,1,22,8,C03,120.732535,24.264891,2
2022,1,14,8,27,臺中市,南屯區,0,0,0,8,,,30,,,,,,,,,,,,,,,6,,,,,C03,,,1,,2,,,6,6,1,22,,C03,120.614121,24.150828,3
2022,1,14,8,28,臺中市,西區,0,0,0,,,,40,,,,,,,,,,,,,,,6,,,,,C03,,,1,,1,,,6,6,1,5,,C03,120.669012,24.146108,3
2022,1,14,8,33,臺中市,北屯區,0,1,0,8,1,5,50,4,2,1,5,4,5,7,2,1,1,4,4,2,13,26,2,8,1,1,C03,7,9,1,10,2,11,,26,26,1,21,8,C03,120.676139,24.200864,2
2022,1,14,8,40,臺中市,西區,0,2,0,8,1,5,50,14,9,1,5,4,5,7,4,4,5,5,5,2,16,6,2,9,1,1,C03,7,9,1,10,2,11,,14,6,1,20,8,C03,120.663165,24.147266,2
2022,1,14,8,42,臺中市,南屯區,0,1,0,8,1,5,50,4,1,1,5,4,5,7,4,4,5,5,5,2,15,6,3,10,1,1,B12,7,9,1,8,2,15,,6,6,1,22,8,B12,120.649702,24.14165,2
2022,1,14,8,45,臺中市,西區,0,1,0,8,1,5,50,4,1,1,5,4,5,7,2,1,10,5,5,2,13,23,3,10,1,1,C03,7,9,1,10,2,11,,23,23,1,4,8,C03,120.657365,24.146713,2
2022,1,14,8,46,臺中市,北區,0,1,0,8,1,5,50,4,1,1,5,4,5,7,1,1,10,5,5,2,12,1,3,10,1,1,C03,7,9,1,10,2,12,,1,1,1,22,8,C03,120.685119,24.165279,2
2022,1,14,8,47,臺中市,大雅區,0,0,0,8,,,50,,,,,,,,,,,,,,,16,,,,,B03,,,1,,2,,,16,16,1,22,,B03,120.636177,24.216319,3
2022,1,14,8,55,臺中市,豐原區,0,1,0,8,1,5,60,14,8,1,5,4,5,7,2,1,3,5,5,2,17,23,3,10,3,4,B12,7,9,1,8,2,2,,23,23,1,22,8,B12,120.759238,24.27657,2
2022,1,14,8,59,臺中市,豐原區,0,1,0,8,1,5,50,14,9,1,5,4,5,7,3,1,4,4,4,2,17,14,2,7,1,1,C03,7,9,1,10,2,11,,14,14,1,4,1,C03,120.730422,24.248802,2
2022,1,14,9,8,臺中市,中區,0,1,0,8,1,5,50,14,9,1,5,4,5,7,4,4,5,4,5,2,16,6,3,10,1,1,B03,7,6,1,8,2,2,,6,6,1,4,8,B03,120.681527,24.140735,2
2022,1,14,9,21,臺中市,潭子區,0,0,0,8,1,5,50,3,1,1,5,4,5,7,3,1,5,2,4,2,14,12,3,10,1,1,B03,7,2,1,8,2,3,,12,12,1,22,9,B03,120.720908,24.195458,3
2022,1,14,9,23,臺中市,神岡區,0,1,0,8,1,5,50,3,2,1,5,4,5,7,1,1,1,4,5,1,16,10,2,9,3,4,C03,7,11,1,10,2,14,,10,10,1,22,9,C03,120.689705,24.247511,2
2022,1,14,9,24,臺中市,烏日區,0,2,0,8,1,5,40,3,1,1,5,4,5,7,4,4,10,5,5,2,16,8,2,9,1,1,C03,7,5,1,9,2,11,,8,8,1,21,8,C03,120.621541,24.106467,2
2022,1,14,9,27,臺中市,豐原區,0,0,0,8,,,50,,,,,,,,,,,,,,,12,,,,,B03,,,1,,2,,,12,12,1,22,,B03,120.710925,24.246016,3
2022,1,14,9,28,臺中市,大雅區,0,1,0,8,1,5,50,3,2,1,5,4,5,7,4,4,5,5,5,1,16,23,3,10,1,1,C03,7,9,1,10,2,15,,23,23,1,22,9,C03,120.649118,24.225024,2
2022,1,14,9,30,臺中市,大里區,0,0,0,8,,,30,,,,,,,,,,,,,,,19,,,,,B02,,,1,,2,,,19,19,1,21,,B02,120.711003,24.100633,3
2022,1,14,9,33,臺中市,豐原區,0,1,0,8,1,5,50,14,8,1,5,4,5,7,4,4,3,5,5,1,16,6,3,10,3,4,B12,7,6,1,8,2,5,,6,6,1,22,8,B12,120.710618,24.237803,2
2022,1,14,9,34,臺中市,北區,0,0,0,8,,,50,,,,,,,,,,,,,,,7,,,,,A02,,,1,,2,,,7,7,1,22,,A02,120.683074,24.14606,3
2022,1,14,9,34,臺中市,西屯區,0,1,0,8,1,5,50,4,1,1,5,4,5,7,1,1,1,4,5,2,16,44,2,9,3,4,B03,7,5,1,8,2,2,,44,44,1,22,8,B03,120.636541,24.170808,2
2022,1,14,9,39,臺中市,南屯區,0,1,0,8,1,5,30,4,1,1,5,4,5,7,4,4,5,5,5,2,15,6,3,10,1,1,B03,7,9,1,8,2,2,,6,6,1,22,8,B03,120.615561,24.153181,2
2022,1,14,9,43,臺中市,東區,0,0,0,8,,,50,,,,,,,,,,,,,,,23,,,,,C03,,,1,,2,,,23,23,1,22,,C03,120.687568,24.13886,3
2022,1,14,9,44,臺中市,豐原區,0,0,0,8,,,50,,,,,,,,,,,,,,,16,,,,,B03,,,1,,2,,,16,16,1,4,,B03,120.74598,24.261997,3
2022,1,14,9,45,臺中市,清水區,0,1,0,8,1,5,50,11,9,1,5,4,5,7,4,4,5,5,5,1,13,23,2,9,1,1,C03,7,9,1,10,2,11,,23,23,1,22,8,C03,120.58474,24.302321,2
2022,1,14,9,46,臺中市,豐原區,0,1,0,8,1,5,50,4,1,1,5,4,5,7,4,4,10,5,5,2,17,6,2,9,1,1,C03,7,9,1,10,2,11,,6,6,1,22,8,C03,120.716569,24.252336,2
2022,1,14,9,51,臺中市,豐原區,0,0,0,8,,,50,,,,,,,,,,,,,,,12,,,,,G03,,,1,,2,,,12,12,1,22,,G03,120.721598,24.272256,3
2022,1,14,9,54,臺中市,南屯區,0,0,0,,,,50,,,,,,,,,,,,,,,7,,,,,B03,,,1,,2,,,7,7,1,22,,B03,120.64633,24.132972,3
2022,1,14,9,55,臺中市,烏日區,0,2,0,8,1,5,50,4,1,1,5,4,5,7,2,1,5,4,5,1,15,42,2,9,1,1,C03,7,9,1,8,2,11,,42,42,1,21,8,C03,120.626313,24.110364,2
2022,1,14,9,57,臺中市,梧棲區,0,1,0,8,1,5,50,4,1,1,5,4,5,7,2,1,10,5,5,2,13,25,3,10,1,1,C03,7,9,1,10,2,15,,25,25,1,19,8,C03,120.541363,24.257192,2
2022,1,14,9,59,臺中市,豐原區,0,0,0,8,,,50,,,,,,,,,,,,,,,16,,,,,B03,,,1,,2,,,16,16,1,22,,B03,120.720236,24.26398,3
2022,1,14,10,0,臺中市,大甲區,0,2,0,8,1,5,50,4,1,1,5,4,5,7,1,1,10,5,5,2,17,26,2,9,1,1,C03,7,5,1,10,2,11,,26,26,1,5,8,C03,120.62417,24.346662,2
2022,1,14,10,3,臺中市,北區,0,1,0,8,1,5,50,5,1,1,5,4,5,7,1,1,10,5,5,2,17,26,3,10,1,1,B01,7,6,1,4,2,5,,26,26,1,22,8,B01,120.686252,24.15482,2
2022,1,14,10,5,臺中市,潭子區,0,0,0,8,,,50,,,,,,,,,,,,,,,23,,,,,B12,,,1,,2,,,23,23,1,21,,B12,120.707789,24.217606,3
2022,1,14,10,11,臺中市,太平區,0,1,0,8,1,5,50,3,1,1,5,4,5,7,4,4,5,5,5,1,16,19,3,10,1,1,B03,7,1,1,8,2,1,,19,19,1,21,8,B03,120.705245,24.153173,2
2022,1,14,10,15,臺中市,南屯區,0,2,0,8,1,5,50,14,7,1,5,4,5,7,4,4,5,5,4,2,13,23,2,9,1,1,C03,7,9,1,10,2,11,,23,23,1,22,8,C03,120.61051,24.145199,2
2022,1,14,10,17,臺中市,北屯區,0,0,0,8,,,50,,,,,,,,,,,,,,,23,,,,,B01,,,1,4,2,,,23,23,1,10,,B01,120.700701,24.170095,3
2022,1,14,10,17,臺中市,大里區,0,1,0,8,1,5,50,14,9,1,5,4,5,7,4,4,5,5,5,1,17,16,2,7,3,4,C03,7,9,1,10,2,11,,16,16,1,21,5,C03,120.703927,24.087996,2
2022,1,14,10,20,臺中市,大安區,0,0,0,8,1,5,50,14,9,1,5,4,5,7,4,4,8,3,5,1,13,10,3,10,,,C04,7,11,1,11,2,11,,10,10,1,22,8,C04,120.596039,24.345628,3
2022,1,14,10,35,臺中市,北區,0,0,0,,,,50,,,,,,,,,,,,,,,26,,,,,C03,,,1,,2,,,26,26,1,21,,C03,120.67753,24.152837,3
2022,1,14,10,42,臺中市,北屯區,0,1,0,8,1,5,50,4,1,1,5,4,5,7,1,1,10,5,5,2,16,6,3,10,1,1,B03,7,5,1,8,2,5,1,6,6,1,5,8,B03,120.707861,24.186571,2
2022,1,14,10,44,臺中市,西區,0,2,0,8,1,5,50,4,1,1,5,4,5,7,1,1,10,5,5,2,13,16,2,9,3,4,C03,7,9,1,10,2,11,,16,16,1,21,8,C03,120.65513,24.152335,2
2022,1,14,10,45,臺中市,神岡區,0,0,0,8,,,50,,,,,,,,,,,,,,,7,,,,,A12,,,1,,2,,,7,7,1,22,,A12,120.698158,24.248893,3
2022,1,14,10,57,臺中市,北屯區,0,2,0,8,1,5,40,14,16,1,5,4,5,7,4,4,1,5,5,1,13,23,2,8,1,1,B03,7,9,1,8,2,1,,23,23,1,21,8,B03,120.722433,24.186506,2
2022,1,14,11,1,臺中市,西區,0,0,0,,,,50,,,,,,,,,,,,,,,23,,,,,B03,,,1,,1,,,23,23,1,5,,B03,120.674584,24.148914,3
2022,1,14,11,1,臺中市,豐原區,0,0,0,8,,,50,,,,,,,,,,,,,,,42,,,,,B12,,,1,,2,,,42,42,1,5,,B12,120.744541,24.264812,3
2022,1,14,11,12,臺中市,南屯區,0,2,0,8,1,5,30,4,1,1,5,4,5,7,4,4,5,5,5,2,15,6,2,9,1,1,C03,7,9,1,10,2,11,,6,6,1,22,8,C03,120.610791,24.13912,2
2022,1,14,11,20,臺中市,西屯區,0,1,0,8,1,5,40,4,2,1,5,4,5,7,1,1,5,5,4,2,13,23,3,10,3,4,C03,7,9,1,10,1,11,,23,23,1,22,8,C03,120.644273,24.174325,2
2022,1,14,11,22,臺中市,大里區,0,2,0,8,1,5,50,14,9,1,5,4,5,7,4,4,5,5,5,1,17,26,2,9,1,1,C03,7,5,1,10,2,12,,26,26,1,22,8,C03,120.676916,24.098131,2
2022,1,14,11,25,臺中市,大甲區,0,1,0,8,1,5,50,14,9,1,5,4,5,7,4,4,9,5,5,2,17,19,3,10,1,1,B03,7,1,1,8,2,8,,19,19,2,9,1,B03,120.637423,24.409749,2
2022,1,14,11,30,臺中市,西區,0,0,0,,,,50,,,,,,,,,,,,,,,12,,,,,B03,,,1,,2,,,12,12,1,20,,B03,120.671266,24.138319,3
2022,1,14,11,32,臺中市,潭子區,0,0,0,8,1,5,50,14,9,1,5,4,5,7,1,1,1,4,5,2,13,23,3,10,1,1,B03,7,9,1,8,5,1,,23,23,1,22,8,B03,120.718121,24.197412,3
2022,1,14,11,34,臺中市,北屯區,0,1,0,8,1,5,50,4,1,1,5,4,5,7,2,1,10,5,5,2,16,6,3,10,1,1,B03,7,6,1,8,2,2,,6,6,1,22,8,B03,120.68608,24.181545,2
2022,1,14,11,35,臺中市,沙鹿區,0,2,0,8,1,5,40,4,1,1,5,4,5,7,4,4,10,5,5,2,16,6,2,9,1,1,C03,7,5,1,10,2,14,,6,6,1,18,9,C03,120.579154,24.224731,2
2022,1,14,11,36,臺中市,大雅區,0,0,0,8,,,50,,,,,,,,,,,,,,,12,,,,,B12,,,1,,2,,,12,12,1,22,,B12,120.648061,24.22265,3
2022,1,14,11,37,臺中市,西區,0,0,0,,,,50,,,,,,,,,,,,,,,6,,,,,B03,,,1,,2,,,6,6,1,20,,B03,120.674113,24.135303,3
2022,1,14,11,37,臺中市,中區,0,1,0,8,1,5,50,4,2,1,5,4,1,7,2,1,5,4,5,2,16,23,2,8,1,1,C03,7,9,1,10,1,14,,23,23,1,4,8,C03,120.678039,24.140989,2
2022,1,14,11,37,臺中市,北屯區,0,0,0,8,,,50,,,,,,,,,,,,,,,23,,,,,A02,,,1,2,1,,,23,23,1,10,,A02,120.695019,24.164932,3
2022,1,14,11,40,臺中市,北屯區,0,0,0,8,,,50,,,,,,,,,,,,,,,7,,,,,B12,,,1,,2,,,7,7,1,5,,B12,120.707258,24.18654,3
2022,1,14,11,44,臺中市,西屯區,0,0,0,8,,,50,,,,,,,,,,,,,,,12,,,,,B03,,,1,,1,,,12,12,1,22,,B03,120.658347,24.200253,3
2022,1,14,11,50,臺中市,南屯區,0,0,0,8,,,50,,,,,,,,,,,,,,,23,,,,,C03,,,1,,1,,,23,23,1,4,,C03,120.653017,24.140121,3
2022,1,14,11,51,臺中市,東區,0,0,0,,,,40,,,,,,,,,,,,,,,23,,,,,B02,,,1,,1,,,23,23,1,21,,B02,120.705713,24.134892,3
2022,1,14,11,58,臺中市,中區,0,0,0,8,,,50,,,,,,,,,,,,,,,23,,,,,B03,,,1,,1,,,23,23,1,21,,B03,120.681758,24.144693,4
2022,1,14,12,3,臺中市,豐原區,0,2,0,8,1,5,50,3,1,1,5,4,5,7,1,1,10,5,5,2,17,42,2,9,1,1,C03,7,15,1,10,2,12,,42,42,1,22,8,C03,120.718213,24.243656,2
2022,1,14,12,4,臺中市,西區,0,0,0,,,,40,,,,,,,,,,,,,,,23,,,,,B12,,,1,,1,,,23,23,1,5,,B12,120.6599,24.157553,3
2022,1,14,12,6,臺中市,南區,0,2,0,8,1,5,50,4,1,1,5,4,5,7,4,4,10,5,5,2,15,6,2,9,1,1,C03,7,9,1,10,2,11,,6,6,1,22,8,C03,120.681115,24.120607,2
2022,1,14,12,6,臺中市,豐原區,0,0,0,8,,,30,,,,,,,,,,,,,,,12,,,,,B03,,,1,,2,,,12,12,1,22,,B03,120.735886,24.265026,3
2022,1,14,12,7,臺中市,北區,0,1,0,8,1,5,50,14,8,1,5,4,5,7,4,4,3,4,5,2,17,17,2,9,1,1,C03,7,9,1,10,2,14,,17,17,1,22,8,C03,120.671418,24.173307,2
2022,1,14,12,13,臺中市,霧峰區,0,0,0,8,,,40,,,,,,,,,,,,,,,9,,,,,B03,,,1,,2,,,9,9,1,21,,B03,120.661852,24.068605,3
2022,1,14,12,13,臺中市,后里區,0,2,0,8,1,5,40,4,1,1,5,4,5,7,1,1,1,4,4,1,16,8,2,9,1,1,C03,7,5,1,10,2,14,,8,8,1,20,6,C03,120.722835,24.284063,2
2022,1,14,12,15,臺中市,梧棲區,0,1,0,8,1,5,50,14,9,1,5,4,5,7,4,4,9,5,5,2,17,23,2,8,1,1,C03,7,9,1,10,2,12,,23,23,1,5,8,C03,120.536416,24.261487,2
2022,1,14,12,27,臺中市,西屯區,0,0,0,8,,,50,,,,,,,,,,,,,,,12,,,,,B12,,,1,,1,,,12,12,1,10,,B12,120.635792,24.16513,3
2022,1,14,12,30,臺中市,烏日區,0,1,0,8,1,5,30,4,1,1,5,4,5,7,4,4,10,5,5,2,15,6,3,10,1,1,B12,7,9,1,8,2,1,,6,6,1,21,8,B12,120.658114,24.05563,2
2022,1,14,12,30,臺中市,清水區,0,0,0,8,1,5,50,4,2,1,5,4,5,7,4,4,5,5,5,2,12,23,3,10,1,1,B03,7,9,1,8,2,2,,23,23,1,5,5,B03,120.576067,24.267095,3
2022,1,14,12,30,臺中市,大甲區,0,3,0,8,1,5,50,4,1,1,5,4,5,7,4,4,5,5,5,2,16,6,2,9,1,1,B03,7,9,1,8,2,2,,6,6,1,23,8,B03,120.621761,24.351285,2
2022,1,14,12,35,臺中市,北區,0,2,0,8,1,5,50,4,1,1,5,4,5,7,1,1,10,5,5,2,16,42,2,9,1,1,C04,7,9,3,18,2,12,,42,42,1,22,8,C04,120.673635,24.151592,2
2022,1,14,12,36,臺中市,南屯區,0,0,0,8,,,40,,,,,,,,,,,,,,,18,,,,,B03,,,1,,1,,,18,18,1,22,,B03,120.638363,24.153863,3
2022,1,14,12,40,臺中市,北屯區,0,0,0,8,,,40,,,,,,,,,,,,,,,12,,,,,B03,,,1,,1,,,12,12,1,22,,B03,120.663241,24.189873,3
2022,1,14,12,45,臺中市,大里區,0,0,0,8,,,50,,,,,,,,,,,,,,,42,,,,,B12,,,1,,2,,,42,42,1,22,,B12,120.68982,24.108003,3
2022,1,14,12,51,臺中市,北區,0,2,0,8,1,5,50,14,7,1,5,4,5,7,4,4,5,5,4,2,16,8,2,9,1,1,C03,7,5,1,10,2,14,,8,8,1,21,8,C03,120.679162,24.155759,2
2022,1,14,12,55,臺中市,北區,0,1,0,8,1,5,50,4,1,1,5,4,5,7,4,4,10,5,5,2,15,6,2,8,1,1,C03,7,9,4,11,9,14,,6,6,1,22,8,C03,120.695215,24.155609,2
2022,1,14,12,55,臺中市,太平區,0,1,0,8,1,5,50,4,1,1,5,4,5,7,4,4,5,5,5,2,16,23,3,10,1,5,F03,7,9,8,20,2,16,,23,23,1,21,8,F03,120.721472,24.105567,2
2022,1,14,12,59,臺中市,北屯區,0,2,0,8,1,5,40,14,8,1,5,4,5,7,4,4,1,4,4,2,12,19,2,9,1,1,C03,7,1,1,10,2,14,,19,19,1,22,8,C03,120.686286,24.187925,2
2022,1,14,13,0,臺中市,北區,0,1,0,8,1,5,50,4,1,1,5,4,5,7,1,1,5,5,4,2,17,6,3,10,1,1,B01,7,11,1,4,2,15,,6,6,1,10,8,B01,120.670506,24.159216,2
2022,1,14,13,1,臺中市,南屯區,0,0,0,8,,,50,,,,,,,,,,,,,,,12,,,,,B03,,,1,,2,,,12,12,1,19,,B03,120.627,24.149842,3
2022,1,14,13,10,臺中市,北區,0,0,0,8,,,30,,,,,,,,,,,,,,,23,,,,,C04,,,1,,1,,,23,23,1,22,,C04,120.684398,24.161701,3
2022,1,14,13,11,臺中市,大雅區,0,1,0,8,1,5,50,14,8,1,5,4,5,7,4,4,1,4,4,1,14,12,3,10,1,1,B12,7,2,1,3,2,15,,12,12,1,22,9,B12,120.658024,24.219842,2
2022,1,14,13,13,臺中市,西區,0,2,0,8,1,5,50,4,1,1,5,4,5,7,4,4,10,5,5,2,15,6,3,10,1,1,B12,7,9,1,8,2,5,,14,6,1,5,5,B12,120.668198,24.149549,2
2022,1,14,13,14,臺中市,北區,0,2,0,8,1,5,50,4,1,1,5,4,5,7,1,1,10,5,5,2,12,23,2,9,1,1,C03,7,9,1,10,2,14,,44,44,1,22,8,C03,120.676489,24.159195,2
2022,1,14,13,15,臺中市,大雅區,0,1,0,8,1,5,50,4,1,1,5,4,5,7,1,1,10,5,5,2,12,19,2,9,1,1,C03,7,1,1,10,2,11,,19,19,1,22,9,C03,120.64581,24.22583,2
2022,1,14,13,29,臺中市,豐原區,0,0,0,8,,,50,,,,,,,,,,,,,,,19,,,,,B03,,,1,,2,,,19,19,1,4,,B03,120.705855,24.243819,3
2022,1,14,13,30,臺中市,西屯區,0,0,0,8,,,50,,,,,,,,,,,,,,,12,,,,,B03,,,1,,2,,,12,12,1,22,,B03,120.621285,24.185555,3
2022,1,14,13,35,臺中市,大里區,0,0,0,8,,,50,,,,,,,,,,,,,,,23,,,,,B03,,,2,,2,,,23,23,1,22,,B03,120.683576,24.115283,3
2022,1,14,13,47,臺中市,西屯區,0,1,0,8,1,5,50,14,9,1,5,4,5,7,4,4,1,4,5,2,16,19,2,9,3,4,C03,7,1,1,10,2,15,,19,19,1,22,8,C03,120.644494,24.163156,2
2022,1,14,13,50,臺中市,潭子區,0,0,0,8,1,5,50,4,1,1,5,4,5,7,4,4,5,5,5,1,14,12,,,,,B11,,,1,,2,,,12,12,1,22,,B11,120.700666,24.223024,3
2022,1,14,13,55,臺中市,沙鹿區,0,1,0,8,1,5,30,14,9,1,5,4,5,7,4,4,10,5,5,2,11,5,2,8,1,1,C03,7,9,1,10,2,14,,5,5,1,18,8,C03,120.591458,24.222702,2
2022,1,14,13,57,臺中市,北屯區,0,0,0,8,,,50,,,,,,,,,,,,,,,26,,,,,B03,,,1,,1,,,26,26,1,22,,B03,120.693186,24.163111,3
2022,1,14,13,58,臺中市,北區,0,0,0,,,,50,,,,,,,,,,,,,,,23,,,,,B03,,,3,,2,,,23,23,1,21,,B03,120.67561,24.149738,3
2022,1,14,14,5,臺中市,外埔區,0,1,0,8,1,5,50,4,2,1,5,4,5,7,2,1,9,4,4,1,13,23,2,5,1,1,C03,7,9,1,10,2,11,,23,23,1,5,8,C03,120.652801,24.332286,2
2022,1,14,14,17,臺中市,太平區,0,1,0,8,1,5,50,3,2,1,5,4,5,7,3,1,5,5,5,1,16,27,2,9,1,1,C03,7,9,1,10,2,11,,16,16,1,5,8,C03,120.713378,24.116693,2
2022,1,14,14,19,臺中市,北區,0,0,0,8,,,50,,,,,,,,,,,,,,,6,,,,,B03,,,1,,2,,,6,6,1,22,,B03,120.677005,24.165436,3
2022,1,14,14,22,臺中市,神岡區,0,0,0,8,,,50,,,,,,,,,,,,,,,30,,,,,B12,,,1,,1,,,30,30,1,22,,B12,120.663125,24.256616,3
2022,1,14,14,27,臺中市,沙鹿區,0,2,0,8,1,5,40,3,1,1,5,4,5,7,4,4,1,4,1,1,12,42,3,10,1,1,B03,7,6,1,8,2,5,,42,42,1,4,8,B03,120.574475,24.228669,2
2022,1,14,14,28,臺中市,南屯區,0,0,0,8,,,40,,,,,,,,,,,,,,,23,,,,,B03,,,1,,2,,,23,23,1,4,,B03,120.623141,24.145201,3
2022,1,14,14,28,臺中市,神岡區,0,0,0,8,,,50,,,,,,,,,,,,,,,12,,,,,B02,,,1,,1,,,12,12,1,22,,B02,120.699583,24.266093,3
2022,1,14,14,30,臺中市,東區,0,0,0,8,,,50,,,,,,,,,,,,,,,6,,,,,B03,,,1,,2,,,6,6,1,22,,B03,120.687381,24.135011,3