年,月,日,時,分,縣市,區,死,受傷,2-30,天候,光線,道路類別,速限,道路型態,事故位置,路面鋪裝,路面狀態,路面缺陷,障礙物,視距,號誌種類,號誌動作,分向設施,快車道或一般車道間,快慢車道間,路面邊線,事故類型及型態,主要肇因,受傷程度,主要傷處,保護裝備,行動電話,當事者區分,車輛用途,當事者行動狀態,駕駛資格情形,駕駛執照種類,飲酒情形,車輛撞擊部位最初,車輛撞擊部位其他,肇事因素個別,肇事因素主要,肇事逃逸,職業,旅次目的,車種,GPS緯度,GPS經度,事故類別
2022,1,14,14,43,臺中市,北區,0,2,0,8,1,5,50,14,9,1,5,4,5,7,4,4,5,5,5,2,12,6,2,9,1,1,C03,7,6,1,10,2,14,,6,14,1,22,8,C03,120.674957,24.160344,2
2022,1,14,14,49,臺中市,北區,0,3,0,8,1,5,50,4,1,1,5,4,5,7,1,1,10,5,5,2,16,8,2,9,1,1,C03,7,5,1,10,2,14,,8,8,1,22,9,C03,120.682361,24.16152,2
2022,1,14,14,53,臺中市,神岡區,0,0,0,8,,,40,,,,,,,,,,,,,,,19,,,,,B12,,,1,,1,,,19,19,1,22,,B12,120.655721,24.255171,3
2022,1,14,14,56,臺中市,東區,0,0,0,,,,30,,,,,,,,,,,,,,,19,,,,,B03,,,1,,2,,,19,19,1,21,,B03,120.697295,24.14675,3
2022,1,14,14,58,臺中市,東區,0,1,0,8,1,5,50,14,9,1,5,4,1,7,4,4,9,4,5,2,16,7,3,10,1,1,B03,7,8,1,8,2,5,,7,7,1,18,8,B03,120.692547,24.133474,2
2022,1,14,14,59,臺中市,西區,0,0,0,,,,50,,,,,,,,,,,,,,,23,,,,,B03,,,1,,1,,,23,23,1,20,,B03,120.667738,24.130959,3
2022,1,14,14,59,臺中市,南屯區,0,0,0,8,,,50,,,,,,,,,,,,,,,7,,,,,B03,,,1,,2,,,7,7,1,22,,B03,120.630895,24.14616,3
2022,1,14,15,0,臺中市,大甲區,0,1,0,8,1,5,30,14,9,1,5,4,5,7,4,4,5,5,5,2,16,5,3,10,1,4,B03,7,9,1,8,2,8,,5,5,1,21,8,B03,120.645672,24.398795,2
2022,1,14,15,0,臺中市,神岡區,0,0,0,8,,,50,,,,,,,,,,,,,,,10,,,,,B03,,,1,,1,,,10,10,1,22,,B03,120.67356,24.253358,3
2022,1,14,15,2,臺中市,西區,0,1,0,8,1,5,50,4,1,1,5,4,5,7,1,1,10,5,5,2,16,6,3,10,1,1,B12,7,5,1,8,2,1,,6,6,1,4,8,B12,120.667532,24.141802,2
2022,1,14,15,2,臺中市,北區,0,0,0,8,,,40,,,,,,,,,,,,,,,12,,,,,C03,,,1,,9,,,12,12,1,22,,C03,120.675753,24.159848,3
2022,1,14,15,3,臺中市,南屯區,0,0,0,,,,50,,,,,,,,,,,,,,,40,,,,,B11,,,1,,2,,,40,40,1,22,,B11,120.649702,24.14165,3
2022,1,14,15,5,臺中市,南區,0,1,0,8,1,5,50,14,9,1,5,4,5,7,1,1,5,4,5,2,17,42,2,9,1,1,C03,7,9,1,10,2,14,,42,42,1,21,1,C03,120.660018,24.116885,2
2022,1,14,15,6,臺中市,北屯區,0,2,0,8,1,5,50,3,7,1,5,4,5,7,4,4,9,5,4,2,16,19,2,9,1,1,C03,7,1,3,18,2,13,,19,19,1,19,8,C03,120.6813,24.192,2
2022,1,14,15,7,臺中市,北區,0,0,0,8,,,50,,,,,,,,,,,,,,,6,,,,,B01,,,1,,2,,,6,6,1,10,,B01,120.677206,24.15221,3
2022,1,14,15,8,臺中市,梧棲區,0,0,0,8,,,50,,,,,,,,,,,,,,,19,,,,,C03,,,1,,2,,,19,19,1,12,,C03,120.540872,24.241476,3
2022,1,14,15,10,臺中市,北屯區,0,0,0,8,,,50,,,,,,,,,,,,,,,23,,,,,B03,,,1,,1,,,23,23,1,21,,B03,120.671416,24.174306,3
2022,1,14,15,17,臺中市,西區,0,1,0,8,1,5,50,4,1,1,5,4,5,7,4,4,5,5,5,2,16,6,3,10,3,4,B03,7,9,1,8,2,2,,6,6,1,21,8,B03,120.668192,24.149007,2
2022,1,14,15,21,臺中市,南屯區,0,0,0,8,,,50,,,,,,,,,,,,,,,23,,,,,B03,,,1,,1,,,23,23,1,4,,B03,120.631339,24.125432,3
2022,1,14,15,24,臺中市,北屯區,0,0,0,,,,50,,,,,,,,,,,,,,,23,,,,,B03,,,1,,2,,,23,23,1,22,,B03,120.665368,24.191184,3
2022,1,14,15,27,臺中市,豐原區,0,0,0,8,,,50,,,,,,,,,,,,,,,18,,,,,B03,,,1,,2,,,18,18,1,22,,B03,120.733511,24.252348,3
2022,1,14,15,27,臺中市,豐原區,0,0,0,8,,,50,,,,,,,,,,,,,,,12,,,,,B03,,,1,,2,,,12,12,1,22,,B03,120.719063,24.252778,3
2022,1,14,15,30,臺中市,大肚區,0,0,0,,,,30,,,,,,,,,,,,,,,23,,,,,B12,,,1,,2,,,23,23,1,5,,B12,120.564855,24.13058,3
2022,1,14,15,32,臺中市,西屯區,0,0,0,8,,,50,,,,,,,,,,,,,,,7,,,,,B03,,,1,,1,,,7,7,1,5,,B03,120.654383,24.202021,3
2022,1,14,15,41,臺中市,北屯區,0,1,0,8,1,5,50,14,9,1,5,4,5,7,4,4,9,5,5,1,13,23,3,10,1,1,B03,7,9,1,8,2,1,,23,23,1,4,8,B03,120.6751,24.2023,2
2022,1,14,15,42,臺中市,西區,0,0,0,8,1,5,50,4,1,1,5,4,5,7,1,1,10,5,5,2,13,23,,,,,B01,,,1,,2,,,23,23,1,10,,B01,120.678,24.134074,3
2022,1,14,15,44,臺中市,北屯區,0,1,0,8,1,5,50,14,9,1,5,4,5,7,4,4,3,4,5,1,13,23,2,3,1,1,B03,7,9,1,8,2,1,,23,23,1,21,8,B03,120.719998,24.163721,2
2022,1,14,15,55,臺中市,豐原區,0,1,0,8,1,5,50,14,7,1,5,4,5,7,4,4,4,4,4,2,12,17,3,10,1,1,B03,7,9,1,8,2,5,,17,17,1,4,1,B03,120.715163,24.249183,2
2022,1,14,16,0,臺中市,太平區,0,1,0,8,1,5,40,14,9,1,5,4,5,7,4,4,5,5,5,2,17,26,3,10,1,1,B03,7,9,1,8,2,2,,26,26,1,21,8,B03,120.774541,24.103061,2
2022,1,14,16,1,臺中市,北區,0,3,0,8,1,5,50,4,1,1,5,4,5,7,1,1,10,5,5,2,16,8,2,9,1,1,C03,7,5,1,10,2,11,,8,8,1,22,8,C03,120.686662,24.16309,2
2022,1,14,16,1,臺中市,梧棲區,0,0,0,8,,,30,,,,,,,,,,,,,,,5,,,,,B03,,,1,,2,,,5,5,1,12,,B03,120.557384,24.25851,3
2022,1,14,16,2,臺中市,南屯區,0,1,0,8,1,5,50,14,9,1,5,4,5,7,4,4,3,4,5,2,12,42,2,9,1,1,C03,7,9,1,10,2,11,,42,42,1,22,8,C03,120.61898,24.145305,2
2022,1,14,16,5,臺中市,大里區,0,0,0,8,,,50,,,,,,,,,,,,,,,9,,,,,A42,,,1,,2,,,9,9,1,10,,A42,120.696238,24.11042,3
2022,1,14,16,8,臺中市,大里區,0,0,0,8,,,30,,,,,,,,,,,,,,,12,,,,,B11,,,1,,2,,,12,12,1,21,,B11,120.70435,24.10646,3
2022,1,14,16,14,臺中市,南區,0,0,0,,,,50,,,,,,,,,,,,,,,23,,,,,B03,,,1,,2,,,23,23,1,22,,B03,120.654405,24.115803,3
2022,1,14,16,17,臺中市,梧棲區,0,0,0,8,,,30,,,,,,,,,,,,,,,19,,,,,B12,,,1,,2,,,19,19,1,12,,B12,120.521874,24.227888,3
2022,1,14,16,20,臺中市,梧棲區,0,1,0,8,1,5,60,4,1,1,5,4,5,7,1,1,10,5,5,2,16,9,3,10,1,1,B03,7,6,1,8,2,2,,9,9,1,3,1,B03,120.535983,24.248456,2
2022,1,14,16,22,臺中市,潭子區,0,0,0,8,1,5,80,14,9,1,5,4,5,7,4,4,1,3,5,1,13,23,,,,,B03,,,1,,2,,,23,23,1,22,,B03,120.719766,24.196291,3
2022,1,14,16,24,臺中市,西區,0,0,0,8,,,50,,,,,,,,,,,,,,,23,,,,,B03,,,1,,2,,,23,23,1,5,,B03,120.665349,24.159085,3
2022,1,14,16,25,臺中市,西屯區,0,1,0,8,1,5,50,3,1,1,5,4,5,7,1,1,9,4,1,2,16,23,3,10,1,1,B03,7,9,1,8,2,1,,23,23,1,12,8,B03,120.616551,24.182246,2
2022,1,14,16,29,臺中市,西屯區,0,0,0,8,,,50,,,,,,,,,,,,,,,23,,,,,B03,,,1,,1,,,23,23,1,22,,B03,120.631633,24.180107,3
2022,1,14,16,33,臺中市,北屯區,0,0,0,,,,80,,,,,,,,,,,,,,,16,,,,,B03,,,1,,1,,,16,16,1,22,,B03,120.686081,24.200973,3
2022,1,14,16,34,臺中市,北屯區,0,1,0,8,1,5,40,14,7,1,5,4,5,7,4,4,5,5,4,2,16,19,3,10,1,1,B03,7,1,1,8,2,8,,19,19,1,9,8,B03,120.6946,24.1746,2
2022,1,14,16,34,臺中市,豐原區,0,0,0,8,,,50,,,,,,,,,,,,,,,44,,,,,A42,,,1,,2,,,44,44,1,22,,A42,120.719446,24.263866,3
2022,1,14,16,37,臺中市,大里區,0,2,0,8,1,5,30,3,2,1,5,4,5,7,4,4,10,5,5,2,11,8,2,9,1,1,C03,7,5,4,8,2,11,,8,8,1,5,8,C03,120.675835,24.100748,2
2022,1,14,16,43,臺中市,中區,0,1,0,8,1,5,50,4,1,1,5,4,5,7,1,3,1,5,5,2,16,23,2,9,3,4,C03,7,5,1,10,2,12,,23,23,1,21,8,C03,120.682416,24.145861,2
2022,1,14,16,45,臺中市,西區,0,0,0,8,1,5,50,4,2,1,5,4,5,7,1,1,5,2,5,2,13,23,,,,,B03,,,1,,2,,,23,23,1,4,,B03,120.658865,24.15087,3
2022,1,14,16,48,臺中市,清水區,0,2,0,8,1,5,50,14,9,1,5,4,5,7,4,4,5,5,5,1,16,26,2,8,1,1,C03,7,5,1,10,2,11,,26,26,1,5,5,C03,120.575393,24.278731,2
2022,1,14,16,50,臺中市,西區,0,0,0,8,,,50,,,,,,,,,,,,,,,23,,,,,B03,,,1,,2,,,23,23,1,4,,B03,120.661174,24.150615,3
2022,1,14,16,50,臺中市,西屯區,0,0,0,8,,,50,,,,,,,,,,,,,,,23,,,,,B03,,,1,,1,,,23,23,1,21,,B03,120.635988,24.17638,3
2022,1,14,16,54,臺中市,神岡區,0,0,0,8,,,30,,,,,,,,,,,,,,,17,,,,,C03,,,1,,2,,,17,17,1,22,,C03,120.655746,24.267595,3
2022,1,14,16,55,臺中市,太平區,0,0,0,8,,,50,,,,,,,,,,,,,,,8,,,,,C04,,,1,,1,,,8,8,1,19,,C04,120.712193,24.14107,3
2022,1,14,17,3,臺中市,龍井區,0,3,0,8,1,5,30,4,1,1,5,4,5,7,1,1,10,5,5,1,15,25,2,8,1,1,C03,7,9,6,18,4,11,,25,25,1,12,8,C03,120.544421,24.186291,2
2022,1,14,17,13,臺中市,西區,0,1,0,8,1,5,50,4,1,1,5,4,5,7,1,1,10,5,5,2,16,6,3,10,1,1,B03,7,6,1,8,2,5,,6,6,1,22,9,B03,120.670974,24.14018,2
2022,1,14,17,13,臺中市,西區,0,1,0,8,2,5,50,14,9,1,5,4,5,7,4,4,5,5,5,2,13,16,3,10,3,4,C03,7,9,1,10,2,11,,16,16,1,21,8,C03,120.681125,24.136674,2
2022,1,14,17,14,臺中市,北區,0,0,0,8,,,50,,,,,,,,,,,,,,,23,,,,,B03,,,1,,1,,,23,23,1,22,,B03,120.678648,24.151564,3
2022,1,14,17,16,臺中市,南屯區,0,0,0,,,,50,,,,,,,,,,,,,,,23,,,,,B03,,,1,,1,,,23,23,1,22,,B03,120.646944,24.141645,3
2022,1,14,17,17,臺中市,北區,0,1,0,8,1,5,50,4,1,1,5,4,5,7,3,1,5,5,5,2,15,6,2,9,1,1,C03,7,9,1,10,2,11,,6,6,1,5,8,C03,120.669214,24.163831,2
2022,1,14,17,18,臺中市,西屯區,0,0,0,8,,,50,,,,,,,,,,,,,,,23,,,,,C03,,,1,,2,,,23,23,1,18,,C03,120.646438,24.156366,3
2022,1,14,17,18,臺中市,大肚區,0,0,0,,,,30,,,,,,,,,,,,,,,10,,,,,C03,,,1,,2,,,10,10,1,22,,C03,120.580594,24.174632,3
2022,1,14,17,21,臺中市,西區,0,1,0,8,3,5,50,4,1,1,5,4,5,7,2,1,10,5,5,2,16,6,3,10,1,1,B03,7,5,1,8,2,5,,6,6,1,21,8,B03,120.665271,24.149036,2
2022,1,14,17,23,臺中市,太平區,0,1,0,8,2,5,50,3,1,1,5,4,5,7,4,4,10,5,5,2,16,6,2,9,1,1,C03,7,5,1,10,2,12,,6,6,1,19,5,C03,120.734001,24.147812,2
2022,1,14,17,23,臺中市,烏日區,0,1,0,8,2,5,50,4,1,1,5,4,5,7,2,1,10,5,5,2,16,8,3,10,1,1,B03,7,5,1,8,2,1,,8,8,1,5,8,B03,120.625723,24.110427,2
2022,1,14,17,23,臺中市,豐原區,0,0,0,,,,50,,,,,,,,,,,,,,,43,,,,,,,,,,,,,43,43,1,,,,120.729972,24.255697,3
2022,1,14,17,27,臺中市,潭子區,0,1,0,8,2,5,30,3,1,1,5,4,5,7,4,4,10,5,5,2,16,6,3,10,1,1,B03,7,6,1,8,2,1,,6,6,1,22,8,B03,120.70952,24.208094,2
2022,1,14,17,30,臺中市,西屯區,0,1,0,8,1,5,30,14,9,1,5,4,5,7,4,4,10,5,5,2,2,23,3,10,3,4,B03,7,9,1,8,1,15,,23,23,1,22,8,B03,120.643427,24.181571,2
2022,1,14,17,30,臺中市,大里區,0,0,0,8,,,30,,,,,,,,,,,,,,,17,,,,,B12,,,3,,2,,,17,17,1,5,,B12,120.686558,24.112316,3
2022,1,14,17,30,臺中市,太平區,0,1,0,8,1,5,50,14,9,1,5,4,5,7,4,4,5,5,5,2,12,23,3,10,1,1,B03,7,9,1,8,2,2,,23,23,1,21,8,B03,120.71832,24.128677,2
2022,1,14,17,30,臺中市,后里區,0,0,0,8,,,30,,,,,,,,,,,,,,,12,,,,,B03,,,1,,2,,,12,12,1,4,,B03,120.722843,24.309058,3
2022,1,14,17,36,臺中市,大雅區,0,1,0,8,1,5,50,4,1,1,5,4,5,7,2,1,3,4,5,1,16,25,2,9,1,1,C03,7,5,1,10,2,12,,25,25,1,22,8,C03,120.66447,24.233828,2
2022,1,14,17,36,臺中市,沙鹿區,0,1,0,8,1,5,40,14,8,1,5,4,5,7,4,4,1,4,3,1,13,16,2,8,1,1,C03,7,9,1,10,3,14,,16,16,1,9,1,C03,120.568888,24.237777,2
2022,1,14,17,45,臺中市,豐原區,0,0,0,8,,,50,,,,,,,,,,,,,,,23,,,,,B03,,,1,,2,,,23,23,1,22,,B03,120.717575,24.257877,3
2022,1,14,17,46,臺中市,西區,0,2,0,8,1,5,50,4,1,1,5,4,5,7,1,1,10,5,5,2,15,25,2,9,1,1,C03,7,9,1,10,2,12,,25,25,1,22,9,C03,120.662743,24.161205,2
2022,1,14,17,47,臺中市,大雅區,0,3,0,8,2,5,50,4,1,1,5,4,5,7,1,1,10,5,5,2,11,6,2,9,1,1,C03,7,5,1,10,2,11,,6,6,1,22,9,C03,120.63106,24.21088,2
2022,1,14,17,47,臺中市,北屯區,0,0,0,8,,,50,,,,,,,,,,,,,,,1,,,,,B03,,,1,,1,,,1,1,1,21,,B03,120.719126,24.176375,3
2022,1,14,17,48,臺中市,大雅區,0,0,0,8,,,50,,,,,,,,,,,,,,,23,,,,,B12,,,1,,2,,,23,23,1,22,,B12,120.647253,24.221741,3
2022,1,14,17,48,臺中市,南屯區,0,2,0,8,3,5,50,4,1,1,5,3,5,7,2,1,10,5,5,2,16,7,2,9,3,4,F01,7,8,8,20,2,16,,7,7,1,22,8,F01,120.646629,24.140096,2
2022,1,14,17,50,臺中市,大甲區,0,2,0,8,3,5,50,14,9,1,5,4,5,7,4,4,10,5,5,2,10,23,2,9,1,1,C03,7,9,1,10,2,11,,23,23,1,4,1,C03,120.621093,24.338558,2
2022,1,14,17,50,臺中市,新社區,0,2,0,8,3,5,50,14,9,1,5,4,5,7,4,4,10,5,5,1,17,6,3,10,1,1,B03,7,15,1,7,2,2,,6,6,1,9,8,B03,120.79599,24.21722,2
2022,1,14,17,52,臺中市,龍井區,0,1,0,8,2,5,40,14,8,1,5,4,5,7,4,4,1,4,1,2,17,19,3,10,1,4,B03,7,1,1,8,2,8,,19,19,1,22,8,B03,120.592459,24.183101,2
2022,1,14,17,54,臺中市,西區,0,1,0,8,1,5,50,3,1,1,5,4,5,7,1,1,1,5,5,2,12,6,3,10,3,4,B03,7,6,1,8,2,2,,6,6,1,21,8,B03,120.663835,24.140004,2
2022,1,14,17,54,臺中市,北屯區,0,0,0,8,,,50,,,,,,,,,,,,,,,44,,,,,B03,,,1,,1,,,1,1,1,21,,B03,120.699643,24.164641,3
2022,1,14,17,54,臺中市,清水區,0,0,0,8,3,5,50,4,1,1,5,4,5,7,1,1,1,4,4,2,12,18,3,10,1,1,B03,7,3,1,8,2,5,,18,18,1,5,5,B03,120.576084,24.270913,3
2022,1,14,17,55,臺中市,太平區,0,1,0,8,3,5,50,14,7,1,5,4,5,7,4,4,5,4,4,1,12,26,3,10,1,1,B03,7,11,1,8,2,8,,26,26,1,9,1,B03,120.720484,24.158611,2
2022,1,14,17,56,臺中市,北區,0,1,0,8,1,5,50,3,1,1,5,4,5,7,4,4,10,5,5,2,16,6,3,10,1,1,B03,7,6,1,8,2,8,,6,6,1,22,8,B03,120.687731,24.161527,2
2022,1,14,17,56,臺中市,豐原區,0,3,0,7,3,5,50,3,2,1,4,4,5,7,4,4,8,3,4,1,17,26,2,8,3,4,C03,7,11,1,10,2,12,,26,26,1,22,8,C03,120.707938,24.246702,2
2022,1,14,17,57,臺中市,烏日區,0,0,0,,,,50,,,,,,,,,,,,,,,6,,,,,B03,,,1,,2,,,6,6,1,22,,B03,120.647225,24.110022,3
2022,1,14,17,58,臺中市,潭子區,0,0,0,8,3,5,50,4,1,1,5,4,5,7,1,1,5,2,5,1,12,26,,,,,C03,,,1,,1,,,26,26,1,22,,C03,120.722619,24.204066,3
2022,1,14,17,59,臺中市,南屯區,0,0,0,,,,50,,,,,,,,,,,,,,,19,,,,,A04,,,1,,2,,,19,19,1,22,,A04,120.602639,24.139284,3
2022,1,14,18,0,臺中市,大雅區,0,0,0,8,,,50,,,,,,,,,,,,,,,23,,,,,C03,,,1,,2,,,23,23,1,22,,C03,120.647253,24.221741,3
2022,1,14,18,1,臺中市,西屯區,0,0,0,8,,,50,,,,,,,,,,,,,,,23,,,,,B03,,,1,,1,,,23,23,1,5,,B03,120.644408,24.203123,3
2022,1,14,18,2,臺中市,潭子區,0,0,0,8,,,80,,,,,,,,,,,,,,,23,,,,,B03,,,1,,2,,,23,23,1,22,,B03,120.720397,24.195602,3
2022,1,14,18,2,臺中市,中區,0,1,0,8,3,5,50,4,1,1,5,4,5,7,1,1,10,5,5,2,17,6,3,10,1,1,B03,7,6,1,8,2,2,,6,6,1,4,5,B03,120.682211,24.140111,2
2022,1,14,18,4,臺中市,北區,0,2,0,8,3,5,50,14,9,1,5,4,5,7,4,4,9,5,5,2,17,19,2,9,1,1,C03,7,1,1,10,2,14,,19,19,1,5,8,C03,120.678656,24.15867,2
2022,1,14,18,4,臺中市,南屯區,0,0,0,8,,,50,,,,,,,,,,,,,,,7,,,,,B03,,,1,,2,,,7,7,1,5,,B03,120.585007,24.167255,3
2022,1,14,18,4,臺中市,北屯區,0,0,0,8,,,50,,,,,,,,,,,,,,,23,,,,,B03,,,1,,1,,,23,23,1,4,,B03,120.7011,24.1649,3
2022,1,14,18,6,臺中市,北區,0,0,0,8,,,50,,,,,,,,,,,,,,,7,,,,,B03,,,1,,1,,,7,7,1,22,,B03,120.68497,24.160079,3
2022,1,14,18,7,臺中市,北區,0,2,0,8,1,5,40,4,1,1,5,4,5,7,4,4,5,5,5,2,15,6,2,5,1,1,C03,7,9,1,10,2,13,,6,6,1,5,8,C03,120.679186,24.160492,2
2022,1,14,18,10,臺中市,太平區,0,1,0,8,1,5,30,3,2,1,5,4,5,7,4,4,5,5,5,2,18,23,2,9,1,1,C03,7,9,1,10,2,14,,23,23,1,21,8,C03,120.728277,24.141315,2
2022,1,14,18,11,臺中市,西屯區,0,0,0,8,,,40,,,,,,,,,,,,,,,7,,,,,B03,,,1,,1,,,7,7,1,22,,B03,120.615261,24.182896,3
2022,1,14,18,12,臺中市,大里區,0,0,0,8,,,50,,,,,,,,,,,,,,,23,,,,,B03,,,1,,2,,,23,23,1,5,,B03,120.690015,24.120871,3
2022,1,14,18,13,臺中市,潭子區,0,2,0,8,3,5,50,4,1,1,5,4,5,7,3,1,10,5,5,2,16,6,2,9,1,1,F02,7,5,8,20,2,16,,6,6,1,22,8,F02,120.712728,24.216644,2
2022,1,14,18,13,臺中市,大雅區,1,0,0,8,3,5,50,4,1,1,5,4,5,7,1,1,3,4,5,1,16,6,3,10,1,1,B03,7,5,1,8,2,5,,6,6,1,5,1,B03,120.67421,24.240437,1
2022,1,14,18,13,臺中市,北區,0,2,0,8,3,5,50,14,9,1,5,4,5,7,4,4,9,4,5,2,13,23,2,7,1,1,B03,7,9,1,8,2,5,,23,23,1,22,8,B03,120.668794,24.166622,2
2022,1,14,18,14,臺中市,潭子區,0,0,0,8,3,5,50,5,1,1,5,4,5,7,1,1,5,5,4,2,13,23,,,,,B03,,,1,,2,,,23,23,1,22,,B03,120.7096,24.215164,3
2022,1,14,18,14,臺中市,豐原區,0,0,0,,,,60,,,,,,,,,,,,,,,23,,,,,B03,,,1,,2,,,23,23,1,22,,B03,120.717339,24.236718,3
2022,1,14,18,18,臺中市,大雅區,0,1,0,8,3,5,50,14,7,1,5,4,5,7,4,4,5,4,4,2,17,26,3,10,1,1,B03,7,11,1,2,2,8,,26,26,1,22,9,B03,120.65259,24.21663,2
2022,1,14,18,19,臺中市,北區,0,0,0,8,,,50,,,,,,,,,,,,,,,23,,,,,B03,,,1,,1,,,23,23,1,5,,B03,120.672215,24.16952,3
2022,1,14,18,20,臺中市,西屯區,0,1,0,8,3,5,30,14,9,1,5,4,5,7,4,4,10,5,5,2,13,23,2,9,1,1,B03,7,9,1,10,2,1,,23,23,1,21,8,B03,120.648725,24.170066,2
2022,1,14,18,24,臺中市,大雅區,0,0,0,8,,,50,,,,,,,,,,,,,,,17,,,,,A41,,,1,,2,,,17,17,1,10,,A41,120.64889,24.21799,3
2022,1,14,18,25,臺中市,大雅區,0,0,0,8,,,50,,,,,,,,,,,,,,,7,,,,,B03,,,1,,2,,,7,7,1,22,,B03,120.644394,24.209328,3
2022,1,14,18,25,臺中市,西屯區,0,0,0,8,,,40,,,,,,,,,,,,,,,17,,,,,A02,,,1,,11,,,17,17,1,10,,A02,120.609878,24.184283,3
2022,1,14,18,26,臺中市,西區,0,3,0,8,3,5,50,14,9,1,5,4,5,7,4,4,10,5,5,2,12,7,2,8,1,1,C03,7,8,1,10,2,13,,7,7,1,22,9,C03,120.673861,24.142947,2
2022,1,14,18,26,臺中市,西屯區,0,2,0,8,3,5,40,3,1,1,5,4,5,7,4,4,10,5,5,2,15,19,2,9,1,1,C03,7,1,1,10,2,14,12,19,19,1,5,8,C03,120.638398,24.157783,2
2022,1,14,18,27,臺中市,東區,0,1,0,8,3,5,50,5,1,1,5,4,5,7,1,1,10,5,5,2,16,26,2,8,3,4,C03,7,5,1,10,2,12,,26,26,1,5,8,C03,120.696696,24.139756,2
2022,1,14,18,32,臺中市,梧棲區,0,1,0,8,3,5,50,14,9,1,5,4,5,7,4,4,5,5,5,1,17,23,2,9,1,1,C03,7,9,1,10,2,11,,23,23,1,11,8,C03,120.537935,24.246705,2
2022,1,14,18,38,臺中市,大甲區,0,1,0,8,3,5,50,14,9,1,5,4,5,7,4,4,10,5,5,2,17,42,3,10,1,1,G03,7,13,7,19,1,1,,42,42,1,4,1,G03,120.653666,24.375558,2
2022,1,14,18,40,臺中市,神岡區,0,1,0,7,3,5,50,3,1,1,5,4,5,7,1,1,5,4,5,1,17,4,2,9,1,1,C03,7,9,1,10,2,11,,4,4,1,20,8,C03,120.662331,24.257658,2
2022,1,14,18,43,臺中市,東勢區,0,2,0,8,3,5,60,5,12,1,5,4,5,7,2,1,5,5,5,1,13,23,2,9,1,1,C03,7,9,1,10,2,11,,23,23,1,19,8,C03,120.82502,24.26637,2
2022,1,14,18,45,臺中市,南屯區,0,0,0,8,,,50,,,,,,,,,,,,,,,12,,,,,B03,,,1,,1,,,12,12,1,22,,B03,120.648638,24.151805,3
2022,1,14,18,47,臺中市,霧峰區,0,0,0,8,3,5,50,4,1,1,5,4,5,7,4,4,10,5,5,2,13,23,,,,,B03,,,1,,2,,,23,23,1,9,,B03,120.697175,24.06452,3
2022,1,14,18,50,臺中市,太平區,0,1,0,8,1,5,50,14,9,1,5,4,5,7,4,4,5,5,5,2,17,19,3,10,1,1,B03,7,1,1,8,2,8,,19,19,1,21,8,B03,120.703372,24.156043,2
2022,1,14,18,54,臺中市,豐原區,0,0,0,8,,,50,,,,,,,,,,,,,,,12,,,,,B03,,,1,,2,,,12,12,1,21,,B03,120.728419,24.254948,3
2022,1,14,18,55,臺中市,北屯區,0,1,0,8,3,5,50,4,1,1,5,4,5,7,2,1,4,3,4,2,1,15,3,10,1,1,B03,7,5,1,8,2,8,,15,15,1,22,8,B03,120.724241,24.166865,2
2022,1,14,18,56,臺中市,西屯區,0,0,0,8,,,50,,,,,,,,,,,,,,,43,,,,,B03,,,1,,2,,,43,43,1,21,,B03,120.64578,24.169665,3
2022,1,14,18,56,臺中市,沙鹿區,0,2,0,8,3,5,60,3,1,1,5,4,5,7,1,1,1,4,1,1,16,25,2,3,1,1,B03,7,5,1,8,2,6,,25,25,1,4,8,B03,120.580453,24.216072,2
2022,1,14,18,58,臺中市,西區,0,0,0,,,,50,,,,,,,,,,,,,,,1,,,,,B03,,,1,,2,,,44,44,1,21,,B03,120.663936,24.157574,3
2022,1,14,19,0,臺中市,西區,0,0,0,8,3,5,50,14,9,1,5,4,5,7,4,4,3,4,5,2,17,19,,,,,B03,,,1,,1,,,19,19,1,5,,B03,120.654097,24.151188,3
2022,1,14,19,0,臺中市,北屯區,0,0,0,8,,,50,,,,,,,,,,,,,,,23,,,,,C03,,,1,,1,,,23,23,1,5,,C03,120.6859,24.1783,3
2022,1,14,19,7,臺中市,神岡區,0,2,0,8,1,5,50,5,1,1,5,4,5,7,1,2,10,5,5,2,3,51,2,9,4,5,H01,8,16,8,20,10,16,,51,51,1,22,9,H01,120.655356,24.258941,2
2022,1,14,19,8,臺中市,北屯區,0,0,0,8,,,50,,,,,,,,,,,,,,,12,,,,,B03,,,1,,1,,,12,12,1,21,,B03,120.6661,24.189308,3
2022,1,14,19,8,臺中市,豐原區,0,0,0,8,,,50,,,,,,,,,,,,,,,23,,,,,B12,,,1,,2,,,23,23,1,22,,B12,120.720584,24.266936,3
2022,1,14,19,10,臺中市,東勢區,0,0,0,6,,,60,,,,,,,,,,,,,,,23,,,,,B03,,,1,,2,,,23,23,1,19,,B03,120.80088,24.29466,3
2022,1,14,19,12,臺中市,北區,0,0,0,8,,,50,,,,,,,,,,,,,,,23,,,,,B03,,,1,,1,,,23,23,1,5,,B03,120.67676,24.178081,3