年,月,日,時,分,縣市,區,死,受傷,2-30,天候,光線,道路類別,速限,道路型態,事故位置,路面鋪裝,路面狀態,路面缺陷,障礙物,視距,號誌種類,號誌動作,分向設施,快車道或一般車道間,快慢車道間,路面邊線,事故類型及型態,主要肇因,受傷程度,主要傷處,保護裝備,行動電話,當事者區分,車輛用途,當事者行動狀態,駕駛資格情形,駕駛執照種類,飲酒情形,車輛撞擊部位最初,車輛撞擊部位其他,肇事因素個別,肇事因素主要,肇事逃逸,職業,旅次目的,車種,GPS緯度,GPS經度,事故類別
2022,1,15,20,13,臺中市,北區,0,1,0,8,3,5,40,14,7,1,5,4,5,7,4,4,1,5,4,2,17,19,2,9,1,1,C03,7,1,1,10,2,14,,19,19,1,22,9,C03,120.690438,24.158948,2
2022,1,15,20,25,臺中市,南屯區,0,0,0,,,,50,,,,,,,,,,,,,,,9,,,,,B03,,,1,8,2,,,9,9,1,12,,B03,120.622643,24.150214,3
2022,1,15,20,28,臺中市,豐原區,0,2,0,8,3,5,50,14,7,1,5,4,5,7,4,4,5,5,4,2,17,23,2,9,3,4,C03,7,9,1,10,2,11,,23,23,1,22,9,C03,120.697583,24.24348,2
2022,1,15,20,46,臺中市,西區,0,1,0,8,3,5,50,4,1,1,5,4,5,7,1,1,5,5,5,2,17,42,3,10,3,4,C03,7,9,1,10,2,15,,42,42,1,21,8,C03,120.661671,24.13998,2
2022,1,15,20,49,臺中市,西區,0,0,0,8,3,5,50,3,1,1,5,4,5,7,4,4,3,4,5,2,13,23,,,,,B03,,,1,,1,,,23,23,1,5,,B03,120.673989,24.148208,3
2022,1,15,20,57,臺中市,大甲區,0,1,0,8,3,5,50,4,1,1,5,4,5,7,4,4,10,5,5,2,15,6,2,7,1,1,C03,7,9,1,10,2,11,,6,6,1,4,1,C03,120.625031,24.344994,2
2022,1,15,20,59,臺中市,沙鹿區,0,1,0,8,3,5,50,4,1,1,5,4,5,7,1,1,10,5,5,2,12,42,3,10,1,1,B12,7,3,1,7,2,6,,42,42,1,21,8,B12,120.55873,24.229471,2
2022,1,15,21,18,臺中市,沙鹿區,0,1,0,7,3,5,30,4,1,1,5,4,5,3,4,4,10,5,5,2,16,6,2,9,1,1,C03,7,9,1,10,2,12,,6,6,1,3,9,C03,120.617669,24.242015,2
2022,1,15,21,20,臺中市,西區,0,1,0,8,3,5,50,4,1,1,5,4,5,7,4,4,10,5,5,2,13,16,3,10,1,1,C03,7,9,1,10,1,11,,16,16,1,5,1,C03,120.658361,24.146713,2
2022,1,15,21,45,臺中市,大里區,0,1,0,8,3,5,50,11,13,1,5,4,5,7,4,4,9,4,5,1,17,40,3,10,2,1,B03,7,13,1,8,1,4,,40,40,1,12,8,B03,120.700885,24.083328,2
2022,1,15,21,49,臺中市,西屯區,0,1,0,8,3,5,40,14,8,1,5,4,5,7,4,4,5,5,4,2,17,40,3,10,1,1,B03,7,14,1,8,2,4,,40,40,1,22,8,B03,120.635804,24.164219,2
2022,1,15,21,55,臺中市,西區,0,1,0,8,3,5,50,14,7,1,5,4,5,7,4,4,1,4,4,2,13,13,2,9,1,1,C03,7,9,1,10,2,11,,13,13,1,21,8,C03,120.657239,24.143261,2
2022,1,15,22,8,臺中市,南屯區,0,0,0,8,,,50,,,,,,,,,,,,,,,7,,,,,B03,,,1,,1,,,7,7,1,21,,B03,120.640401,24.144867,3
2022,1,15,22,10,臺中市,西區,0,0,0,,,,50,,,,,,,,,,,,,,,12,,,,,B01,,,1,,1,,,12,12,1,20,,B01,120.661768,24.154714,3
2022,1,15,22,20,臺中市,北屯區,0,0,0,8,,,50,,,,,,,,,,,,,,,1,,,,,C03,,,1,,1,,,1,1,1,5,,C03,120.702102,24.170065,3
2022,1,15,22,21,臺中市,西區,0,2,0,8,3,5,50,5,1,1,5,4,5,7,1,1,5,5,5,2,16,6,2,9,3,4,C03,7,5,1,10,2,11,,6,6,1,21,8,C03,120.67253,24.131787,2
2022,1,15,22,25,臺中市,西屯區,0,1,0,8,3,5,30,4,1,1,5,4,5,7,4,4,10,5,5,2,15,6,3,10,1,1,B03,7,9,1,8,2,4,,6,6,1,21,8,B03,120.648213,24.182896,2
2022,1,15,22,39,臺中市,豐原區,0,0,0,,,,50,,,,,,,,,,,,,,,23,,,,,B02,,,1,,2,,,23,23,1,22,,B02,120.729569,24.255705,3
2022,1,15,22,41,臺中市,北區,0,2,0,8,3,5,50,4,1,1,5,4,5,7,4,4,10,5,5,2,16,14,2,9,1,1,C03,7,5,1,10,2,11,,14,14,1,22,8,C03,120.700033,24.152331,2
2022,1,15,22,44,臺中市,北區,0,0,0,8,,,40,,,,,,,,,,,,,,,23,,,,,C03,,,1,,1,,,23,23,1,21,,C03,120.680244,24.148604,3
2022,1,15,22,47,臺中市,北屯區,0,0,0,8,,,50,,,,,,,,,,,,,,,26,,,,,B02,,,3,,3,,,26,26,1,22,,B02,120.694012,24.164972,3
2022,1,15,23,19,臺中市,西區,0,2,0,8,3,5,50,4,1,1,5,4,5,7,4,4,10,5,5,2,15,6,2,7,1,1,B03,7,9,1,8,2,5,,6,6,1,5,8,B03,120.663108,24.153698,2
2022,1,15,23,29,臺中市,太平區,0,1,0,8,3,5,50,3,2,1,5,4,5,7,4,4,9,4,5,1,11,26,2,8,1,1,B03,7,1,1,8,2,4,,26,26,1,20,8,B03,120.71903,24.127024,2
2022,1,15,23,48,臺中市,西屯區,0,0,0,8,,,40,,,,,,,,,,,,,,,43,,,,,B03,,,1,,9,,,43,43,1,4,,B03,120.643545,24.182179,3
2022,1,15,23,49,臺中市,梧棲區,1,0,0,8,3,5,40,14,9,1,5,4,5,7,4,4,10,5,5,2,13,21,1,1,3,4,B12,7,9,6,8,8,1,,21,21,1,11,8,B12,120.536059,24.25125,1
2022,1,16,0,1,臺中市,西屯區,0,1,0,8,3,5,50,14,9,1,5,4,5,7,4,4,1,3,5,2,13,16,2,9,1,1,C03,7,9,1,10,2,11,,16,16,1,22,8,C03,120.656553,24.169925,2
2022,1,16,0,3,臺中市,沙鹿區,0,0,0,8,,,50,,,,,,,,,,,,,,,23,,,,,B03,,,1,,2,,,23,23,1,22,,B03,120.579417,24.221291,3
2022,1,16,0,37,臺中市,北屯區,0,0,0,8,,,50,,,,,,,,,,,,,,,23,,,,,B03,,,1,,1,,,23,23,1,21,,B03,120.68589,24.177066,3
2022,1,16,0,42,臺中市,大里區,0,2,0,8,3,5,50,4,1,1,5,4,5,7,1,1,5,4,4,1,15,25,2,9,3,4,C03,7,9,3,18,2,12,,25,25,1,22,8,C03,120.680081,24.095619,2
2022,1,16,0,47,臺中市,東區,0,0,0,8,,,50,,,,,,,,,,,,,,,23,,,,,B03,,,1,8,2,,,23,23,1,21,,B03,120.697241,24.127219,3
2022,1,16,0,49,臺中市,豐原區,0,1,0,8,3,5,50,5,1,1,5,4,5,7,3,1,10,5,5,2,17,42,3,10,3,4,B03,7,6,1,8,11,1,,42,42,1,22,8,B03,120.717293,24.246198,2
2022,1,16,1,14,臺中市,后里區,0,1,0,8,3,5,50,14,9,1,5,4,5,7,4,4,4,5,5,1,18,42,2,9,1,1,C03,7,9,6,10,6,14,,42,42,1,22,8,C03,120.73058,24.308755,2
2022,1,16,1,54,臺中市,太平區,0,0,0,8,,,50,,,,,,,,,,,,,,,23,,,,,B12,,,,,,,,23,23,1,21,,B12,120.712588,24.157262,3
2022,1,16,2,48,臺中市,中區,0,0,0,,,,50,,,,,,,,,,,,,,,43,,,,,B03,,,1,,2,,,43,43,1,21,,B03,120.680375,24.145681,3
2022,1,16,4,12,臺中市,東區,0,0,0,8,,,50,,,,,,,,,,,,,,,42,,,,,B03,,,1,,2,,,42,42,1,22,,B03,120.688721,24.134728,3
2022,1,16,5,16,臺中市,豐原區,0,2,0,8,1,5,50,4,1,1,5,4,5,7,3,1,10,5,5,2,17,6,2,9,1,1,G01,7,9,8,20,2,16,,23,6,1,22,8,G01,120.707436,24.247016,2
2022,1,16,6,40,臺中市,清水區,0,1,0,8,2,5,50,5,1,1,5,4,5,7,1,1,10,5,5,2,16,25,2,9,4,1,F01,7,6,8,20,2,16,,25,25,1,20,5,F01,120.575482,24.278336,2
2022,1,16,6,43,臺中市,大里區,0,2,0,8,1,5,50,4,1,1,5,4,5,7,3,1,5,4,4,1,15,6,2,8,3,4,C03,7,9,1,10,2,12,,6,6,1,22,8,C03,120.677092,24.094396,2
2022,1,16,6,46,臺中市,北區,0,1,0,8,1,5,50,5,1,1,5,4,5,7,1,1,1,2,5,2,16,26,3,10,1,1,B01,7,6,1,4,2,2,,26,26,1,10,8,B01,120.686252,24.15482,2
2022,1,16,7,11,臺中市,南屯區,0,0,0,8,,,40,,,,,,,,,,,,,,,12,,,,,B03,,,1,,1,,,12,12,2,22,,B03,120.610937,24.138461,3
2022,1,16,7,12,臺中市,烏日區,0,1,0,8,1,5,50,14,9,1,5,4,5,7,4,4,5,5,5,2,12,8,2,8,1,1,C03,7,5,3,18,2,14,,8,8,1,22,8,C03,120.621028,24.103058,2
2022,1,16,7,24,臺中市,大雅區,0,1,0,8,1,5,50,14,12,1,5,4,5,7,4,4,1,4,4,1,12,19,3,10,1,1,B03,7,1,1,8,2,8,,19,19,1,22,9,B03,120.66163,24.21971,2
2022,1,16,7,29,臺中市,西屯區,0,0,0,8,,,50,,,,,,,,,,,,,,,9,,,,,B03,,,1,,2,,,9,9,1,22,,B03,120.647137,24.167221,3
2022,1,16,7,30,臺中市,烏日區,0,0,0,8,,,50,,,,,,,,,,,,,,,16,,,,,A12,,,1,,2,,,16,16,1,22,,A12,120.650247,24.106458,3
2022,1,16,7,46,臺中市,梧棲區,0,1,0,8,1,5,30,4,1,1,5,4,5,7,4,4,10,5,5,2,16,6,3,10,1,1,B03,7,5,1,8,2,8,,6,6,1,5,8,B03,120.557984,24.258413,2
2022,1,16,8,0,臺中市,神岡區,0,1,0,8,1,5,50,14,7,1,5,4,5,7,4,4,4,4,4,2,17,9,3,10,1,1,C03,7,6,4,8,2,12,,9,9,1,19,8,C03,120.677955,24.24995,2
2022,1,16,8,10,臺中市,大甲區,0,0,0,8,,,30,,,,,,,,,,,,,,,5,,,,,B03,,,1,,2,,,5,5,1,2,,B03,120.671712,24.380848,3
2022,1,16,8,16,臺中市,南屯區,0,1,0,8,1,5,40,14,11,1,5,4,5,7,4,4,10,5,4,2,13,23,2,9,1,1,C03,7,9,1,10,2,12,,23,23,1,22,8,C03,120.637109,24.144763,2
2022,1,16,8,19,臺中市,東區,0,2,0,8,1,5,50,4,1,1,5,4,5,7,1,1,10,5,5,2,15,25,2,9,1,1,C03,7,9,1,10,2,12,,25,25,1,22,8,C03,120.689214,24.142914,2
2022,1,16,8,26,臺中市,北區,0,0,0,8,1,5,50,4,2,1,5,4,5,7,2,1,6,1,5,2,13,26,,,,,B01,,,1,,2,,,26,26,1,5,,B01,120.677303,24.151254,3
2022,1,16,8,32,臺中市,大里區,0,1,0,8,1,5,50,14,9,1,5,4,5,7,4,4,5,5,5,1,3,52,2,1,4,5,H01,8,16,8,20,10,16,,52,52,1,22,8,H01,120.701096,24.088695,2
2022,1,16,9,6,臺中市,霧峰區,0,0,0,8,,,30,,,,,,,,,,,,,,,16,,,,,C03,,,1,,2,,,16,16,1,22,,C03,120.664142,24.079764,3
2022,1,16,9,26,臺中市,大安區,0,0,0,8,,,30,,,,,,,,,,,,,,,5,,,,,B12,,,1,,2,,,5,5,1,9,,B12,120.596809,24.384164,3
2022,1,16,9,34,臺中市,西區,0,0,0,8,1,5,50,14,8,1,5,4,5,7,4,4,5,4,4,2,12,42,,,,,B03,,,1,,2,,,42,42,1,22,,B03,120.654884,24.147453,3
2022,1,16,9,50,臺中市,太平區,0,1,0,8,1,5,40,3,2,1,5,4,5,7,4,4,5,5,5,2,13,23,2,9,1,1,C01,7,9,1,9,2,11,,23,23,1,21,8,C01,120.747994,24.126415,2
2022,1,16,10,13,臺中市,西區,0,0,0,8,,,50,,,,,,,,,,,,,,,23,,,,,C03,,,1,,1,,,23,23,1,6,,C03,120.672473,24.140224,3
2022,1,16,10,13,臺中市,北屯區,0,1,0,8,1,5,50,3,1,1,5,4,5,7,4,4,1,4,5,2,16,6,3,10,1,1,B12,7,6,1,8,2,6,,6,6,1,22,8,B12,120.722905,24.187338,2
2022,1,16,10,16,臺中市,豐原區,0,1,0,8,1,8,40,4,1,1,5,4,5,7,4,4,5,2,5,1,15,6,3,10,1,1,B03,7,9,1,8,2,4,,23,6,1,22,8,B03,120.718838,24.250573,2
2022,1,16,10,17,臺中市,南屯區,0,0,0,8,,,50,,,,,,,,,,,,,,,23,,,,,B03,,,1,,2,,,23,23,1,22,,B03,120.649523,24.150003,3
2022,1,16,10,26,臺中市,太平區,0,0,0,8,,,50,,,,,,,,,,,,,,,7,,,,,B03,,,1,,2,,,7,7,1,21,,B03,120.713034,24.146602,3
2022,1,16,10,30,臺中市,南屯區,0,1,0,8,1,5,50,14,9,1,5,4,5,7,4,4,5,4,5,2,27,66,,,,,,,,,,,,,66,66,1,,,,120.652009,24.156025,2
2022,1,16,10,31,臺中市,豐原區,0,3,0,8,1,5,50,4,2,1,5,4,5,7,1,1,10,5,5,2,17,23,2,9,1,1,C03,7,9,1,10,2,11,,23,23,1,22,8,C03,120.72981,24.255086,2
2022,1,16,10,32,臺中市,北屯區,0,2,0,8,1,5,50,4,1,1,5,4,5,7,1,1,10,5,5,2,17,43,3,10,1,1,B03,7,6,1,8,2,5,,43,43,1,22,8,B03,120.72107,24.17579,2
2022,1,16,10,37,臺中市,西屯區,0,0,0,8,,,50,,,,,,,,,,,,,,,23,,,,,B03,,,1,,2,,,23,23,1,22,,B03,120.601584,24.182394,3
2022,1,16,10,42,臺中市,清水區,0,2,0,8,1,5,50,4,1,1,5,4,5,7,1,1,10,5,5,2,16,25,2,9,1,1,C03,7,9,4,11,2,11,,25,25,1,19,5,C03,120.574694,24.267493,2
2022,1,16,10,46,臺中市,北區,0,0,0,,,,50,,,,,,,,,,,,,,,26,,,,,B03,,,1,,2,,,26,26,1,21,,B03,120.676172,24.150283,3
2022,1,16,10,50,臺中市,梧棲區,0,0,0,8,,,40,,,,,,,,,,,,,,,4,,,,,B03,,,1,,2,,,4,4,1,3,,B03,120.534239,24.250505,3
2022,1,16,10,50,臺中市,神岡區,0,1,0,8,1,5,30,11,9,1,5,4,5,7,4,4,10,5,5,1,17,5,3,10,1,1,B03,7,9,1,8,2,4,,5,5,1,12,8,B03,120.688514,24.24052,2
2022,1,16,10,55,臺中市,南區,0,0,0,,,,50,,,,,,,,,,,,,,,23,,,,,B03,,,1,,2,,,23,23,1,22,,B03,120.650366,24.111019,3
2022,1,16,11,3,臺中市,南屯區,0,0,0,8,,,30,,,,,,,,,,,,,,,19,,,,,B03,,,1,,2,,,19,19,1,4,,B03,120.650705,24.153183,3
2022,1,16,11,7,臺中市,大里區,0,1,0,8,1,5,50,4,1,1,5,4,5,7,1,1,10,5,5,2,16,9,3,10,1,1,B03,7,6,1,8,2,5,,9,9,1,22,8,B03,120.69577,24.087915,2
2022,1,16,11,8,臺中市,南區,0,1,0,8,1,5,50,4,1,1,5,4,5,7,1,1,10,5,5,2,16,9,3,10,1,1,B03,7,6,1,8,2,5,,9,9,1,22,8,B03,120.676173,24.13265,2
2022,1,16,11,10,臺中市,潭子區,0,1,0,8,1,5,30,3,1,1,5,4,5,7,4,4,10,5,5,2,14,12,3,10,1,1,B03,7,2,1,8,2,7,,12,12,1,22,8,B03,120.692072,24.219944,2
2022,1,16,11,12,臺中市,南屯區,0,1,0,8,1,5,30,14,9,1,5,4,4,6,4,4,10,5,5,2,12,17,3,10,1,1,B03,7,9,1,8,2,2,,17,17,1,22,8,B03,120.638292,24.137908,2
2022,1,16,11,12,臺中市,豐原區,0,0,0,,,,50,,,,,,,,,,,,,,,23,,,,,B03,,,1,,2,,,23,23,1,22,,B03,120.709463,24.250038,3
2022,1,16,11,13,臺中市,北屯區,0,2,0,8,1,5,50,4,1,1,5,4,5,7,4,4,9,4,4,2,15,6,2,9,1,1,C03,7,9,1,10,2,11,,6,6,1,21,8,C03,120.688973,24.189355,2
2022,1,16,11,15,臺中市,南屯區,0,1,0,8,1,5,40,4,1,1,5,4,5,7,1,1,3,4,5,2,17,6,3,10,1,1,B12,7,6,1,8,2,2,,6,6,1,22,8,B12,120.632088,24.125311,2
2022,1,16,11,19,臺中市,南屯區,0,1,0,8,1,5,50,3,9,1,5,4,5,7,4,4,1,4,5,2,13,23,2,1,1,1,F01,7,9,8,20,3,15,,23,23,1,22,8,F01,120.647658,24.147091,2
2022,1,16,11,20,臺中市,大甲區,0,0,0,8,,,30,,,,,,,,,,,,,,,42,,,,,G02,,,1,,2,,,42,42,1,7,,G02,120.608111,24.354258,3
2022,1,16,11,20,臺中市,神岡區,0,1,0,8,1,5,50,3,1,1,5,4,5,7,3,1,5,5,5,1,17,6,3,10,1,1,B03,7,6,1,8,2,2,,6,6,1,21,8,B03,120.643976,24.253021,2
2022,1,16,11,29,臺中市,北區,0,0,0,8,1,5,50,4,2,1,5,4,5,7,4,4,10,5,5,2,11,26,,,,,B03,,,1,,2,,,26,26,1,22,,B03,120.675574,24.14859,3
2022,1,16,11,38,臺中市,烏日區,0,0,0,8,,,50,,,,,,,,,,,,,,,18,,,,,B03,,,7,,11,,,18,18,1,21,,B03,120.609528,24.108094,3
2022,1,16,11,45,臺中市,豐原區,0,0,0,8,,,50,,,,,,,,,,,,,,,10,,,,,C03,,,4,,2,,,10,10,1,22,,C03,120.719648,24.25364,3
2022,1,16,11,48,臺中市,東區,0,1,0,8,1,5,50,4,1,1,5,4,5,7,1,1,10,5,5,2,16,42,3,10,1,1,C03,7,9,1,10,11,15,,42,42,1,22,9,C03,120.69272,24.140111,2
2022,1,16,11,51,臺中市,后里區,0,0,0,8,1,5,40,14,9,1,5,4,5,7,4,4,9,5,5,1,14,12,,,,,B03,,,1,,2,,,12,12,1,3,,B03,120.723263,24.309052,3
2022,1,16,11,52,臺中市,大安區,0,0,0,8,,,50,,,,,,,,,,,,,,,12,,,,,B03,,,1,,2,,,12,12,1,3,,B03,120.602823,24.362876,3
2022,1,16,12,0,臺中市,神岡區,0,0,0,8,,,50,,,,,,,,,,,,,,,27,,,,,B03,,,1,,2,,,27,27,1,12,,B03,120.711675,24.258023,3
2022,1,16,12,5,臺中市,大雅區,0,1,0,8,1,5,30,3,1,1,5,4,3,5,4,4,10,5,5,2,16,8,3,10,1,1,B03,7,5,1,8,2,5,,8,8,1,22,8,B03,120.62996,24.239138,2
2022,1,16,12,6,臺中市,北屯區,0,1,0,8,1,5,50,3,1,1,5,4,5,7,1,1,10,5,5,2,18,23,2,9,1,1,C03,7,9,1,10,2,14,,23,23,1,22,8,C03,120.697098,24.169651,2
2022,1,16,12,15,臺中市,西屯區,0,0,0,8,,,40,,,,,,,,,,,,,,,12,,,,,B03,,,1,,2,,,12,12,1,22,,B03,120.610414,24.19409,3
2022,1,16,12,18,臺中市,潭子區,0,0,0,8,,,50,,,,,,,,,,,,,,,23,,,,,B12,,,1,,2,,,23,23,1,22,,B12,120.701764,24.194414,3
2022,1,16,12,20,臺中市,北區,0,0,0,,,,50,,,,,,,,,,,,,,,23,,,,,B03,,,1,,2,,,23,23,1,21,,B03,120.683359,24.148226,3
2022,1,16,12,24,臺中市,北區,0,2,0,8,1,5,50,4,1,1,5,4,5,7,1,1,10,5,5,2,15,43,2,9,1,1,C03,7,15,1,10,2,14,,43,43,1,22,8,C03,120.691041,24.158738,2
2022,1,16,12,32,臺中市,太平區,0,1,0,8,1,5,40,14,9,1,5,4,5,7,4,4,5,5,5,1,17,19,2,9,1,1,C03,7,1,3,18,2,14,,19,19,1,21,8,C03,120.75692,24.119956,2
2022,1,16,12,40,臺中市,北區,0,1,0,8,1,5,50,4,1,5,5,4,5,7,4,4,10,5,5,2,29,43,2,8,1,1,C03,7,9,1,10,2,14,,43,43,1,22,8,C03,120.68665,24.155854,2
2022,1,16,12,45,臺中市,大雅區,0,0,0,8,,,40,,,,,,,,,,,,,,,26,,,,,B03,,,1,,2,,,26,26,1,22,,B03,120.65016,24.21336,3
2022,1,16,12,46,臺中市,北屯區,0,0,0,8,,,50,,,,,,,,,,,,,,,23,,,,,B03,,,1,,1,,,23,23,1,21,,B03,120.689678,24.180409,3
2022,1,16,12,48,臺中市,潭子區,0,0,0,8,,,50,,,,,,,,,,,,,,,16,,,,,C03,,,1,,2,,,16,16,1,22,,C03,120.677198,24.208384,3
2022,1,16,12,49,臺中市,豐原區,0,0,0,8,,,50,,,,,,,,,,,,,,,42,,,,,B03,,,1,,2,,,42,42,1,22,,B03,120.727533,24.222211,3
2022,1,16,12,56,臺中市,北屯區,0,0,0,8,,,50,,,,,,,,,,,,,,,8,,,,,C03,,,1,,1,,,8,8,1,22,,C03,120.685748,24.19517,3
2022,1,16,13,3,臺中市,潭子區,0,1,0,8,1,5,50,4,2,1,5,4,5,7,1,1,5,4,4,2,18,42,2,9,1,1,C03,7,9,1,10,8,12,,42,42,1,22,8,C03,120.696669,24.194406,2
2022,1,16,13,12,臺中市,北區,0,2,0,8,1,5,50,5,2,1,5,4,5,7,2,1,10,5,5,2,12,23,2,9,1,1,C03,7,9,1,10,2,14,,23,23,1,4,8,C03,120.676764,24.163126,2
2022,1,16,13,14,臺中市,西屯區,0,0,0,8,,,50,,,,,,,,,,,,,,,16,,,,,B03,,,1,,1,,,16,16,1,22,,B03,120.644913,24.178126,3
2022,1,16,13,16,臺中市,沙鹿區,0,2,0,8,1,5,50,14,9,1,5,4,5,6,4,4,5,4,5,1,3,51,2,9,4,5,H01,8,18,8,20,10,16,,51,51,1,22,9,H01,120.564925,24.240172,2
2022,1,16,13,30,臺中市,南屯區,0,0,0,,,,50,,,,,,,,,,,,,,,19,,,,,B03,,,1,,1,,,19,19,1,20,,B03,120.630708,24.141608,3
2022,1,16,13,43,臺中市,太平區,0,0,0,8,,,50,,,,,,,,,,,,,,,23,,,,,C03,,,1,,1,,,23,23,1,21,,C03,120.713778,24.125751,3
2022,1,16,13,43,臺中市,豐原區,0,0,0,8,1,5,50,14,12,1,5,4,5,7,3,1,1,4,4,1,13,23,,,,,B03,,,1,,2,,,23,23,1,22,,B03,120.702796,24.249526,3
2022,1,16,13,58,臺中市,西屯區,0,0,0,8,,,40,,,,,,,,,,,,,,,23,,,,,B03,,,1,,1,,,23,23,1,22,,B03,120.645116,24.164868,3
2022,1,16,13,59,臺中市,南屯區,0,0,0,,,,50,,,,,,,,,,,,,,,7,,,,,B03,,,1,,2,,,7,7,1,22,,B03,120.628928,24.145016,3
2022,1,16,14,0,臺中市,清水區,0,0,0,8,,,50,,,,,,,,,,,,,,,6,,,,,B03,,,1,,2,,,6,6,1,21,,B03,120.555986,24.259048,3
2022,1,16,14,18,臺中市,西區,0,1,0,8,1,5,50,4,1,1,5,4,5,7,4,4,10,5,5,2,12,6,3,10,1,1,B01,7,5,1,4,2,8,,6,6,1,22,9,B01,120.684507,24.140806,2
2022,1,16,14,19,臺中市,北屯區,0,2,0,8,1,5,30,3,1,1,5,4,5,7,4,4,10,5,5,2,18,23,2,9,1,1,C03,7,9,1,10,2,14,,23,23,1,5,8,C03,120.687196,24.179393,2
2022,1,16,14,24,臺中市,潭子區,0,1,0,8,1,5,30,4,2,1,5,4,5,7,1,1,3,4,4,1,14,12,3,10,1,1,B03,7,2,1,8,2,7,,12,12,1,22,8,B03,120.690061,24.224983,2
2022,1,16,14,43,臺中市,霧峰區,0,1,0,8,1,5,50,14,9,1,5,4,5,7,4,4,1,4,5,1,18,43,2,9,1,1,C03,7,9,1,10,2,15,,43,43,1,22,8,C03,120.699353,24.076572,2
2022,1,16,14,44,臺中市,南屯區,0,1,0,8,1,5,30,14,9,1,5,4,5,7,4,4,10,5,5,2,2,23,3,10,1,1,B12,7,9,1,8,2,2,,23,23,1,22,8,B12,120.638817,24.138112,2
2022,1,16,14,48,臺中市,豐原區,0,0,0,,,,30,,,,,,,,,,,,,,,18,,,,,B03,,,1,,9,,,18,18,1,22,,B03,120.719658,24.252649,3
2022,1,16,14,50,臺中市,南屯區,0,0,0,8,,,50,,,,,,,,,,,,,,,26,,,,,B03,,,1,,11,,,26,26,2,21,,B03,120.64965,24.14994,3
2022,1,16,14,50,臺中市,東勢區,0,1,0,8,1,5,30,4,1,1,5,4,5,7,4,4,10,5,5,2,16,6,2,9,1,1,C03,7,5,1,10,2,12,,6,6,1,22,8,C03,120.831708,24.24467,2
2022,1,16,14,53,臺中市,豐原區,0,1,0,8,1,5,60,15,20,4,5,4,5,7,4,4,10,5,5,2,29,23,2,5,1,1,C03,7,9,1,10,2,11,,23,23,1,22,9,C03,120.726025,24.236995,2
2022,1,16,14,54,臺中市,北屯區,0,0,0,8,,,50,,,,,,,,,,,,,,,23,,,,,B03,,,1,,2,,,44,44,1,21,,B03,120.689851,24.16305,3
2022,1,16,14,59,臺中市,沙鹿區,0,0,0,8,,,50,,,,,,,,,,,,,,,23,,,,,C03,,,1,,2,,,23,23,1,18,,C03,120.604262,24.237597,3
2022,1,16,15,0,臺中市,大甲區,0,1,0,8,1,5,50,4,1,1,5,4,5,7,1,1,10,5,5,2,16,6,3,10,1,1,B03,7,5,1,8,2,1,,6,6,1,4,8,B03,120.62378,24.346967,2
2022,1,16,15,1,臺中市,北區,0,1,0,8,1,5,50,4,1,1,5,4,5,7,2,1,10,5,5,2,12,9,3,10,1,1,C03,7,6,2,18,2,13,,9,9,1,22,9,C03,120.681985,24.154673,2
2022,1,16,15,4,臺中市,西屯區,0,0,0,8,,,50,,,,,,,,,,,,,,,26,,,,,B03,,,1,,1,,,26,26,1,22,,B03,120.655448,24.200305,3
2022,1,16,15,5,臺中市,梧棲區,0,1,0,8,1,5,50,3,2,1,5,4,5,7,4,4,10,5,5,2,16,23,3,10,1,1,B12,7,5,1,8,2,8,,23,23,1,20,8,B12,120.541693,24.251431,2
2022,1,16,15,18,臺中市,北屯區,0,2,0,8,1,5,40,4,1,1,5,4,5,7,2,1,10,5,5,1,13,16,2,9,1,1,C03,7,9,1,10,2,11,,16,16,1,21,8,C03,120.693376,24.174836,2
2022,1,16,15,22,臺中市,北屯區,0,0,0,8,,,50,,,,,,,,,,,,,,,23,,,,,B03,,,1,,1,,,23,23,1,21,,B03,120.718151,24.159717,3
2022,1,16,15,26,臺中市,豐原區,0,0,0,8,1,5,50,14,9,1,5,4,5,7,4,4,5,5,5,2,17,21,3,10,1,1,B03,7,2,3,18,6,3,,21,21,1,22,8,B03,120.719197,24.252888,3
2022,1,16,15,28,臺中市,南屯區,0,0,0,8,,,50,,,,,,,,,,,,,,,23,,,,,B03,,,1,,1,,,23,23,1,5,,B03,120.64926,24.13683,3
2022,1,16,15,33,臺中市,南區,0,0,0,,,,50,,,,,,,,,,,,,,,23,,,,,C03,,,1,,2,,,23,23,1,22,,C03,120.682502,24.134087,3
2022,1,16,15,40,臺中市,清水區,0,0,0,8,,,30,,,,,,,,,,,,,,,17,,,,,B03,,,1,,2,,,17,17,1,21,,B03,120.573685,24.270245,3
2022,1,16,15,40,臺中市,新社區,0,0,0,8,,,30,,,,,,,,,,,,,,,40,,,,,B03,,,1,,1,,,40,40,1,21,,B03,120.803161,24.209011,3