年,月,日,時,分,縣市,區,死,受傷,2-30,天候,光線,道路類別,速限,道路型態,事故位置,路面鋪裝,路面狀態,路面缺陷,障礙物,視距,號誌種類,號誌動作,分向設施,快車道或一般車道間,快慢車道間,路面邊線,事故類型及型態,主要肇因,受傷程度,主要傷處,保護裝備,行動電話,當事者區分,車輛用途,當事者行動狀態,駕駛資格情形,駕駛執照種類,飲酒情形,車輛撞擊部位最初,車輛撞擊部位其他,肇事因素個別,肇事因素主要,肇事逃逸,職業,旅次目的,車種,GPS緯度,GPS經度,事故類別
2022,1,17,17,46,臺中市,北區,0,1,0,6,3,5,50,14,7,1,4,4,5,7,4,4,1,4,4,2,17,23,2,9,1,1,C03,7,8,1,10,2,14,,23,23,1,22,9,C03,120.688258,24.153968,2
2022,1,17,17,50,臺中市,西區,0,0,0,8,,,50,,,,,,,,,,,,,,,17,,,,,B12,,,1,,9,,,17,17,2,21,,B12,120.655432,24.151329,3
2022,1,17,17,50,臺中市,梧棲區,0,0,0,6,,,40,,,,,,,,,,,,,,,23,,,,,C03,,,1,,2,,,23,23,1,9,,C03,120.550445,24.244543,3
2022,1,17,17,51,臺中市,西區,0,0,0,8,,,50,,,,,,,,,,,,,,,9,,,,,B03,,,1,,1,,,9,9,1,5,,B03,120.676698,24.140641,3
2022,1,17,17,51,臺中市,外埔區,0,2,0,6,3,5,30,14,9,1,4,4,5,7,4,4,4,5,5,1,2,23,2,9,1,1,C03,7,9,1,10,2,12,,23,23,1,22,8,C03,120.621834,24.333776,2
2022,1,17,17,52,臺中市,北屯區,0,1,0,6,2,5,50,4,1,1,4,4,5,7,1,1,10,5,5,2,16,6,3,10,1,1,B03,7,6,1,8,2,8,,6,6,1,8,8,B03,120.7043,24.1648,2
2022,1,17,17,54,臺中市,大雅區,0,1,0,6,3,5,50,14,8,1,4,4,5,7,4,4,5,4,4,1,13,23,2,3,1,1,C03,7,9,1,10,2,11,,23,23,1,21,8,C03,120.639192,24.218107,2
2022,1,17,17,54,臺中市,西區,0,0,0,,,,50,,,,,,,,,,,,,,,12,,,,,B03,,,1,,1,,,12,12,1,5,,B03,120.654084,24.145514,3
2022,1,17,17,58,臺中市,北屯區,0,0,0,6,,,50,,,,,,,,,,,,,,,23,,,,,B03,,,1,,1,,,23,23,1,21,,B03,120.665603,24.201336,3
2022,1,17,17,58,臺中市,烏日區,0,0,0,6,,,60,,,,,,,,,,,,,,,7,,,,,B03,,,1,,2,,,7,7,1,22,,B03,120.614394,24.117212,3
2022,1,17,17,59,臺中市,大肚區,0,1,0,6,3,5,50,14,9,1,4,4,5,7,2,1,5,5,5,1,12,42,3,10,1,1,C03,7,9,1,10,2,12,,42,42,1,2,8,C03,120.544823,24.154476,2
2022,1,17,18,1,臺中市,大甲區,0,1,0,6,3,5,70,14,12,1,4,4,5,7,4,4,1,4,4,1,12,23,2,9,1,1,C03,7,9,1,10,2,12,,23,23,1,22,9,C03,120.650855,24.380164,2
2022,1,17,18,2,臺中市,東區,0,0,0,8,,,50,,,,,,,,,,,,,,,7,,,,,B03,,,1,,2,,,7,7,1,22,,B03,120.701241,24.125221,3
2022,1,17,18,4,臺中市,南屯區,0,1,0,6,1,5,60,14,7,1,4,4,5,7,4,4,1,4,5,2,13,16,3,10,1,1,B03,7,9,1,8,2,1,,16,16,1,18,8,B03,120.623686,24.150218,2
2022,1,17,18,5,臺中市,西區,0,1,0,8,1,5,50,3,1,1,5,4,5,7,4,4,5,5,5,1,16,19,2,9,1,1,C03,7,1,1,10,2,11,,19,19,1,21,8,C03,120.66661,24.13775,2
2022,1,17,18,7,臺中市,潭子區,0,2,0,6,3,5,60,3,1,1,4,4,5,7,1,1,10,5,5,2,17,16,2,9,1,1,C03,7,6,1,10,2,11,,16,16,1,22,8,C03,120.702365,24.192156,2
2022,1,17,18,13,臺中市,沙鹿區,0,2,0,6,3,5,40,3,1,1,4,4,5,7,2,1,10,5,5,2,13,23,2,8,1,1,C03,7,9,1,10,2,11,,23,23,1,18,8,C03,120.581523,24.209762,2
2022,1,17,18,18,臺中市,烏日區,0,0,0,8,,,60,,,,,,,,,,,,,,,23,,,,,B03,,,1,,2,,,23,23,1,22,,B03,120.613149,24.106981,3
2022,1,17,18,20,臺中市,北區,0,0,0,6,,,50,,,,,,,,,,,,,,,16,,,,,B03,,,1,,2,,,16,16,1,22,,B03,120.677472,24.160406,3
2022,1,17,18,21,臺中市,北屯區,0,3,0,6,3,5,50,5,1,1,4,4,5,7,1,1,10,5,5,2,16,26,2,9,1,1,C03,7,5,1,9,2,11,,26,26,1,21,8,C03,120.72029,24.174203,2
2022,1,17,18,23,臺中市,西屯區,0,0,0,6,,,60,,,,,,,,,,,,,,,43,,,,,B03,,,1,,2,,,43,43,1,22,,B03,120.657648,24.158433,3
2022,1,17,18,24,臺中市,神岡區,0,1,0,6,3,5,50,15,9,1,4,4,5,7,1,1,1,4,5,1,17,25,2,7,1,1,C03,7,5,1,10,2,11,,25,25,1,22,8,C03,120.684067,24.246688,2
2022,1,17,18,26,臺中市,北屯區,0,1,0,6,3,5,50,4,2,1,4,4,5,7,1,1,1,4,5,1,16,6,3,10,1,1,B03,7,6,1,8,2,6,,6,6,1,21,8,B03,120.665375,24.20049,2
2022,1,17,18,29,臺中市,北屯區,0,2,0,6,2,5,40,4,1,1,4,4,5,7,1,1,10,5,5,2,13,16,2,9,1,1,C03,7,9,1,10,2,11,,16,16,1,18,8,C03,120.6866,24.1978,2
2022,1,17,18,29,臺中市,西屯區,0,0,0,6,,,50,,,,,,,,,,,,,,,26,,,,,B02,,,1,,1,,,26,26,1,22,,B02,120.64643,24.164663,3
2022,1,17,18,29,臺中市,大甲區,0,0,0,,,,50,,,,,,,,,,,,,,,23,,,,,B12,,,1,,1,,,23,23,1,4,,B12,120.637435,24.360506,3
2022,1,17,18,29,臺中市,豐原區,0,0,0,6,,,50,,,,,,,,,,,,,,,23,,,,,B12,,,1,,2,,,23,23,1,22,,B12,120.723441,24.260694,3
2022,1,17,18,29,臺中市,豐原區,0,1,0,6,3,5,60,3,2,1,4,4,5,7,2,1,3,3,4,1,18,43,2,9,1,1,C03,7,9,1,10,2,11,,43,43,1,22,8,C03,120.720434,24.24313,2
2022,1,17,18,32,臺中市,后里區,0,1,0,6,3,5,50,14,9,1,4,4,5,7,4,4,5,4,4,2,21,21,2,9,1,1,C03,7,9,1,10,8,11,,21,21,1,22,8,C03,120.711711,24.32909,2
2022,1,17,18,33,臺中市,南屯區,0,0,0,6,,,50,,,,,,,,,,,,,,,7,,,,,B03,,,1,,11,,,7,7,1,22,,B03,120.624374,24.149316,3
2022,1,17,18,33,臺中市,北屯區,0,0,0,6,,,50,,,,,,,,,,,,,,,17,,,,,B03,,,1,,1,,,17,17,1,5,,B03,120.692128,24.176438,3
2022,1,17,18,34,臺中市,豐原區,0,1,0,6,3,5,50,4,1,1,4,4,5,7,1,1,10,5,5,2,17,23,2,9,3,4,C03,7,9,1,10,2,11,,23,23,1,22,9,C03,120.71043,24.237253,2
2022,1,17,18,35,臺中市,潭子區,0,1,0,6,3,5,60,3,1,1,4,4,5,7,1,1,1,3,4,1,12,23,2,8,1,1,C03,7,9,1,10,2,14,,23,23,1,22,9,C03,120.708653,24.229903,2
2022,1,17,18,35,臺中市,西區,0,1,0,6,3,5,50,4,1,1,4,4,5,7,2,1,10,5,5,2,16,23,3,10,1,1,B03,7,5,1,8,2,8,,23,23,1,5,8,B03,120.660187,24.140158,2
2022,1,17,18,38,臺中市,西區,0,2,0,6,3,5,50,3,1,1,4,4,5,7,4,4,5,5,5,2,3,23,2,9,3,4,C03,7,9,1,10,2,11,,23,23,1,21,8,C03,120.66726,24.130589,2
2022,1,17,18,39,臺中市,烏日區,0,0,0,6,,,50,,,,,,,,,,,,,,,23,,,,,B03,,,1,,2,,,23,23,1,22,,B03,120.597792,24.108206,3
2022,1,17,18,41,臺中市,烏日區,0,1,0,6,3,5,50,4,18,1,4,4,5,7,1,1,10,5,5,2,9,15,3,10,1,1,B03,7,5,1,8,2,1,,15,15,1,21,8,B03,120.634106,24.106401,2
2022,1,17,18,46,臺中市,北區,0,2,0,6,3,5,50,14,9,1,4,4,5,7,4,4,1,4,5,2,13,16,2,8,1,1,C03,7,9,1,10,2,11,13,16,16,1,22,9,C03,120.676958,24.173233,2
2022,1,17,18,47,臺中市,南屯區,0,1,0,6,3,5,50,4,2,1,4,4,5,7,4,4,10,5,5,2,12,10,3,10,1,1,B03,7,11,1,8,2,8,,10,10,1,22,9,B03,120.652403,24.133314,2
2022,1,17,18,47,臺中市,新社區,0,1,0,6,3,5,50,14,9,1,4,4,5,7,4,4,4,3,5,1,26,23,2,9,1,1,C03,7,9,1,10,2,12,,23,23,1,22,9,C03,120.797834,24.261761,2
2022,1,17,18,51,臺中市,西區,0,2,0,8,1,5,50,4,2,1,5,4,5,7,4,4,5,5,5,1,3,51,2,9,4,1,H01,8,16,8,20,10,15,,51,51,1,21,8,H01,120.673242,24.148836,2
2022,1,17,18,51,臺中市,南區,0,0,0,6,,,50,,,,,,,,,,,,,,,17,,,,,B12,,,1,,2,,,17,17,1,9,,B12,120.670036,24.113986,3
2022,1,17,18,55,臺中市,南區,0,2,0,6,3,5,50,14,7,1,4,4,5,7,4,4,3,4,4,2,17,23,2,9,3,4,C03,7,9,1,10,2,11,,23,23,1,5,8,C03,120.659838,24.118921,2
2022,1,17,18,55,臺中市,豐原區,0,1,0,6,3,5,60,14,5,1,4,4,5,7,4,4,1,3,4,1,16,26,3,10,1,1,B03,7,5,1,8,2,8,,26,26,1,22,8,B03,120.734258,24.259744,2
2022,1,17,18,56,臺中市,西屯區,0,0,0,6,,,0,,,,,,,,,,,,,,,19,,,,,B03,,,1,,1,,,19,19,1,22,,B03,120.648619,24.170302,3
2022,1,17,18,59,臺中市,潭子區,0,0,0,6,,,60,,,,,,,,,,,,,,,25,,,,,B03,,,1,,2,,,25,25,1,22,,B03,120.702401,24.192306,3
2022,1,17,18,59,臺中市,豐原區,0,1,0,8,3,5,50,14,9,1,5,4,5,7,1,1,10,5,5,2,13,23,3,10,1,1,B03,7,9,1,8,2,1,,23,23,1,22,8,B03,120.711197,24.268883,2
2022,1,17,19,0,臺中市,西區,0,1,0,6,3,5,50,14,7,1,4,4,5,7,4,4,5,4,4,2,17,7,3,10,1,1,B03,7,8,1,8,2,3,,7,7,1,20,8,B03,120.665503,24.149506,2
2022,1,17,19,0,臺中市,南區,0,0,0,6,3,5,50,4,1,1,4,4,5,7,1,1,10,5,5,2,13,23,3,10,1,1,B03,7,9,1,8,1,1,,23,23,1,22,8,B03,120.657822,24.116171,3
2022,1,17,19,1,臺中市,沙鹿區,0,1,0,6,3,5,50,3,8,1,4,4,5,7,4,4,5,5,4,2,16,26,3,10,1,1,C03,7,5,1,10,2,11,,26,26,1,21,8,C03,120.567408,24.236882,2
2022,1,17,19,2,臺中市,烏日區,0,1,0,6,3,5,60,14,8,1,4,4,5,7,4,4,1,4,4,1,18,23,2,8,1,1,C03,7,9,2,18,2,11,,23,23,1,16,1,C03,120.611245,24.107358,2
2022,1,17,19,5,臺中市,南屯區,0,0,0,,,,50,,,,,,,,,,,,,,,23,,,,,B03,,,6,,2,,,23,23,1,12,,B03,120.633406,24.149745,3
2022,1,17,19,5,臺中市,南屯區,0,0,0,8,,,30,,,,,,,,,,,,,,,12,,,,,B03,,,1,,2,,,12,12,1,5,,B03,120.6146,24.151928,3
2022,1,17,19,5,臺中市,北屯區,0,0,0,6,,,30,,,,,,,,,,,,,,,17,,,,,B03,,,1,,1,,,17,17,1,21,,B03,120.681186,24.175536,3
2022,1,17,19,8,臺中市,北屯區,0,1,0,6,3,5,40,14,8,1,4,4,5,7,4,4,1,4,4,1,13,23,2,9,1,1,C03,7,9,1,10,2,11,,23,23,1,18,8,C03,120.670226,24.176435,2
2022,1,17,19,15,臺中市,太平區,0,2,0,6,3,5,30,4,1,1,4,4,5,7,4,4,10,5,5,2,15,6,2,9,1,1,C03,7,9,1,9,2,11,12,6,6,1,18,8,C03,120.731403,24.149823,2
2022,1,17,19,17,臺中市,大雅區,0,1,0,6,3,5,30,3,1,1,4,4,5,7,4,4,10,4,5,1,17,23,2,9,1,1,C03,7,9,1,10,2,11,,23,23,1,22,9,C03,120.665341,24.221408,2
2022,1,17,19,17,臺中市,豐原區,0,1,0,6,3,5,30,13,9,1,4,4,5,7,4,4,10,5,5,2,9,43,3,10,3,4,H01,8,16,8,20,10,16,,43,43,1,14,9,H01,120.721969,24.240416,2
2022,1,17,19,20,臺中市,潭子區,0,2,0,6,3,5,50,14,9,1,4,4,5,7,4,4,9,4,5,1,8,23,2,9,1,1,C03,7,9,4,8,2,11,,23,23,1,22,8,C03,120.722332,24.200201,2
2022,1,17,19,20,臺中市,潭子區,0,1,0,6,3,5,50,5,1,1,4,4,5,7,1,1,1,3,4,1,18,23,2,9,1,1,C03,7,9,1,10,2,15,,23,23,1,22,9,C03,120.69769,24.2166,2
2022,1,17,19,20,臺中市,太平區,0,0,0,8,,,30,,,,,,,,,,,,,,,6,,,,,B03,,,1,,2,,,6,6,1,21,,B03,120.72861,24.155158,3
2022,1,17,19,23,臺中市,沙鹿區,0,2,0,6,3,5,40,3,1,1,4,4,5,7,2,1,10,5,5,2,12,23,2,8,1,1,C03,7,9,1,10,2,14,,23,23,1,18,8,C03,120.578209,24.223268,2
2022,1,17,19,32,臺中市,大雅區,0,0,0,8,,,50,,,,,,,,,,,,,,,23,,,,,B03,,,1,,2,,,23,23,1,21,,B03,120.64428,24.205753,3
2022,1,17,19,39,臺中市,烏日區,0,0,0,,,,50,,,,,,,,,,,,,,,8,,,,,B03,,,1,,2,,,23,23,1,22,,B03,120.625763,24.110427,3
2022,1,17,19,40,臺中市,潭子區,0,0,0,6,,,50,,,,,,,,,,,,,,,16,,,,,B03,,,1,,2,,,16,16,1,22,,B03,120.709494,24.200437,3
2022,1,17,19,40,臺中市,大里區,0,2,0,6,3,5,50,3,2,1,4,4,5,7,1,1,1,4,4,1,13,16,2,8,1,1,C03,7,9,1,10,2,11,,16,16,1,18,8,C03,120.69377,24.089983,2
2022,1,17,19,42,臺中市,西屯區,0,2,0,6,3,5,50,3,1,1,4,4,5,7,1,1,10,5,5,2,13,23,2,9,3,4,C03,7,9,1,10,2,11,,23,23,1,22,8,C03,120.590461,24.175073,2
2022,1,17,19,43,臺中市,西區,0,1,0,6,3,5,50,5,1,1,4,4,5,7,1,1,5,5,5,2,12,17,3,10,3,4,B03,7,6,1,8,2,2,,17,17,1,21,8,B03,120.67253,24.131787,2
2022,1,17,19,50,臺中市,西區,0,0,0,8,,,50,,,,,,,,,,,,,,,16,,,,,C03,,,1,,1,,,16,16,1,5,,C03,120.652997,24.146726,4
2022,1,17,19,52,臺中市,大雅區,0,1,0,8,1,5,50,3,1,1,4,4,5,7,4,4,1,4,4,1,16,6,3,10,1,1,B03,7,10,1,8,2,8,,6,6,1,22,9,B03,120.650795,24.210687,2
2022,1,17,19,52,臺中市,太平區,0,1,0,6,3,5,50,14,9,1,4,4,5,7,4,4,5,5,5,1,18,42,2,9,1,1,C03,7,9,1,10,2,14,,42,42,1,3,8,C03,120.724938,24.143468,2
2022,1,17,19,55,臺中市,大雅區,0,0,0,6,,,50,,,,,,,,,,,,,,,11,,,,,C03,,,1,,2,,,11,11,1,22,,C03,120.64879,24.225753,3
2022,1,17,19,59,臺中市,南屯區,0,2,0,6,3,5,50,4,1,1,4,4,5,7,1,1,10,5,5,2,16,6,2,8,1,4,C03,7,5,1,10,2,12,,6,6,1,21,1,C03,120.611844,24.148951,2
2022,1,17,20,10,臺中市,沙鹿區,0,1,0,6,3,5,50,3,7,1,4,4,4,7,4,4,1,4,4,2,12,7,2,9,1,1,C03,7,7,1,10,2,14,,7,7,1,21,8,C03,120.567917,24.2268,2
2022,1,17,20,15,臺中市,南區,0,1,0,6,3,5,50,14,9,1,4,4,5,7,1,1,9,5,4,2,18,43,2,8,1,1,C03,7,9,2,10,2,12,,43,43,1,5,1,C03,120.67935,24.126663,2
2022,1,17,20,15,臺中市,南屯區,0,0,0,6,,,40,,,,,,,,,,,,,,,23,,,,,A02,,,1,,1,,,23,23,1,10,,A02,120.635751,24.133011,3
2022,1,17,20,20,臺中市,烏日區,0,1,0,6,3,5,60,14,8,1,4,4,5,7,4,4,1,4,4,1,18,23,2,9,1,1,C03,7,9,1,10,2,12,,23,23,1,21,8,C03,120.622931,24.104785,2
2022,1,17,20,25,臺中市,北區,0,0,0,6,,,40,,,,,,,,,,,,,,,67,,,,,,,,,,,,,67,67,1,,,,120.685311,24.16059,3
2022,1,17,20,42,臺中市,神岡區,0,2,0,6,4,5,50,3,1,1,4,4,5,7,1,1,5,4,5,2,17,25,2,9,1,1,F03,7,9,8,20,2,16,,25,25,1,21,8,F03,120.69552,24.2365,2
2022,1,17,20,45,臺中市,大甲區,0,1,0,6,3,5,50,4,1,1,4,4,5,7,1,1,10,5,5,2,16,6,2,8,1,1,C03,7,5,3,18,2,14,,6,6,1,19,8,C03,120.627652,24.351193,2
2022,1,17,20,50,臺中市,大雅區,0,3,0,6,3,5,50,14,9,1,4,4,5,7,4,4,1,5,5,1,17,43,2,9,1,1,C03,7,8,1,10,2,11,,43,43,1,21,8,C03,120.630312,24.240697,2
2022,1,17,20,51,臺中市,大甲區,0,1,0,6,3,5,50,4,1,1,4,4,5,7,4,4,10,5,5,2,15,6,2,9,1,1,C03,7,9,1,10,2,12,,6,6,1,22,9,C03,120.622167,24.352237,2
2022,1,17,20,56,臺中市,龍井區,0,1,0,6,3,5,50,4,2,1,4,4,5,7,1,1,10,5,5,1,17,26,3,10,3,4,B03,7,5,1,8,2,8,,26,26,1,4,9,B03,120.523775,24.208493,2
2022,1,17,20,57,臺中市,后里區,0,0,0,6,3,5,60,4,2,1,4,4,5,6,2,1,1,4,4,1,12,42,,,,,B03,,,1,,2,,,42,42,1,21,,B03,120.722043,24.306283,3
2022,1,17,20,58,臺中市,北區,0,1,0,6,3,5,50,4,1,1,4,4,5,7,2,1,10,5,5,2,29,43,2,9,1,1,C03,7,9,1,10,2,11,,43,43,1,22,9,C03,120.676905,24.163136,2
2022,1,17,21,0,臺中市,西區,0,0,0,8,,,50,,,,,,,,,,,,,,,6,,,,,B03,,,1,,1,,,6,6,1,21,,B03,120.660184,24.155275,3
2022,1,17,21,0,臺中市,霧峰區,0,0,0,6,,,30,,,,,,,,,,,,,,,17,,,,,B03,,,1,,2,,,17,17,1,12,,B03,120.707235,24.071905,3
2022,1,17,21,2,臺中市,北區,0,1,0,6,3,5,30,14,9,1,4,4,5,7,2,1,1,4,5,1,18,23,2,9,1,1,C03,7,9,1,10,2,14,,23,23,1,22,9,C03,120.667353,24.157918,2
2022,1,17,21,2,臺中市,后里區,0,0,0,8,3,5,40,14,9,1,5,4,3,7,4,4,5,5,5,1,14,12,,,,,B03,,,1,,2,,,12,12,1,22,,B03,120.707399,24.305761,3
2022,1,17,21,13,臺中市,中區,0,0,0,6,,,50,,,,,,,,,,,,,,,23,,,,,C03,,,1,,2,,,23,23,1,21,,C03,120.680272,24.143142,3
2022,1,17,21,26,臺中市,烏日區,0,1,0,6,3,5,50,14,7,1,4,4,5,7,4,4,5,4,4,2,18,23,2,9,1,1,C03,7,9,1,10,2,11,12,23,23,1,21,8,C03,120.639135,24.109511,2
2022,1,17,21,31,臺中市,北區,0,1,0,6,3,5,50,4,2,1,4,4,5,7,3,1,10,5,5,2,18,23,2,9,1,1,C03,7,9,1,10,2,14,,23,23,1,22,9,C03,120.669151,24.163826,2
2022,1,17,21,38,臺中市,大雅區,0,1,0,6,3,5,50,4,2,1,4,4,5,6,4,4,5,5,5,1,17,23,2,9,1,1,C03,7,9,1,10,2,14,,23,23,1,22,8,C03,120.656828,24.225719,2
2022,1,17,21,45,臺中市,北屯區,0,1,0,6,3,5,50,5,1,1,4,4,5,7,1,1,10,5,5,2,16,9,3,10,1,1,B03,7,6,1,8,2,2,,9,9,1,4,8,B03,120.6863,24.1883,2
2022,1,17,21,50,臺中市,東區,0,0,0,,,,80,,,,,,,,,,,,,,,42,,,,,B03,,,1,,2,,,42,42,1,22,,B03,120.710414,24.140526,3
2022,1,17,21,54,臺中市,太平區,0,0,0,8,,,50,,,,,,,,,,,,,,,23,,,,,B03,,,1,,2,,,23,23,1,21,,B03,120.732718,24.13471,3
2022,1,17,21,55,臺中市,西屯區,0,1,0,6,3,5,50,4,1,1,4,4,5,7,2,1,10,5,5,2,1,15,3,10,3,4,B03,7,5,1,7,2,1,,15,15,1,22,8,B03,120.610623,24.19109,2
2022,1,17,22,15,臺中市,沙鹿區,0,0,0,8,,,50,,,,,,,,,,,,,,,23,,,,,B03,,,1,,2,,,23,23,1,22,,B03,120.558463,24.234071,3
2022,1,17,22,17,臺中市,西區,0,2,0,6,3,5,50,4,1,1,4,4,5,7,1,1,10,5,5,2,16,6,3,10,1,1,B03,7,5,1,8,2,1,,6,6,1,4,5,B03,120.665237,24.14906,2
2022,1,17,22,30,臺中市,西區,0,0,0,,,,50,,,,,,,,,,,,,,,26,,,,,B03,,,1,,2,,,44,44,1,5,,B03,120.673517,24.147762,3
2022,1,17,22,50,臺中市,南屯區,0,0,0,,,,50,,,,,,,,,,,,,,,19,,,,,B03,,,1,,2,,,19,19,1,4,,B03,120.642235,24.140174,3
2022,1,17,23,28,臺中市,豐原區,0,1,0,6,3,5,50,4,2,1,4,4,5,7,1,1,1,4,4,2,16,6,3,10,1,1,C03,7,5,1,10,2,15,,6,6,1,4,3,C03,120.722388,24.252102,2
2022,1,17,23,31,臺中市,潭子區,1,0,0,6,3,5,50,3,2,1,4,4,5,7,1,1,1,3,4,1,17,25,1,9,1,1,C03,7,9,1,10,2,11,,25,25,1,22,8,C03,120.708055,24.227679,1
2022,1,17,23,53,臺中市,豐原區,0,1,0,7,3,5,50,14,8,1,4,4,5,7,4,4,5,5,4,2,17,23,2,9,3,4,B03,7,9,1,8,2,5,,23,23,1,22,8,B03,120.716653,24.24081,2
2022,1,18,0,15,臺中市,北屯區,0,1,0,8,1,5,50,3,1,1,5,4,5,7,4,4,10,5,5,2,18,23,2,9,1,1,C03,7,9,1,10,2,14,,23,23,1,5,8,C03,120.718235,24.168979,2
2022,1,18,0,40,臺中市,烏日區,0,1,0,8,1,5,50,4,1,1,5,4,5,7,3,1,10,5,5,2,18,6,2,9,1,1,C03,7,9,1,10,2,11,12,6,6,1,21,1,C03,120.646696,24.093138,2
2022,1,18,0,55,臺中市,南屯區,0,0,0,,,,50,,,,,,,,,,,,,,,12,,,,,B03,,,1,,1,,,12,12,1,4,,B03,120.642806,24.148794,3
2022,1,18,0,59,臺中市,南屯區,0,1,0,8,1,5,50,4,1,1,5,4,5,7,3,1,10,5,5,2,15,6,3,10,1,1,B01,7,9,1,4,2,8,,6,6,1,10,8,B01,120.6429,24.143011,2
2022,1,18,3,27,臺中市,北區,0,0,0,8,,,50,,,,,,,,,,,,,,,23,,,,,B12,,,1,,9,,,23,23,1,22,,B12,120.677737,24.152759,3
2022,1,18,3,56,臺中市,太平區,0,0,0,6,,,50,,,,,,,,,,,,,,,6,,,,,B01,,,1,,2,,,6,6,1,10,,B01,120.718129,24.116896,3
2022,1,18,5,46,臺中市,豐原區,0,0,0,6,,,50,,,,,,,,,,,,,,,6,,,,,B03,,,1,,2,,,6,6,1,4,,B03,120.707519,24.246994,3
2022,1,18,6,17,臺中市,北屯區,0,1,0,8,2,5,40,14,8,1,4,4,5,7,4,4,9,4,4,2,12,42,2,9,1,1,F03,7,9,8,20,2,16,,42,42,1,5,8,F03,120.659404,24.190374,2
2022,1,18,6,35,臺中市,北屯區,0,0,0,,,,50,,,,,,,,,,,,,,,23,,,,,B03,,,1,,1,,,23,23,1,21,,B03,120.684915,24.172021,3
2022,1,18,7,5,臺中市,龍井區,0,1,0,8,1,5,50,4,1,1,5,4,5,7,2,1,10,5,5,2,12,9,3,10,1,4,B03,7,6,1,8,2,2,,9,9,1,21,1,B03,120.585618,24.186378,2
2022,1,18,7,5,臺中市,后里區,0,0,0,8,1,5,30,3,2,1,5,4,5,7,4,4,10,5,5,2,14,12,3,10,1,1,B03,7,2,1,8,7,7,,12,12,1,4,1,B03,120.724903,24.307651,3
2022,1,18,7,10,臺中市,北屯區,0,0,0,8,,,80,,,,,,,,,,,,,,,16,,,,,B03,,,,,1,,,16,16,1,4,,B03,120.664911,24.201387,3
2022,1,18,7,14,臺中市,潭子區,0,2,0,8,1,5,50,14,7,1,5,4,5,7,1,1,5,4,5,1,13,23,3,10,1,1,B12,7,9,1,8,2,4,,23,23,1,22,9,B12,120.721155,24.195966,2
2022,1,18,7,24,臺中市,后里區,0,1,0,8,1,5,50,14,9,1,5,4,5,7,4,4,5,5,5,1,16,19,3,10,3,4,B03,7,1,1,8,2,8,,19,19,1,9,1,B03,120.709691,24.303063,2
2022,1,18,7,25,臺中市,北屯區,0,1,0,8,1,5,30,11,9,1,5,4,5,7,4,4,10,5,5,2,17,43,3,10,1,1,B03,7,5,1,8,9,15,,43,43,1,21,9,B03,120.713146,24.175651,2
2022,1,18,7,28,臺中市,大甲區,0,1,0,7,1,5,60,14,9,1,5,4,1,7,4,4,1,5,5,1,13,23,2,9,1,1,C03,7,9,1,10,2,11,,23,23,1,22,1,C03,120.626861,24.428683,2
2022,1,18,7,30,臺中市,大雅區,0,0,0,8,,,30,,,,,,,,,,,,,,,1,,,,,B03,,,1,,2,,,1,1,1,22,,B03,120.654021,24.217589,3
2022,1,18,7,35,臺中市,大肚區,0,0,0,,,,30,,,,,,,,,,,,,,,23,,,,,B03,,,1,,2,,,23,23,1,22,,B03,120.552387,24.146889,3
2022,1,18,7,37,臺中市,大雅區,0,1,0,8,1,5,30,4,1,1,5,4,5,7,4,4,10,5,5,2,16,6,3,10,1,1,B03,7,9,1,8,2,5,,6,6,1,22,9,B03,120.654403,24.214277,2
2022,1,18,7,37,臺中市,南屯區,0,0,0,8,,,50,,,,,,,,,,,,,,,23,,,,,B12,,,1,,1,,,23,23,1,22,,B12,120.639675,24.145131,3
2022,1,18,7,42,臺中市,南屯區,0,0,0,,,,50,,,,,,,,,,,,,,,16,,,,,B03,,,1,,2,,,16,16,1,4,,B03,120.62342,24.148257,3
2022,1,18,7,44,臺中市,南屯區,0,1,0,8,1,5,50,3,1,1,5,4,5,7,4,4,10,5,4,2,16,26,3,10,1,1,B03,7,7,1,8,2,4,,26,26,1,22,8,B03,120.615339,24.148231,2
2022,1,18,7,45,臺中市,南屯區,0,0,0,8,,,50,,,,,,,,,,,,,,,23,,,,,B03,,,1,,2,,,23,23,1,22,,B03,120.593611,24.148055,3
2022,1,18,7,45,臺中市,西屯區,0,2,0,8,1,5,50,14,9,1,5,4,5,7,4,4,1,4,5,2,13,16,2,9,3,4,C03,7,9,1,10,2,11,,16,16,1,22,8,C03,120.627876,24.172081,2
2022,1,18,7,49,臺中市,大甲區,0,1,0,7,1,5,60,14,12,1,5,4,5,7,4,4,5,4,4,1,12,19,3,10,1,1,B03,7,1,1,8,2,1,,19,19,1,22,1,B03,120.614296,24.351549,2
2022,1,18,7,53,臺中市,北屯區,0,0,0,8,,,50,,,,,,,,,,,,,,,26,,,,,A12,,,1,,1,,,26,26,1,9,,A12,120.724731,24.176005,3