年,月,日,時,分,縣市,區,死,受傷,2-30,天候,光線,道路類別,速限,道路型態,事故位置,路面鋪裝,路面狀態,路面缺陷,障礙物,視距,號誌種類,號誌動作,分向設施,快車道或一般車道間,快慢車道間,路面邊線,事故類型及型態,主要肇因,受傷程度,主要傷處,保護裝備,行動電話,當事者區分,車輛用途,當事者行動狀態,駕駛資格情形,駕駛執照種類,飲酒情形,車輛撞擊部位最初,車輛撞擊部位其他,肇事因素個別,肇事因素主要,肇事逃逸,職業,旅次目的,車種,GPS緯度,GPS經度,事故類別
2022,1,18,7,56,臺中市,后里區,0,2,0,8,1,5,40,3,1,1,5,4,5,7,1,1,10,5,5,2,16,25,2,9,1,1,C03,7,5,1,10,2,14,,25,25,1,4,1,C03,120.72245,24.303238,2
2022,1,18,8,0,臺中市,南屯區,0,0,0,,,,40,,,,,,,,,,,,,,,12,,,,,B03,,,1,,1,,,12,12,1,22,,B03,120.626283,24.140856,3
2022,1,18,8,1,臺中市,北屯區,0,0,0,8,,,50,,,,,,,,,,,,,,,23,,,,,B03,,,1,,1,,,23,23,1,21,,B03,120.703752,24.160386,3
2022,1,18,8,3,臺中市,北屯區,0,0,0,8,,,50,,,,,,,,,,,,,,,16,,,,,C03,,,1,,1,,,16,16,1,5,,C03,120.707678,24.169861,3
2022,1,18,8,5,臺中市,烏日區,0,0,0,8,,,50,,,,,,,,,,,,,,,6,,,,,B03,,,1,,2,,,6,6,1,22,,B03,120.624288,24.102624,3
2022,1,18,8,20,臺中市,大雅區,0,1,0,7,1,5,50,3,9,1,5,4,5,7,1,1,10,4,5,1,16,6,3,10,1,1,B03,7,5,1,8,2,6,,6,6,1,22,9,B03,120.637584,24.233031,2
2022,1,18,8,21,臺中市,大雅區,0,0,0,8,,,50,,,,,,,,,,,,,,,7,,,,,A41,,,1,,2,,,7,7,1,22,,A41,120.649416,24.215722,3
2022,1,18,8,31,臺中市,梧棲區,0,1,0,8,1,5,30,4,1,1,5,4,5,7,4,4,10,5,5,2,15,6,3,10,1,1,B03,7,9,1,8,2,8,,6,6,1,5,8,B03,120.535903,24.244491,2
2022,1,18,8,40,臺中市,大肚區,0,0,0,8,,,50,,,,,,,,,,,,,,,25,,,,,C03,,,1,,2,,,25,25,1,19,,C03,120.562982,24.124147,3
2022,1,18,8,50,臺中市,烏日區,0,0,0,8,,,50,,,,,,,,,,,,,,,7,,,,,C03,,,1,,2,,,7,7,1,21,,C03,120.638723,24.113735,3
2022,1,18,8,52,臺中市,潭子區,0,1,0,8,1,5,60,14,8,1,5,4,5,7,1,1,1,4,4,1,17,23,2,9,1,1,C03,7,9,1,10,2,14,,23,23,1,22,8,C03,120.702323,24.190339,2
2022,1,18,8,52,臺中市,太平區,0,1,0,8,1,5,50,3,1,1,5,4,5,7,4,4,10,5,5,2,16,6,3,10,1,1,B03,7,5,1,8,2,8,,6,6,1,5,8,B03,120.719622,24.121474,2
2022,1,18,8,54,臺中市,大雅區,0,0,0,8,,,50,,,,,,,,,,,,,,,12,,,,,B12,,,1,,2,,,12,12,1,22,,B12,120.635145,24.214758,3
2022,1,18,8,54,臺中市,神岡區,0,0,0,8,,,25,,,,,,,,,,,,,,,17,,,,,B03,,,1,,2,,,17,17,1,22,,B03,120.659669,24.257684,3
2022,1,18,8,55,臺中市,北屯區,0,1,0,8,1,5,50,14,9,1,5,4,5,7,4,4,5,4,5,2,16,10,3,10,1,1,B03,7,11,1,8,2,4,,10,10,1,21,8,B03,120.709085,24.17092,2
2022,1,18,8,58,臺中市,西區,0,0,0,8,,,50,,,,,,,,,,,,,,,42,,,,,C03,,,1,,1,,,42,42,1,5,,C03,120.655812,24.140265,3
2022,1,18,9,20,臺中市,清水區,0,1,0,8,1,5,50,3,9,1,5,4,5,7,4,4,5,4,5,2,16,6,2,9,1,1,C03,7,5,1,10,2,12,,6,6,1,5,5,C03,120.57401,24.270479,2
2022,1,18,9,20,臺中市,石岡區,0,1,0,8,1,5,70,14,8,1,5,4,5,7,4,4,1,3,4,1,16,23,2,9,1,1,C03,7,9,1,10,2,11,,23,23,1,22,9,C03,120.815613,24.260459,2
2022,1,18,9,36,臺中市,后里區,0,1,0,7,1,5,30,3,1,1,5,4,3,5,4,4,10,5,5,2,16,6,2,9,1,1,C03,7,5,4,8,2,11,,6,6,1,22,4,C03,120.678183,24.317646,2
2022,1,18,9,38,臺中市,烏日區,0,1,0,8,1,5,30,4,1,1,5,4,5,3,4,4,5,5,5,2,16,6,3,10,1,1,B03,7,9,1,8,2,8,,6,6,1,22,8,B03,120.6477,24.054043,2
2022,1,18,9,47,臺中市,南屯區,0,1,0,7,1,5,40,14,8,1,5,4,4,7,4,4,1,4,1,2,13,16,2,9,1,1,C03,7,9,1,10,2,11,,16,16,1,4,8,C03,120.622719,24.141403,2
2022,1,18,9,50,臺中市,西屯區,0,0,0,8,,,50,,,,,,,,,,,,,,,9,,,,,B03,,,1,,2,,,9,9,1,22,,B03,120.643605,24.19438,3
2022,1,18,9,53,臺中市,西區,0,2,0,8,1,5,50,4,1,1,5,4,5,7,2,1,10,5,5,2,13,16,2,9,1,1,C03,7,9,1,10,2,11,,16,16,1,21,8,C03,120.667101,24.132158,2
2022,1,18,10,5,臺中市,大甲區,0,0,0,8,,,50,,,,,,,,,,,,,,,23,,,,,B03,,,1,,1,,,23,23,1,22,,B03,120.627639,24.351173,3
2022,1,18,10,6,臺中市,太平區,0,1,0,8,1,5,40,14,9,1,5,4,5,7,4,4,9,5,5,1,12,1,3,10,1,1,B12,7,4,1,8,2,4,,1,1,1,7,5,B12,120.745819,24.128977,2
2022,1,18,10,9,臺中市,烏日區,0,0,0,8,,,30,,,,,,,,,,,,,,,42,,,,,G03,,,8,,2,,,42,42,1,10,,G03,120.638825,24.071006,3
2022,1,18,10,14,臺中市,南屯區,0,1,0,8,1,5,50,3,1,1,5,4,5,7,1,1,5,4,5,2,12,42,2,9,1,1,C03,7,9,1,10,2,14,,42,42,1,22,8,C03,120.626044,24.140871,2
2022,1,18,10,16,臺中市,沙鹿區,0,3,0,8,1,5,50,4,1,1,5,4,5,7,4,4,10,5,5,2,15,6,2,9,1,1,C03,7,9,3,18,2,11,,6,6,1,21,8,C03,120.567598,24.249986,2
2022,1,18,10,28,臺中市,西區,0,2,0,8,1,5,50,14,8,1,5,4,5,7,4,4,3,4,4,2,13,23,2,9,1,1,C03,7,9,1,10,2,11,,23,23,1,22,9,C03,120.662252,24.160545,2
2022,1,18,10,29,臺中市,西區,0,0,0,8,,,50,,,,,,,,,,,,,,,16,,,,,B03,,,1,,1,,,16,16,1,21,,B03,120.66845,24.129908,3
2022,1,18,10,29,臺中市,豐原區,0,1,0,8,1,5,50,3,2,1,5,4,5,7,4,4,1,4,4,1,17,6,3,10,3,4,B03,7,6,1,8,2,3,,6,6,1,22,9,B03,120.71177,24.240396,2
2022,1,18,10,38,臺中市,北區,0,2,0,8,1,5,50,4,1,1,5,4,5,7,2,1,10,5,5,2,16,25,2,9,1,1,C03,7,5,1,10,2,14,,25,25,1,5,8,C03,120.686354,24.152437,2
2022,1,18,10,46,臺中市,烏日區,0,0,0,8,,,50,,,,,,,,,,,,,,,18,,,,,B12,,,1,,2,,,18,18,1,22,,B12,120.622248,24.106291,3
2022,1,18,10,50,臺中市,北區,0,1,0,8,1,5,50,14,9,1,5,4,5,7,4,4,9,5,5,2,17,40,3,10,1,1,B12,7,15,1,8,2,4,,40,40,1,22,8,B12,120.689462,24.160775,2
2022,1,18,10,50,臺中市,南屯區,0,2,0,8,1,5,40,4,1,1,5,4,5,7,2,1,10,5,5,2,16,6,2,8,1,1,C04,7,9,1,10,2,11,,23,6,1,22,9,C04,120.635,24.153333,2
2022,1,18,10,50,臺中市,清水區,0,1,0,8,1,5,30,14,9,1,5,4,5,7,4,4,10,5,5,2,16,6,3,10,1,1,B03,7,1,1,10,2,8,,6,6,1,5,5,B03,120.571608,24.279917,2
2022,1,18,10,50,臺中市,豐原區,0,2,0,8,1,5,50,3,2,1,5,4,5,7,4,4,4,4,4,1,16,8,2,9,1,1,C03,7,5,1,10,2,12,,8,8,1,22,8,C03,120.720253,24.251716,2
2022,1,18,10,56,臺中市,大甲區,0,1,0,8,1,5,50,14,9,1,5,4,5,7,4,4,5,4,5,2,9,60,2,9,1,1,C03,7,14,1,10,2,11,,38,60,1,22,9,C03,120.625252,24.343688,2
2022,1,18,11,0,臺中市,大雅區,0,0,0,8,,,50,,,,,,,,,,,,,,,23,,,,,B03,,,1,,2,,,23,23,1,21,,B03,120.615235,24.220095,3
2022,1,18,11,0,臺中市,東區,0,0,0,8,,,50,,,,,,,,,,,,,,,23,,,,,B03,,,1,,2,,,23,23,1,22,,B03,120.698207,24.150738,3
2022,1,18,11,10,臺中市,西區,0,1,0,8,1,5,50,3,2,1,5,4,5,7,1,1,10,5,5,2,16,6,3,10,1,1,B03,7,5,1,8,2,5,,6,6,1,21,8,B03,120.671721,24.134858,2
2022,1,18,11,15,臺中市,太平區,0,0,0,8,,,40,,,,,,,,,,,,,,,12,,,,,B03,,,1,,2,,,12,12,1,3,,B03,120.707241,24.125521,3
2022,1,18,11,19,臺中市,北屯區,0,1,0,8,1,5,50,14,9,1,5,4,5,7,4,4,1,4,5,2,13,16,2,8,1,1,C03,7,9,1,10,2,14,,16,16,1,5,8,C03,120.669465,24.201398,2
2022,1,18,11,20,臺中市,梧棲區,0,1,0,8,1,5,30,4,1,1,5,4,5,7,4,4,10,5,5,2,13,23,3,10,1,1,C03,7,9,1,10,2,11,,23,23,1,19,8,C03,120.55787,24.241824,2
2022,1,18,11,21,臺中市,北屯區,0,1,0,8,1,5,50,4,1,1,5,4,5,7,2,1,10,5,5,2,16,10,3,10,1,1,B03,7,11,1,8,2,8,,10,10,1,21,8,B03,120.692819,24.168109,2
2022,1,18,11,25,臺中市,潭子區,0,2,0,8,1,5,50,4,1,1,5,4,5,7,1,1,5,4,4,1,17,3,2,9,1,1,C03,7,5,1,10,2,14,,3,3,1,22,8,C03,120.707407,24.211169,2
2022,1,18,11,38,臺中市,南屯區,0,0,0,,,,50,,,,,,,,,,,,,,,7,,,,,B03,,,1,,2,,,7,7,1,4,,B03,120.611225,24.151006,3
2022,1,18,11,46,臺中市,北屯區,0,0,0,8,4,5,50,14,9,1,5,4,5,7,4,4,3,4,5,2,13,23,,,,,B03,,,1,,1,,,23,23,1,21,,B03,120.686234,24.188988,3
2022,1,18,11,58,臺中市,龍井區,0,1,0,8,1,5,50,3,1,1,5,4,5,7,4,4,10,5,5,1,13,23,2,9,3,4,C03,7,9,3,18,2,11,,23,23,1,19,7,C03,120.523453,24.201954,2
2022,1,18,12,0,臺中市,西區,0,2,0,8,1,5,50,14,9,1,5,4,5,7,4,4,5,4,5,2,16,19,2,8,3,4,C03,7,1,1,10,2,13,,19,19,1,21,8,C03,120.652962,24.146049,2
2022,1,18,12,2,臺中市,西區,0,2,0,8,1,5,50,3,1,1,5,4,5,7,4,4,10,5,5,2,16,6,2,9,1,1,C03,7,5,1,10,2,14,,6,6,1,22,9,C03,120.66241,24.150806,2
2022,1,18,12,10,臺中市,后里區,0,1,0,8,1,5,50,3,1,1,5,4,5,7,3,1,10,5,5,2,16,8,2,9,1,1,C04,7,5,3,18,2,11,,8,8,1,20,5,C04,120.719578,24.302831,2
2022,1,18,12,20,臺中市,東勢區,0,0,0,8,,,50,,,,,,,,,,,,,,,19,,,,,B03,,,1,,2,,,44,19,1,22,,B03,120.828746,24.258533,3
2022,1,18,12,26,臺中市,中區,0,0,0,8,,,30,,,,,,,,,,,,,,,23,,,,,B12,,,1,,2,,,23,23,1,21,,B12,120.678864,24.143332,3
2022,1,18,12,36,臺中市,大雅區,0,0,0,8,,,50,,,,,,,,,,,,,,,23,,,,,B12,,,1,,2,,,23,23,1,22,,B12,120.655755,24.227292,3
2022,1,18,12,52,臺中市,潭子區,0,0,0,8,,,50,,,,,,,,,,,,,,,6,,,,,B03,,,1,,2,,,6,6,1,22,,B03,120.692396,24.224896,3
2022,1,18,12,55,臺中市,北區,0,0,0,8,1,5,50,4,1,1,5,4,5,7,3,1,10,5,5,2,15,6,,,,,B12,,,1,,2,,,6,6,1,22,,B12,120.680426,24.155009,3
2022,1,18,13,7,臺中市,南屯區,0,0,0,8,,,50,,,,,,,,,,,,,,,10,,,,,B12,,,1,,1,,,10,10,1,22,,B12,120.651161,24.133386,3
2022,1,18,13,7,臺中市,烏日區,0,0,0,8,,,50,,,,,,,,,,,,,,,8,,,,,C03,,,1,,2,,,8,8,1,21,,C03,120.633131,24.104881,3
2022,1,18,13,9,臺中市,大雅區,0,1,0,8,1,5,50,4,2,1,5,4,5,7,4,4,5,5,5,1,17,43,3,10,1,1,B03,7,5,1,8,2,15,,43,43,1,21,8,B03,120.65334,24.219079,2
2022,1,18,13,10,臺中市,北屯區,0,0,0,8,,,50,,,,,,,,,,,,,,,12,,,,,B03,,,1,,2,,,12,12,1,4,,B03,120.702883,24.169816,3
2022,1,18,13,14,臺中市,豐原區,0,0,0,8,,,50,,,,,,,,,,,,,,,43,,,,,B12,,,1,,2,,,43,43,1,5,,B12,120.736453,24.272716,3
2022,1,18,13,15,臺中市,豐原區,0,0,0,8,,,30,,,,,,,,,,,,,,,5,,,,,B03,,,1,,2,,,5,5,1,22,,B03,120.725358,24.235549,3
2022,1,18,13,18,臺中市,北區,0,1,0,8,1,5,50,4,1,1,5,4,5,7,4,4,10,5,5,2,15,6,3,10,1,1,B03,7,9,1,8,2,2,,6,6,1,22,8,B03,120.672084,24.158488,2
2022,1,18,13,20,臺中市,大甲區,0,2,0,8,1,5,50,3,1,1,5,4,5,7,4,4,10,5,5,2,12,8,2,9,1,1,C03,7,5,1,10,2,14,,8,8,1,5,8,C03,120.623206,24.347946,2
2022,1,18,13,27,臺中市,北區,0,2,0,8,1,5,50,14,9,1,5,4,5,7,4,4,9,5,5,2,3,51,2,9,1,1,H01,8,16,8,20,10,16,,51,51,1,22,8,H01,120.684298,24.147731,2
2022,1,18,13,29,臺中市,西區,0,1,0,8,1,5,50,4,1,1,5,4,5,7,1,1,10,5,5,2,16,6,3,10,1,1,B03,7,6,1,8,2,5,,6,6,1,5,5,B03,120.657365,24.146713,2
2022,1,18,13,34,臺中市,南屯區,0,1,0,8,1,5,50,4,1,1,5,4,5,7,1,1,5,4,4,2,16,6,3,10,1,1,B03,7,5,1,8,2,2,,6,6,1,22,9,B03,120.635233,24.15124,2
2022,1,18,13,42,臺中市,北區,0,0,0,8,1,5,50,14,9,1,5,4,5,7,4,4,4,1,5,2,29,23,,,,,B03,,,1,,2,,,23,23,1,22,,B03,120.686624,24.164798,3
2022,1,18,13,54,臺中市,北屯區,0,0,0,8,,,50,,,,,,,,,,,,,,,3,,,,,B12,,,1,,1,,,3,3,1,21,,B12,120.668153,24.174576,3
2022,1,18,14,0,臺中市,沙鹿區,0,1,0,8,1,5,30,15,6,1,5,4,5,7,4,4,10,5,5,2,11,4,2,8,1,1,C03,7,6,1,10,2,11,,4,4,1,21,8,C03,120.559495,24.241597,2
2022,1,18,14,6,臺中市,北區,0,0,0,8,,,1,,,,,,,,,,,,,,,12,,,,,B03,,,1,,1,,,12,12,1,22,,B03,120.68845,24.152843,3
2022,1,18,14,15,臺中市,南屯區,0,0,0,8,,,50,,,,,,,,,,,,,,,23,,,,,B12,,,1,,2,,,23,23,1,22,,B12,120.6375,24.146944,3
2022,1,18,14,15,臺中市,豐原區,0,0,0,8,,,50,,,,,,,,,,,,,,,17,,,,,B03,,,1,,2,,,17,17,1,22,,B03,120.744812,24.258378,3
2022,1,18,14,23,臺中市,南屯區,0,1,0,8,1,5,50,15,20,2,5,4,5,7,4,4,3,3,4,2,29,23,2,8,1,1,C03,7,15,1,10,3,12,,23,23,1,22,8,C03,120.636876,24.152523,2
2022,1,18,14,25,臺中市,龍井區,0,1,0,8,1,5,50,5,1,1,5,4,5,7,4,4,10,5,5,2,16,6,3,10,3,4,B03,7,5,1,8,2,1,,6,6,1,5,1,B03,120.547375,24.183728,2
2022,1,18,14,27,臺中市,西屯區,0,1,0,8,1,5,50,14,9,1,5,4,5,7,4,4,1,4,5,2,12,6,3,10,3,4,B03,7,6,1,8,1,2,,6,6,1,22,8,B03,120.62562,24.181948,2
2022,1,18,14,30,臺中市,西區,0,0,0,8,,,50,,,,,,,,,,,,,,,19,,,,,B03,,,1,,2,,,19,19,1,5,,B03,120.655024,24.154853,3
2022,1,18,14,33,臺中市,中區,0,3,0,8,1,5,50,4,1,1,5,4,5,7,2,1,10,5,5,2,16,6,3,10,1,1,C03,7,6,1,10,2,12,,6,6,1,5,5,C03,120.67556,24.141676,2
2022,1,18,14,39,臺中市,沙鹿區,0,2,0,8,1,5,50,14,12,1,5,4,5,7,4,4,1,4,4,1,3,51,2,8,4,5,H01,8,16,8,20,10,16,,51,51,1,9,7,H01,120.60873,24.246354,2
2022,1,18,14,40,臺中市,神岡區,0,0,0,8,,,50,,,,,,,,,,,,,,,23,,,,,B03,,,1,,2,,,23,23,1,21,,B03,120.686881,24.250333,3
2022,1,18,14,46,臺中市,南區,0,0,0,,,,50,,,,,,,,,,,,,,,12,,,,,B03,,,1,,2,,,12,12,1,22,,B03,120.665413,24.123646,3
2022,1,18,14,49,臺中市,沙鹿區,0,1,0,8,1,5,30,14,9,1,5,4,5,7,4,4,10,5,5,2,17,23,2,9,1,1,C03,7,9,1,10,2,11,,23,23,1,18,8,C03,120.614984,24.240358,2
2022,1,18,14,52,臺中市,西區,0,2,0,8,1,5,50,5,1,1,5,4,5,7,1,1,1,1,4,1,16,6,2,9,1,1,C03,7,5,1,10,2,14,,6,6,1,21,8,C03,120.664002,24.151304,2
2022,1,18,14,53,臺中市,北區,0,1,0,8,1,5,40,14,8,1,5,4,5,7,4,4,3,2,4,2,17,40,3,10,2,1,B03,7,13,1,8,1,4,,40,40,1,22,9,B03,120.685102,24.160322,2
2022,1,18,14,55,臺中市,南區,0,0,0,8,,,50,,,,,,,,,,,,,,,26,,,,,B01,,,1,,2,,,26,26,1,22,,B01,120.65025,24.111524,3
2022,1,18,14,57,臺中市,北區,0,2,0,8,1,5,40,4,1,1,5,4,5,7,2,1,10,5,5,2,12,7,2,9,1,1,C03,7,8,1,10,2,12,,7,7,1,22,9,C03,120.674468,24.162795,2
2022,1,18,15,7,臺中市,西區,0,2,0,8,1,5,50,4,1,1,5,4,5,7,1,1,10,5,5,2,13,16,2,8,3,4,C03,7,9,1,10,2,11,,16,16,1,21,8,C03,120.655161,24.140147,2
2022,1,18,15,10,臺中市,神岡區,0,1,0,8,1,5,50,14,9,1,5,4,5,7,4,4,5,5,4,1,17,10,3,10,1,1,C03,7,11,1,10,9,14,,10,10,2,22,8,C03,120.664289,24.258245,2
2022,1,18,15,11,臺中市,北區,0,0,0,8,,,40,,,,,,,,,,,,,,,19,,,,,B03,,,1,,1,,,19,19,1,22,,B03,120.678485,24.148075,3
2022,1,18,15,15,臺中市,神岡區,0,0,0,8,,,30,,,,,,,,,,,,,,,17,,,,,B02,,,1,,2,,,17,17,1,21,,B02,120.697251,24.256808,3
2022,1,18,15,16,臺中市,豐原區,0,0,0,,,,50,,,,,,,,,,,,,,,18,,,,,B03,,,1,,2,,,18,18,1,22,,B03,120.71193,24.250688,3
2022,1,18,15,17,臺中市,烏日區,0,1,0,8,1,5,50,4,1,1,5,4,5,7,2,1,5,5,4,1,12,9,3,10,1,1,B03,7,6,1,8,2,6,,9,9,1,22,8,B03,120.649146,24.093525,2
2022,1,18,15,20,臺中市,烏日區,0,0,0,8,,,40,,,,,,,,,,,,,,,33,,,,,A41,,,1,,9,,,33,33,1,22,,A41,120.602013,24.105688,3
2022,1,18,15,22,臺中市,太平區,0,0,0,,,,30,,,,,,,,,,,,,,,5,,,,,B03,,,1,,2,8,,5,5,1,22,,B03,120.706508,24.124617,3
2022,1,18,15,27,臺中市,北區,0,2,0,8,1,5,50,3,1,1,5,4,5,7,4,4,10,5,5,2,16,6,2,9,1,1,C03,7,5,4,8,2,11,,6,6,1,22,9,C03,120.676919,24.164147,2
2022,1,18,15,30,臺中市,大里區,0,0,0,8,,,50,,,,,,,,,,,,,,,23,,,,,G03,,,1,,,,,23,23,1,9,,G03,120.689586,24.087253,4
2022,1,18,15,39,臺中市,豐原區,0,2,0,8,1,5,50,4,1,1,5,4,5,7,4,4,10,5,5,2,17,6,3,10,3,4,B12,7,6,1,8,2,5,,6,6,1,22,8,B12,120.724275,24.261863,2
2022,1,18,15,43,臺中市,北屯區,0,1,0,8,1,5,50,14,9,1,5,4,5,7,4,4,5,5,5,2,13,13,2,9,3,4,C03,7,9,1,10,2,11,,13,13,1,21,8,C03,120.70519,24.168398,2
2022,1,18,15,58,臺中市,沙鹿區,0,0,0,8,,,50,,,,,,,,,,,,,,,23,,,,,B03,,,1,,2,,,23,23,1,21,,B03,120.567377,24.227006,3
2022,1,18,15,59,臺中市,豐原區,0,0,0,8,,,50,,,,,,,,,,,,,,,23,,,,,B03,,,1,,2,,,23,23,1,21,,B03,120.7013,24.251107,3
2022,1,18,16,0,臺中市,潭子區,0,0,0,8,,,40,,,,,,,,,,,,,,,16,,,,,B03,,,1,,2,,,16,16,1,22,,B03,120.702407,24.201258,3
2022,1,18,16,7,臺中市,西屯區,0,1,0,8,1,5,50,4,1,1,5,4,5,7,2,1,10,5,5,2,16,17,3,10,3,4,B12,7,9,1,8,2,5,,17,17,1,22,8,B12,120.668083,24.174836,2
2022,1,18,16,8,臺中市,中區,0,0,0,,,,50,,,,,,,,,,,,,,,7,,,,,B03,,,1,,2,,,7,7,1,5,,B03,120.681464,24.144027,3
2022,1,18,16,11,臺中市,南屯區,0,0,0,8,1,5,50,4,1,1,5,4,5,7,1,1,5,4,4,2,11,23,,,,,B03,,,1,,2,,,23,23,1,22,,B03,120.609745,24.138488,3
2022,1,18,16,12,臺中市,豐原區,0,2,0,8,2,5,50,5,2,1,5,4,5,7,2,1,4,4,4,1,16,25,2,9,1,1,C03,7,9,1,10,9,11,,25,25,1,22,8,C03,120.715391,24.248199,2
2022,1,18,16,19,臺中市,西區,0,0,0,8,,,50,,,,,,,,,,,,,,,19,,,,,A12,,,1,,1,,,19,19,1,21,,A12,120.677289,24.133922,3
2022,1,18,16,20,臺中市,神岡區,0,2,0,8,1,5,50,14,9,1,5,4,5,7,3,1,5,4,4,2,17,6,2,9,1,1,C03,7,5,1,10,2,14,,6,6,1,22,8,C03,120.682,24.247064,2
2022,1,18,16,30,臺中市,東區,0,2,0,8,1,5,50,3,1,1,5,4,5,7,4,4,10,5,5,2,17,6,2,9,1,1,C03,7,5,1,10,2,12,,6,6,1,22,8,C03,120.70928,24.149448,2
2022,1,18,16,30,臺中市,大甲區,0,0,0,8,,,50,,,,,,,,,,,,,,,18,,,,,B03,,,1,,1,,,18,18,1,22,,B03,120.645616,24.404749,3
2022,1,18,16,30,臺中市,神岡區,0,0,0,8,,,50,,,,,,,,,,,,,,,7,,,,,A11,,,1,,2,,,7,7,1,21,,A11,120.697628,24.249695,3
2022,1,18,16,36,臺中市,北屯區,0,0,0,8,1,5,50,14,9,1,5,4,5,7,1,1,4,3,5,2,12,23,3,10,1,1,B03,7,7,1,1,2,2,,23,23,1,21,8,B03,120.717406,24.175406,3
2022,1,18,16,41,臺中市,北區,0,0,0,8,,,60,,,,,,,,,,,,,,,42,,,,,B12,,,1,,2,,,42,42,1,22,,B12,120.665135,24.154133,3
2022,1,18,16,41,臺中市,東區,0,0,0,8,,,50,,,,,,,,,,,,,,,23,,,,,A03,,,1,,2,,,23,23,1,4,,A03,120.683495,24.133366,3
2022,1,18,16,41,臺中市,烏日區,0,0,0,8,,,30,,,,,,,,,,,,,,,16,,,,,B03,,,1,,2,,,16,16,1,21,,B03,120.625468,24.108593,3
2022,1,18,16,47,臺中市,外埔區,0,0,0,8,1,5,40,3,2,1,5,4,5,7,4,4,10,5,5,1,26,37,,,,,A12,,,1,,2,,,37,37,1,22,,A12,120.637783,24.334214,3
2022,1,18,16,57,臺中市,南區,0,0,0,8,,,50,,,,,,,,,,,,,,,16,,,,,B03,,,1,,2,,,16,16,1,6,,B03,120.652541,24.121988,3
2022,1,18,17,1,臺中市,北區,0,0,0,8,,,50,,,,,,,,,,,,,,,6,,,,,C03,,,1,,2,,,6,6,1,22,,C03,120.68616,24.146227,3
2022,1,18,17,8,臺中市,西區,0,1,0,8,1,5,50,4,1,1,5,4,5,7,4,4,10,5,5,2,18,42,2,9,1,1,C03,7,9,1,10,2,12,,42,42,1,5,5,C03,120.658659,24.150213,2
2022,1,18,17,10,臺中市,潭子區,0,0,0,8,1,5,50,14,9,4,5,4,5,7,4,4,10,5,5,1,29,12,3,10,1,1,B03,7,2,1,8,2,3,,12,12,1,22,8,B03,120.704737,24.204926,3
2022,1,18,17,10,臺中市,霧峰區,0,1,0,8,1,5,50,4,1,1,5,4,5,7,4,4,10,5,5,2,16,6,3,10,1,1,B03,7,9,1,8,2,5,,6,6,1,5,8,B03,120.69784,24.064686,2
2022,1,18,17,10,臺中市,梧棲區,0,0,0,8,,,40,,,,,,,,,,,,,,,9,,,,,B03,,,1,,2,,,9,9,1,21,,B03,120.525854,24.224621,3
2022,1,18,17,15,臺中市,東區,0,2,0,8,1,5,50,3,1,1,5,4,5,7,4,4,10,5,5,2,17,6,2,9,1,1,C03,7,5,1,10,2,12,,6,6,1,22,8,C03,120.686815,24.140149,2
2022,1,18,17,15,臺中市,太平區,0,0,0,,,,50,,,,,,,,,,,,,,,42,,,,,B12,,,1,,2,1,,42,42,1,22,,B12,120.713129,24.146929,3
2022,1,18,17,19,臺中市,神岡區,0,1,0,7,1,5,50,14,7,1,5,4,5,7,4,4,1,4,4,1,13,23,3,10,1,1,B03,7,9,1,8,2,1,,23,23,1,22,8,B03,120.693839,24.24849,2
2022,1,18,17,20,臺中市,梧棲區,0,0,0,8,,,50,,,,,,,,,,,,,,,6,,,,,B12,,,1,,2,,,6,6,1,21,,B12,120.532312,24.262108,3
2022,1,18,17,21,臺中市,潭子區,0,1,0,8,1,5,50,4,1,1,5,4,5,7,2,1,1,1,5,2,12,7,3,10,1,1,C03,7,7,1,10,2,14,,7,7,1,22,9,C03,120.706006,24.200813,2
2022,1,18,17,21,臺中市,西屯區,0,0,0,8,,,50,,,,,,,,,,,,,,,23,,,,,B03,,,1,,1,,,23,23,1,22,,B03,120.633435,24.17375,3
2022,1,18,17,22,臺中市,烏日區,0,0,0,8,,,50,,,,,,,,,,,,,,,11,,,,,B12,,,1,,2,,,11,11,1,22,,B12,120.646034,24.085818,3
2022,1,18,17,24,臺中市,南屯區,0,2,0,8,2,5,50,4,1,1,5,4,5,7,1,1,10,5,5,2,16,6,2,9,1,1,C03,7,5,1,10,2,11,,6,6,1,9,8,C03,120.643565,24.138043,2
2022,1,18,17,28,臺中市,北區,0,2,0,8,3,5,50,14,9,1,5,4,5,7,4,4,1,4,5,2,12,7,3,10,1,1,B03,7,8,1,8,2,5,,7,7,1,22,9,B03,120.690751,24.158741,2
2022,1,18,17,30,臺中市,梧棲區,0,0,0,8,,,60,,,,,,,,,,,,,,,23,,,,,A41,,,1,,2,,,23,23,1,21,,A41,120.53016,24.235977,3
2022,1,18,17,33,臺中市,梧棲區,0,0,0,8,,,60,,,,,,,,,,,,,,,23,,,,,B03,,,1,,2,,,23,23,1,21,,B03,120.536045,24.249973,3