年,月,日,時,分,縣市,區,死,受傷,2-30,天候,光線,道路類別,速限,道路型態,事故位置,路面鋪裝,路面狀態,路面缺陷,障礙物,視距,號誌種類,號誌動作,分向設施,快車道或一般車道間,快慢車道間,路面邊線,事故類型及型態,主要肇因,受傷程度,主要傷處,保護裝備,行動電話,當事者區分,車輛用途,當事者行動狀態,駕駛資格情形,駕駛執照種類,飲酒情形,車輛撞擊部位最初,車輛撞擊部位其他,肇事因素個別,肇事因素主要,肇事逃逸,職業,旅次目的,車種,GPS緯度,GPS經度,事故類別
2022,1,18,17,34,臺中市,西屯區,0,1,0,8,3,5,50,14,8,1,5,4,5,7,4,4,1,4,4,2,16,6,3,10,3,4,B03,7,6,1,8,2,5,,6,6,1,22,8,B03,120.632544,24.18013,2
2022,1,18,17,40,臺中市,太平區,0,0,0,8,,,40,,,,,,,,,,,,,,,23,,,,,B12,,,1,,1,,,23,23,1,9,,B12,120.714041,24.147924,3
2022,1,18,17,42,臺中市,潭子區,0,0,0,8,,,30,,,,,,,,,,,,,,,12,,,,,C03,,,1,,2,,,12,12,1,22,,C03,120.702687,24.208901,3
2022,1,18,17,44,臺中市,清水區,0,0,0,8,3,5,50,14,9,1,5,4,5,7,4,4,5,5,5,1,13,23,3,10,1,1,C03,7,9,1,10,2,11,,23,23,1,5,1,C03,120.575135,24.279791,3
2022,1,18,17,45,臺中市,北區,0,0,0,8,,,50,,,,,,,,,,,,,,,26,,,,,B03,,,1,,1,,,26,26,1,22,,B03,120.674336,24.162976,3
2022,1,18,17,46,臺中市,南屯區,0,0,0,8,,,40,,,,,,,,,,,,,,,12,,,,,C03,,,1,,1,,,12,12,1,22,,C03,120.637804,24.141802,3
2022,1,18,17,50,臺中市,西區,0,0,0,,,,50,,,,,,,,,,,,,,,43,,,,,B03,,,1,,2,,,42,42,1,20,,B03,120.674372,24.148921,3
2022,1,18,17,51,臺中市,南屯區,0,0,0,8,3,5,50,14,7,1,5,4,5,7,4,4,5,4,4,2,13,23,,,,,B03,,,1,,1,,,23,23,1,22,,B03,120.64739,24.129549,3
2022,1,18,17,54,臺中市,豐原區,0,0,0,8,,,50,,,,,,,,,,,,,,,23,,,,,B12,,,1,,2,,,23,23,1,22,,B12,120.703361,24.238383,3
2022,1,18,17,58,臺中市,西區,0,0,0,8,,,50,,,,,,,,,,,,,,,6,,,,,C03,,,1,,1,,,6,6,1,5,,C03,120.669387,24.138049,3
2022,1,18,17,59,臺中市,西屯區,0,0,0,8,,,50,,,,,,,,,,,,,,,44,,,,,B03,,,1,,1,,,44,44,1,22,,B03,120.656471,24.198023,3
2022,1,18,18,0,臺中市,大雅區,0,3,0,8,3,5,50,3,1,1,5,4,5,7,1,1,9,4,5,1,17,23,2,8,1,1,C03,7,9,1,10,2,11,,23,23,1,22,9,C03,120.647245,24.224411,2
2022,1,18,18,0,臺中市,烏日區,0,0,0,,,,50,,,,,,,,,,,,,,,23,,,,,B03,,,1,,2,,,23,23,1,22,,B03,120.618266,24.117396,3
2022,1,18,18,3,臺中市,西區,0,0,0,,,,50,,,,,,,,,,,,,,,23,,,,,B03,,,1,,1,,,23,23,1,5,,B03,120.661573,24.160532,3
2022,1,18,18,3,臺中市,西區,0,1,0,8,3,5,50,11,7,1,5,4,5,7,4,4,1,4,4,2,17,6,3,10,1,1,B03,7,6,1,8,2,8,,6,6,1,5,1,B03,120.657899,24.139866,2
2022,1,18,18,7,臺中市,后里區,0,1,0,8,3,5,60,15,7,1,5,4,5,7,4,4,9,4,4,1,16,10,3,10,1,1,B12,7,11,1,8,2,4,,10,10,1,9,1,B12,120.730778,24.335585,2
2022,1,18,18,9,臺中市,西區,0,0,0,8,,,50,,,,,,,,,,,,,,,10,,,,,B03,,,1,,2,,,10,10,1,21,,B03,120.681289,24.145195,3
2022,1,18,18,9,臺中市,北屯區,0,1,0,8,3,5,50,5,1,5,5,4,5,7,1,1,10,5,5,2,12,1,2,8,3,4,C03,7,9,1,10,2,13,,1,1,1,21,8,C03,120.697631,24.170295,2
2022,1,18,18,9,臺中市,西屯區,0,1,0,8,3,5,50,4,1,1,5,4,5,7,1,1,10,5,5,2,16,6,3,10,3,4,B03,7,5,1,8,2,1,,6,6,1,22,8,B03,120.607161,24.159963,2
2022,1,18,18,23,臺中市,南屯區,0,4,0,8,2,5,30,3,1,1,5,4,5,7,4,4,9,5,5,2,16,6,2,6,1,1,B03,7,5,1,8,2,1,,6,6,1,19,8,B03,120.61088,24.149475,2
2022,1,18,18,25,臺中市,西區,0,0,0,,,,50,,,,,,,,,,,,,,,6,,,,,B03,,,1,,2,,,6,6,1,20,,B03,120.665287,24.150867,3
2022,1,18,18,30,臺中市,北屯區,0,0,0,,,,50,,,,,,,,,,,,,,,44,,,,,B03,,,1,,2,,,44,44,1,22,,B03,120.693789,24.163839,3
2022,1,18,18,30,臺中市,清水區,0,0,0,8,3,5,50,14,9,1,5,4,5,7,1,1,5,5,5,2,13,23,3,10,1,1,B03,7,9,1,8,1,1,,23,23,2,5,1,B03,120.568475,24.271823,3
2022,1,18,18,30,臺中市,大甲區,0,1,0,8,1,5,40,14,13,1,5,2,1,7,4,4,9,5,4,1,28,23,2,9,1,1,C03,7,9,1,10,2,11,,23,23,1,2,8,C03,120.635883,24.358528,2
2022,1,18,18,33,臺中市,北區,0,1,0,8,3,5,50,4,1,1,5,4,5,7,2,1,1,4,4,2,16,6,3,10,1,1,B03,7,5,1,8,2,6,,6,6,1,22,8,B03,120.67051,24.163061,2
2022,1,18,18,34,臺中市,北屯區,0,0,0,8,,,50,,,,,,,,,,,,,,,16,,,,,C03,,,1,,2,,,16,16,1,18,,C03,120.6862,24.1814,3
2022,1,18,18,37,臺中市,北屯區,0,1,0,7,3,5,50,5,1,1,5,4,5,7,1,1,10,5,5,2,12,40,3,10,3,4,B03,7,14,1,8,2,4,,40,40,1,21,8,B03,120.667356,24.179676,2
2022,1,18,18,38,臺中市,中區,0,2,0,8,3,5,50,4,1,1,5,4,5,7,1,1,10,5,5,2,12,16,2,8,1,1,C03,7,9,1,9,2,12,,16,16,1,5,8,C03,120.682211,24.140111,2
2022,1,18,18,38,臺中市,北區,0,3,0,8,3,5,40,4,1,1,5,4,5,7,4,4,10,5,5,2,15,6,2,8,1,1,C03,7,9,1,10,2,12,,6,6,1,22,1,C03,120.683571,24.164604,2
2022,1,18,18,40,臺中市,北屯區,0,1,0,8,1,5,50,4,1,1,5,4,5,7,1,1,10,5,5,2,15,25,3,10,1,1,C03,7,9,1,10,2,12,,25,25,1,21,8,C03,120.700178,24.167685,2
2022,1,18,18,44,臺中市,北屯區,0,0,0,8,1,5,50,4,4,1,5,4,5,7,1,1,10,5,5,2,12,7,3,10,1,1,B03,7,8,1,8,2,4,,7,7,1,21,8,B03,120.694066,24.163978,3
2022,1,18,18,44,臺中市,西屯區,0,0,0,8,,,60,,,,,,,,,,,,,,,23,,,,,B03,,,1,,1,,,23,23,1,22,,B03,120.641456,24.167061,3
2022,1,18,18,53,臺中市,沙鹿區,0,1,0,8,3,5,50,4,1,1,5,4,5,7,4,4,10,5,5,2,17,23,3,10,1,1,B03,7,5,1,8,2,5,,23,23,1,22,9,B03,120.572106,24.202808,2
2022,1,18,18,53,臺中市,后里區,0,1,0,7,3,5,60,3,1,1,5,4,5,7,1,1,1,4,4,1,12,6,3,10,1,1,B01,7,6,1,3,2,5,,6,6,1,22,4,B01,120.723742,24.296484,2
2022,1,18,18,56,臺中市,北區,0,0,0,8,,,50,,,,,,,,,,,,,,,16,,,,,B03,,,1,,2,,,16,16,1,22,,B03,120.685291,24.165333,3
2022,1,18,18,59,臺中市,沙鹿區,0,1,0,8,3,5,50,4,1,1,5,4,5,7,1,1,10,5,5,2,3,15,3,10,1,1,B03,7,5,1,8,2,8,,15,15,1,21,8,B03,120.560836,24.241137,2
2022,1,18,19,0,臺中市,北屯區,0,1,0,8,3,5,50,4,1,1,5,4,5,7,1,1,10,5,5,2,12,1,2,9,3,4,C03,7,9,1,10,2,14,,1,1,1,21,8,C03,120.713751,24.160606,2
2022,1,18,19,2,臺中市,南屯區,0,1,0,8,3,5,50,4,1,1,5,4,5,7,1,1,5,4,4,2,16,25,2,9,1,1,C03,7,9,1,10,2,12,,25,25,1,22,9,C03,120.612558,24.13844,2
2022,1,18,19,3,臺中市,西屯區,0,2,0,8,3,5,50,5,1,1,5,4,5,7,4,4,10,5,5,2,13,16,2,9,3,4,C03,7,9,1,10,2,11,,16,16,1,22,8,C03,120.618552,24.17738,2
2022,1,18,19,5,臺中市,東區,0,0,0,,,,50,,,,,,,,,,,,,,,12,,,,,B03,,,1,,2,,,12,12,1,22,,B03,120.708999,24.143859,3
2022,1,18,19,11,臺中市,北屯區,0,0,0,,,,50,,,,,,,,,,,,,,,12,,,,,B03,,,1,,2,,,12,12,1,22,,B03,120.680786,24.189641,3
2022,1,18,19,12,臺中市,后里區,0,2,0,8,3,5,40,14,9,1,5,4,5,7,4,4,9,5,5,1,13,13,2,9,1,1,C03,7,9,1,10,2,11,,13,13,1,18,2,C03,120.700598,24.321237,2
2022,1,18,19,20,臺中市,潭子區,0,1,0,8,3,5,50,14,7,1,5,4,5,7,4,4,1,4,4,1,13,23,2,1,1,1,B03,7,9,1,8,2,1,,23,23,1,22,9,B03,120.684235,24.208007,2
2022,1,18,19,24,臺中市,北屯區,0,2,0,7,3,5,50,14,9,1,5,4,5,7,1,1,4,3,5,2,13,23,3,10,1,1,B03,7,9,1,8,2,1,,23,23,1,21,8,B03,120.674781,24.191106,2
2022,1,18,19,39,臺中市,后里區,0,1,0,8,1,5,50,3,1,1,5,4,5,7,4,4,10,5,5,2,16,6,3,10,1,1,B03,7,6,1,8,2,2,,6,6,1,20,8,B03,120.681276,24.315726,2
2022,1,18,19,39,臺中市,豐原區,0,2,0,8,3,5,60,4,1,1,5,4,5,7,2,1,1,3,5,2,16,26,2,9,1,1,C03,7,5,1,10,2,14,,26,26,1,16,2,C03,120.710463,24.237227,2
2022,1,18,19,55,臺中市,大甲區,0,1,0,8,3,5,50,4,1,1,5,4,5,7,3,1,10,5,5,2,15,6,2,9,1,1,C03,7,9,1,10,2,11,,6,6,1,9,8,C03,120.626924,24.349171,2
2022,1,18,19,59,臺中市,豐原區,0,0,0,8,,,50,,,,,,,,,,,,,,,42,,,,,C03,,,1,,2,,,42,42,1,22,,C03,120.715263,24.251816,3
2022,1,18,20,0,臺中市,潭子區,0,2,0,8,3,5,50,4,1,1,5,4,5,7,3,1,4,5,5,2,16,23,2,7,1,1,C03,7,5,1,10,2,12,,23,23,1,22,9,C03,120.701795,24.192031,2
2022,1,18,20,10,臺中市,大雅區,0,1,0,8,3,5,50,14,9,1,5,4,5,7,4,4,5,5,5,1,17,1,2,8,1,1,C03,7,4,1,10,2,14,,1,1,1,22,8,C03,120.647854,24.225034,2
2022,1,18,20,13,臺中市,北區,0,1,0,8,3,5,50,14,9,1,5,4,5,7,4,4,10,4,5,2,17,6,2,9,1,1,C03,7,9,1,10,2,14,,6,6,1,22,9,C03,120.685303,24.164938,2
2022,1,18,20,15,臺中市,西區,0,0,0,8,,,60,,,,,,,,,,,,,,,23,,,,,B03,,,1,,1,,,23,23,1,5,,B03,120.660515,24.156943,3
2022,1,18,20,16,臺中市,北區,0,0,0,8,,,40,,,,,,,,,,,,,,,23,,,,,B12,,,1,,2,,,23,23,1,22,,B12,120.69431,24.160286,3
2022,1,18,20,23,臺中市,西區,0,1,0,8,1,5,50,5,1,1,5,4,5,7,2,1,10,5,5,2,16,19,3,10,1,1,B03,7,1,1,8,2,1,,19,19,1,5,5,B03,120.667738,24.130959,2
2022,1,18,20,30,臺中市,大雅區,0,1,0,8,3,5,50,11,8,1,5,4,5,7,4,4,9,4,5,1,17,10,3,10,1,1,B12,7,11,1,8,2,8,,10,10,1,22,9,B12,120.656776,24.240072,2
2022,1,18,20,32,臺中市,北區,0,2,0,8,3,5,50,4,1,1,5,4,5,7,2,1,10,4,5,2,16,6,3,10,1,1,C03,7,5,1,10,2,12,,6,6,1,22,8,C03,120.674176,24.164998,2
2022,1,18,20,39,臺中市,南屯區,0,0,0,8,,,50,,,,,,,,,,,,,,,44,,,,,B03,,,1,,2,,,44,44,1,22,,B03,120.633338,24.150902,3
2022,1,18,20,56,臺中市,北區,0,0,0,8,,,50,,,,,,,,,,,,,,,25,,,,,C03,,,1,,2,,,25,25,1,22,,C03,120.675133,24.155732,3
2022,1,18,20,58,臺中市,北屯區,0,1,0,8,3,5,40,14,8,1,5,4,5,7,4,4,1,4,4,2,29,23,2,9,1,1,C03,7,9,1,10,2,11,,23,23,1,22,8,C03,120.686325,24.187216,2
2022,1,18,21,5,臺中市,南屯區,0,1,0,8,3,5,50,14,9,1,5,4,5,7,4,4,5,4,5,2,12,17,3,10,1,1,C03,7,4,3,18,2,12,,17,17,1,22,9,C03,120.621914,24.140174,2
2022,1,18,21,10,臺中市,西屯區,0,0,0,8,,,50,,,,,,,,,,,,,,,6,,,,,B03,,,1,,1,,,6,6,1,22,,B03,120.644553,24.157958,3
2022,1,18,21,15,臺中市,清水區,0,1,0,8,1,5,50,3,1,1,5,4,5,7,1,1,10,5,5,1,16,26,3,10,3,4,B03,7,11,1,5,2,1,,10,26,1,22,8,B03,120.603372,24.311188,2
2022,1,18,21,20,臺中市,大甲區,0,0,0,8,,,50,,,,,,,,,,,,,,,26,,,,,B03,,,1,,2,,,26,26,1,9,,B03,120.623899,24.345373,3
2022,1,18,21,32,臺中市,北區,0,0,0,8,,,50,,,,,,,,,,,,,,,23,,,,,B03,,,1,,2,,,23,23,1,22,,B03,120.677245,24.151764,3
2022,1,18,21,39,臺中市,南區,0,0,0,,,,50,,,,,,,,,,,,,,,23,,,,,B03,,,1,,2,,,23,23,1,22,,B03,120.652502,24.111516,3
2022,1,18,21,43,臺中市,北屯區,0,1,0,7,3,5,50,14,9,1,5,4,5,7,4,4,1,3,5,2,13,23,3,10,1,1,B12,7,14,1,7,2,3,,42,42,1,21,8,B12,120.698501,24.173238,2
2022,1,18,21,50,臺中市,大雅區,0,1,0,8,3,5,50,14,13,1,5,4,5,7,4,4,4,5,5,1,16,6,3,10,1,1,B03,7,6,1,8,2,2,,6,6,1,22,9,B03,120.672044,24.228799,2
2022,1,18,21,53,臺中市,烏日區,0,0,0,8,,,40,,,,,,,,,,,,,,,25,,,,,B12,,,1,,2,,,25,25,1,21,,B12,120.649245,24.093527,3
2022,1,18,21,57,臺中市,豐原區,0,1,0,8,3,5,50,5,9,1,5,4,5,7,1,1,5,5,5,2,15,25,3,10,3,4,B03,7,9,1,8,2,5,,25,25,1,22,8,B03,120.704478,24.231785,2
2022,1,18,22,2,臺中市,西區,0,2,0,8,3,5,50,5,1,1,5,4,5,7,1,1,10,5,5,2,12,7,2,8,1,1,C03,7,8,1,10,2,13,,7,7,1,18,9,C03,120.669797,24.149014,2
2022,1,18,22,4,臺中市,大雅區,0,1,0,8,3,5,50,3,1,1,5,4,5,7,1,1,10,5,5,2,17,25,2,8,1,1,C03,7,9,2,18,2,11,,25,25,1,22,8,C03,120.644129,24.208085,2
2022,1,18,22,37,臺中市,西屯區,0,0,0,8,,,70,,,,,,,,,,,,,,,23,,,,,B03,,,1,,2,,,23,23,1,22,,B03,120.60351,24.183048,3
2022,1,18,22,48,臺中市,南屯區,0,1,0,8,3,5,50,3,1,1,5,4,5,7,4,4,1,4,5,2,16,42,3,10,1,1,B03,7,6,1,8,2,5,,42,42,1,4,8,B03,120.647118,24.153779,2
2022,1,18,22,58,臺中市,太平區,0,0,0,8,,,50,,,,,,,,,,,,,,,16,,,,,C03,,,1,,2,,,16,16,1,18,,C03,120.720558,24.119183,3
2022,1,18,23,10,臺中市,北屯區,0,3,0,7,3,5,50,4,1,1,5,4,5,7,1,1,10,5,5,2,15,25,2,9,1,1,B03,7,9,1,8,2,5,,25,25,1,21,8,B03,120.679569,24.174028,2
2022,1,18,23,12,臺中市,西屯區,0,1,0,8,1,5,50,4,1,1,5,4,5,7,1,1,8,4,5,1,16,6,3,10,1,4,B03,7,5,1,8,2,1,,6,6,1,4,8,B03,120.651201,24.166899,2
2022,1,18,23,20,臺中市,北屯區,0,2,0,8,1,5,50,3,1,1,5,4,5,7,2,1,10,5,5,2,15,25,2,8,1,1,C03,7,1,1,10,2,13,,25,25,1,10,4,C03,120.665889,24.182788,2
2022,1,19,2,7,臺中市,豐原區,0,1,0,8,3,5,60,11,13,1,5,4,5,7,4,4,1,3,4,1,17,13,2,1,3,4,B03,7,9,1,4,11,1,,13,13,1,22,9,B03,120.733213,24.246641,2
2022,1,19,2,15,臺中市,西區,0,1,0,8,3,5,50,4,1,1,5,4,5,7,3,1,10,5,5,2,15,6,2,9,1,1,C03,7,9,1,10,2,11,,6,6,1,4,5,C03,120.671391,24.152213,2
2022,1,19,2,36,臺中市,北屯區,0,0,0,8,3,5,50,3,1,1,5,4,5,7,4,4,10,5,5,2,23,9,3,10,1,1,B03,7,6,1,8,8,8,,9,9,1,21,8,B03,120.684,24.181634,3
2022,1,19,5,8,臺中市,沙鹿區,0,0,0,8,,,50,,,,,,,,,,,,,,,17,,,,,B03,,,1,,2,,,17,17,1,21,,B03,120.557726,24.236487,3
2022,1,19,6,28,臺中市,石岡區,0,1,0,8,1,5,40,14,8,1,5,4,5,7,4,4,1,4,4,1,14,12,3,10,1,1,B03,7,2,1,8,2,6,,12,12,1,21,8,B03,120.814519,24.26137,2
2022,1,19,6,51,臺中市,西屯區,0,1,0,8,1,5,40,14,8,1,5,4,5,7,4,4,1,5,1,1,18,42,2,9,1,4,C03,7,9,1,10,2,14,,42,42,1,4,8,C03,120.601573,24.182181,2
2022,1,19,7,13,臺中市,南屯區,0,1,0,8,1,5,50,14,9,1,5,4,5,7,4,4,1,4,5,2,12,16,2,9,1,1,C03,7,9,1,10,2,11,,16,16,1,22,8,C03,120.64893,24.14025,2
2022,1,19,7,25,臺中市,豐原區,0,0,0,8,,,30,,,,,,,,,,,,,,,23,,,,,B03,,,1,,2,,,23,23,1,22,,B03,120.70687,24.254026,3
2022,1,19,7,30,臺中市,龍井區,0,1,0,8,1,5,50,14,7,1,5,4,5,7,4,4,5,4,4,2,13,23,2,7,1,1,C03,7,9,3,18,2,11,,23,23,1,12,8,C03,120.532746,24.17714,2
2022,1,19,7,30,臺中市,清水區,0,0,0,8,,,50,,,,,,,,,,,,,,,8,,,,,B03,,,1,,11,,,8,8,2,5,,B03,120.573196,24.263646,3
2022,1,19,7,32,臺中市,豐原區,0,0,0,,,,50,,,,,,,,,,,,,,,42,,,,,A31,,,1,,2,,,42,42,1,10,,A31,120.7031,24.249471,3
2022,1,19,7,35,臺中市,潭子區,0,1,0,8,1,5,50,14,9,1,5,4,5,7,4,4,9,4,4,1,18,23,2,9,1,1,C03,7,9,1,10,2,12,,23,23,1,22,8,C03,120.721921,24.195715,2
2022,1,19,7,37,臺中市,北屯區,0,0,0,8,,,50,,,,,,,,,,,,,,,43,,,,,,,,,,,,,43,43,1,,,,120.69998,24.162354,3
2022,1,19,7,38,臺中市,北屯區,0,0,0,8,,,50,,,,,,,,,,,,,,,6,,,,,B03,,,1,,1,,,6,6,1,4,,B03,120.658141,24.18882,3
2022,1,19,7,40,臺中市,清水區,0,1,0,8,1,5,30,4,1,1,5,4,5,7,4,4,10,5,5,2,15,6,3,10,1,1,B03,7,9,6,8,2,2,,6,6,1,22,8,B03,120.547318,24.29152,2
2022,1,19,7,45,臺中市,西屯區,0,2,0,8,1,5,50,4,9,1,5,4,5,7,1,1,5,5,5,2,13,43,2,8,1,1,C03,7,15,1,10,2,11,,43,43,1,22,8,C03,120.604954,24.171321,2
2022,1,19,7,45,臺中市,龍井區,0,0,0,8,,,50,,,,,,,,,,,,,,,26,,,,,B03,,,1,,2,,,26,26,1,21,,B03,120.545055,24.192579,3
2022,1,19,7,50,臺中市,神岡區,0,1,0,8,1,5,50,3,1,1,5,4,5,7,4,4,5,5,5,1,17,43,2,9,1,1,C03,7,9,1,10,2,12,,42,43,1,21,8,C03,120.681625,24.242278,2
2022,1,19,7,51,臺中市,西區,0,2,0,8,1,5,50,3,1,1,5,4,5,7,2,1,10,5,5,2,16,7,2,9,1,1,C03,7,8,1,10,2,12,,7,7,1,5,5,C03,120.665257,24.145546,2
2022,1,19,7,54,臺中市,太平區,0,2,0,8,1,5,50,4,1,1,5,4,5,7,1,1,10,5,5,2,15,25,2,9,1,1,C03,7,1,1,10,2,14,,25,25,1,3,8,C03,120.716231,24.11882,2
2022,1,19,7,55,臺中市,北屯區,0,2,0,8,1,5,30,3,1,1,5,4,5,7,4,4,10,5,5,2,16,6,2,8,1,1,C03,7,5,1,10,2,14,,6,6,1,21,8,C03,120.66918,24.179255,2
2022,1,19,7,56,臺中市,南屯區,0,0,0,8,1,5,50,4,1,1,5,4,5,7,4,4,10,5,5,2,17,23,3,10,1,1,B03,7,6,1,8,1,6,,23,23,1,22,8,B03,120.65209,24.138887,3
2022,1,19,7,57,臺中市,北屯區,0,2,0,8,1,5,50,4,1,1,5,4,5,7,2,1,10,5,5,2,16,8,2,7,1,1,C03,7,5,1,10,2,12,,8,8,1,5,8,C03,120.686886,24.16707,2
2022,1,19,7,58,臺中市,北屯區,0,2,0,8,1,5,50,14,7,1,5,4,5,7,4,4,5,5,4,2,16,4,2,9,1,1,C03,7,9,1,10,2,11,,4,4,1,22,8,C03,120.662394,24.18957,2
2022,1,19,8,0,臺中市,東區,0,1,0,8,1,5,50,3,1,1,5,4,5,7,1,1,10,5,5,2,12,23,3,10,1,1,B03,7,9,1,8,2,2,,23,23,1,22,8,B03,120.696196,24.140548,2
2022,1,19,8,0,臺中市,大甲區,0,1,0,2,1,5,60,14,13,1,5,4,5,7,4,4,5,4,5,1,13,23,2,9,1,4,C03,7,9,1,10,2,11,,23,23,1,9,8,C03,120.609873,24.400834,2
2022,1,19,8,4,臺中市,北屯區,0,1,0,8,1,5,50,14,7,1,5,4,5,7,4,4,1,3,4,2,12,6,3,10,1,1,B03,7,6,1,8,2,5,,6,6,1,22,8,B03,120.71336,24.182238,2
2022,1,19,8,7,臺中市,豐原區,0,1,0,8,1,5,50,4,1,1,5,4,5,7,4,4,10,5,5,2,17,6,3,10,3,4,B03,7,5,1,8,2,1,,6,6,1,22,9,B03,120.732321,24.251713,2
2022,1,19,8,11,臺中市,沙鹿區,0,0,0,8,,,50,,,,,,,,,,,,,,,9,,,,,B03,,,1,,2,,,9,9,1,4,,B03,120.573346,24.219278,3
2022,1,19,8,12,臺中市,北屯區,0,1,0,8,1,5,50,3,1,1,5,4,5,7,4,4,3,4,5,2,12,6,2,9,1,1,C03,7,6,1,10,2,12,,6,6,1,22,8,C03,120.697407,24.169677,2
2022,1,19,8,13,臺中市,北屯區,0,1,0,8,1,5,50,4,2,1,5,4,5,7,1,1,5,5,4,2,13,23,3,10,1,1,B03,7,9,1,8,2,1,,23,23,1,21,8,B03,120.724553,24.1707,2
2022,1,19,8,14,臺中市,西區,0,1,0,8,1,5,50,4,1,1,5,4,5,7,4,4,10,5,5,2,15,6,2,9,1,1,C03,7,9,1,10,2,12,,14,6,1,4,1,C03,120.668198,24.149549,2
2022,1,19,8,16,臺中市,太平區,0,1,0,8,1,5,50,3,1,1,5,4,5,7,1,1,10,5,5,2,16,9,3,10,1,1,B03,7,6,1,8,2,5,,9,9,1,22,8,B03,120.728081,24.150023,2
2022,1,19,8,20,臺中市,西區,0,0,0,8,,,50,,,,,,,,,,,,,,,7,,,,,B01,,,1,,1,,,7,7,1,21,,B01,120.662322,24.155664,3
2022,1,19,8,30,臺中市,沙鹿區,0,2,0,8,1,5,50,4,1,1,5,4,5,7,1,1,10,5,5,2,17,26,2,9,1,1,C03,7,4,1,10,2,12,,26,26,1,21,8,C03,120.55384,24.231073,2
2022,1,19,8,30,臺中市,豐原區,0,0,0,8,,,30,,,,,,,,,,,,,,,43,,,,,B03,,,1,,2,,,43,43,1,21,,B03,120.732102,24.240388,4
2022,1,19,8,31,臺中市,北區,0,0,0,8,1,5,30,13,9,1,5,4,5,7,4,4,10,5,5,2,12,19,,,,,F03,,,8,,1,,,19,19,1,22,,F03,120.68825,24.157075,3
2022,1,19,8,33,臺中市,北區,0,1,0,8,1,5,40,4,1,1,5,4,5,7,1,1,5,5,4,2,15,25,3,10,1,1,C03,7,9,1,10,2,13,,25,25,1,5,8,C03,120.675464,24.155732,2
2022,1,19,8,33,臺中市,烏日區,0,1,0,8,1,5,50,3,1,1,5,4,5,3,4,4,5,5,4,2,16,14,3,10,1,1,C03,7,5,1,10,2,11,12,14,14,1,22,8,C03,120.625943,24.10324,2
2022,1,19,8,35,臺中市,后里區,0,0,0,8,,,60,,,,,,,,,,,,,,,7,,,,,B12,,,1,,2,,,7,7,1,22,,B12,120.723787,24.296445,3
2022,1,19,8,39,臺中市,豐原區,0,0,0,8,1,2,60,14,9,1,5,4,5,7,1,1,1,3,5,1,12,7,3,10,1,1,A12,7,8,1,3,2,5,,7,7,1,4,9,A12,120.736427,24.259875,3
2022,1,19,8,40,臺中市,南屯區,0,2,0,8,1,5,50,3,1,1,5,4,5,7,4,4,10,5,5,2,16,6,2,9,1,1,C03,7,5,1,10,2,14,,6,6,1,22,9,C03,120.654444,24.138888,2
2022,1,19,8,42,臺中市,西區,0,0,0,8,,,50,,,,,,,,,,,,,,,23,,,,,B03,,,1,,2,,,23,23,1,21,,B03,120.664146,24.139977,3
2022,1,19,8,43,臺中市,南屯區,0,1,0,8,1,5,50,5,1,1,5,4,5,7,2,1,4,3,5,2,12,23,3,10,1,1,B03,7,6,1,8,2,2,,23,23,1,22,8,B03,120.633181,24.1244,2
2022,1,19,8,47,臺中市,沙鹿區,0,1,0,8,1,5,50,4,1,1,5,4,5,7,4,4,10,5,5,2,15,6,2,9,1,1,C03,7,9,1,10,2,12,,6,6,1,19,8,C03,120.561156,24.238817,2
2022,1,19,8,49,臺中市,北區,0,0,0,8,,,50,,,,,,,,,,,,,,,26,,,,,B03,,,1,,2,,,26,26,1,22,,B03,120.682365,24.163041,3
2022,1,19,8,59,臺中市,西區,0,1,0,8,1,5,50,3,1,1,5,4,5,7,1,1,10,5,5,2,17,6,3,10,1,1,B03,7,6,1,8,2,2,,6,6,1,2,5,B03,120.66347,24.150862,2
2022,1,19,8,59,臺中市,北屯區,0,1,0,8,1,5,50,14,8,1,5,4,5,7,4,4,1,3,4,2,13,7,2,9,1,1,C03,7,8,1,10,2,11,,7,7,1,22,8,C03,120.666092,24.18241,2
2022,1,19,8,59,臺中市,大里區,0,0,0,8,,,50,,,,,,,,,,,,,,,6,,,,,C03,,,3,,2,,,6,6,1,22,,C03,120.70135,24.11072,3
2022,1,19,9,10,臺中市,豐原區,0,0,0,8,,,25,,,,,,,,,,,,,,,23,,,,,A12,,,1,,2,,,23,23,1,22,,A12,120.738502,24.271691,3
2022,1,19,9,13,臺中市,南屯區,0,0,0,,,,50,,,,,,,,,,,,,,,12,,,,,B03,,,1,,2,,,12,12,1,22,,B03,120.613924,24.145592,3
2022,1,19,9,15,臺中市,新社區,0,0,0,8,,,50,,,,,,,,,,,,,,,42,,,,,B02,,,1,,2,,,42,42,1,22,,B02,120.783745,24.226311,3
2022,1,19,9,28,臺中市,豐原區,0,0,0,8,,,50,,,,,,,,,,,,,,,12,,,,,B03,,,1,,2,,,12,12,1,22,,B03,120.705666,24.252814,3
2022,1,19,9,42,臺中市,太平區,0,0,0,,,,50,,,,,,,,,,,,,,,23,,,,,B12,,,1,,2,2,,23,23,1,22,,B12,120.722144,24.120937,3