年,月,日,時,分,縣市,區,死,受傷,2-30,天候,光線,道路類別,速限,道路型態,事故位置,路面鋪裝,路面狀態,路面缺陷,障礙物,視距,號誌種類,號誌動作,分向設施,快車道或一般車道間,快慢車道間,路面邊線,事故類型及型態,主要肇因,受傷程度,主要傷處,保護裝備,行動電話,當事者區分,車輛用途,當事者行動狀態,駕駛資格情形,駕駛執照種類,飲酒情形,車輛撞擊部位最初,車輛撞擊部位其他,肇事因素個別,肇事因素主要,肇事逃逸,職業,旅次目的,車種,GPS緯度,GPS經度,事故類別
2022,1,19,9,47,臺中市,豐原區,0,0,0,8,,,30,,,,,,,,,,,,,,,17,,,,,A21,,,1,,1,,,17,17,1,10,,A21,120.714165,24.236554,3
2022,1,19,9,51,臺中市,北屯區,0,1,0,8,1,5,50,14,9,1,5,4,5,7,4,4,5,4,5,2,16,26,3,10,1,1,B12,7,11,1,8,2,4,,26,26,1,22,8,B12,120.676306,24.196016,2
2022,1,19,9,59,臺中市,北區,0,2,0,8,1,5,40,14,8,1,5,4,5,7,4,4,1,4,5,2,13,23,3,10,1,1,C03,7,9,1,10,2,11,,23,23,1,5,8,C03,120.6646,24.162733,2
2022,1,19,10,0,臺中市,南屯區,0,0,0,8,,,50,,,,,,,,,,,,,,,23,,,,,B03,,,1,,2,,,23,23,1,22,,B03,120.64885,24.153533,3
2022,1,19,10,0,臺中市,太平區,0,2,0,8,1,5,50,3,1,1,5,4,5,7,3,1,10,5,5,2,17,42,2,8,1,1,C03,7,15,3,18,2,11,,42,42,1,19,8,C03,120.718814,24.126804,2
2022,1,19,10,13,臺中市,后里區,0,3,0,8,1,5,50,5,1,1,5,4,5,7,3,1,9,5,5,1,16,6,2,9,1,1,B03,7,9,1,8,2,1,,6,6,1,21,9,B03,120.71026,24.316481,2
2022,1,19,10,14,臺中市,西區,0,0,0,8,1,5,60,4,1,1,5,4,5,7,1,1,10,5,5,2,17,7,,,,,B12,,,1,,2,,,7,7,1,4,,B12,120.662609,24.155678,3
2022,1,19,10,19,臺中市,神岡區,0,0,0,8,,,30,,,,,,,,,,,,,,,6,,,,,A12,,,1,,1,,,6,6,1,10,,A12,120.655443,24.25889,3
2022,1,19,10,20,臺中市,西區,0,0,0,8,,,50,,,,,,,,,,,,,,,6,,,,,B03,,,1,,2,,,6,6,1,21,,B03,120.670255,24.146337,3
2022,1,19,10,25,臺中市,西區,0,0,0,8,,,50,,,,,,,,,,,,,,,7,,,,,B03,,,1,,1,,,7,7,1,21,,B03,120.66103,24.159069,3
2022,1,19,10,33,臺中市,豐原區,0,0,0,8,,,50,,,,,,,,,,,,,,,23,,,,,C03,,,1,,2,,,23,23,1,22,,C03,120.718574,24.251136,3
2022,1,19,10,40,臺中市,梧棲區,0,1,0,8,1,5,50,4,1,1,5,4,5,7,1,1,10,5,5,2,13,25,3,10,1,1,B03,7,9,1,8,2,1,,25,25,1,22,8,B03,120.533076,24.260114,2
2022,1,19,10,44,臺中市,豐原區,0,1,0,8,1,5,50,14,8,1,5,4,5,7,4,4,1,4,4,1,17,19,2,9,3,4,C03,7,1,1,10,2,14,,19,19,1,22,9,C03,120.702118,24.237773,2
2022,1,19,10,50,臺中市,潭子區,0,0,0,8,1,5,50,3,2,1,5,4,5,7,1,1,1,3,4,1,17,23,3,10,1,1,B03,7,9,1,8,2,5,,23,23,1,22,8,B03,120.704597,24.204588,3
2022,1,19,10,52,臺中市,太平區,0,1,0,8,1,5,50,4,13,1,5,4,5,7,1,1,10,5,5,2,16,6,2,9,1,1,C03,7,5,1,10,2,11,,6,6,1,3,8,C03,120.716231,24.11882,2
2022,1,19,10,56,臺中市,北區,0,2,0,8,1,5,30,4,1,1,5,4,5,7,4,4,10,5,5,2,15,6,2,9,1,1,C03,7,9,1,10,2,11,,6,6,1,5,8,C03,120.697344,24.160319,2
2022,1,19,11,1,臺中市,大雅區,0,1,0,8,1,5,50,4,1,1,5,4,5,7,1,1,9,4,5,1,17,6,3,10,1,1,B12,7,6,1,8,2,5,,6,6,1,22,9,B12,120.657076,24.240631,2
2022,1,19,11,12,臺中市,中區,0,1,0,8,1,5,50,4,1,1,5,4,5,7,2,1,10,5,5,2,16,26,3,10,1,1,B03,7,6,1,8,1,6,,26,26,1,5,5,B03,120.674312,24.14279,2
2022,1,19,11,20,臺中市,西區,0,0,0,8,,,30,,,,,,,,,,,,,,,23,,,,,C03,,,1,,1,,,23,23,1,5,,C03,120.662173,24.151847,3
2022,1,19,11,20,臺中市,西區,0,0,0,8,,,50,,,,,,,,,,,,,,,23,,,,,C03,,,1,,2,,,23,23,1,5,,C03,120.663478,24.156923,3
2022,1,19,11,20,臺中市,大甲區,0,2,0,8,1,5,50,4,1,1,5,4,5,7,4,4,10,5,5,2,15,6,2,9,1,1,C04,7,9,3,18,2,11,,6,6,1,19,8,C04,120.618758,24.350165,2
2022,1,19,11,30,臺中市,大里區,0,0,0,8,,,50,,,,,,,,,,,,,,,12,,,,,B12,,,1,,2,,,12,12,1,22,,B12,120.674916,24.097781,3
2022,1,19,11,32,臺中市,豐原區,0,0,0,8,,,50,,,,,,,,,,,,,,,23,,,,,B03,,,1,,2,,,23,23,1,22,,B03,120.753082,24.272452,3
2022,1,19,11,34,臺中市,北屯區,0,1,0,8,1,5,50,14,7,1,5,4,5,7,4,4,5,4,4,2,12,23,2,9,1,1,C03,7,9,1,10,2,14,,23,23,1,4,8,C03,120.700076,24.160396,2
2022,1,19,11,34,臺中市,梧棲區,0,0,0,8,,,50,,,,,,,,,,,,,,,12,,,,,B03,,,1,,2,,,12,12,1,21,,B03,120.543548,24.243343,3
2022,1,19,11,38,臺中市,大雅區,0,1,0,8,1,5,30,14,9,1,5,4,5,7,4,4,10,5,5,1,17,43,3,10,1,1,C03,7,9,1,10,2,11,,43,43,1,22,9,C03,120.636305,24.238749,2
2022,1,19,11,40,臺中市,西區,0,3,0,8,1,5,50,14,9,1,5,4,5,7,4,4,5,4,5,2,17,42,3,10,1,1,C03,7,6,1,10,2,15,,42,42,1,21,8,C03,120.662773,24.146776,2
2022,1,19,11,41,臺中市,龍井區,0,1,0,8,1,5,70,5,1,1,5,4,5,7,1,1,10,5,5,2,20,23,2,1,3,4,B03,7,9,1,1,8,1,,23,23,1,10,8,B03,120.536028,24.19411,2
2022,1,19,11,50,臺中市,大雅區,0,2,0,8,1,5,50,14,1,1,5,4,5,7,1,1,5,5,5,1,13,43,2,9,1,1,C03,7,9,1,10,2,11,,43,43,1,21,8,C03,120.673604,24.227977,2
2022,1,19,11,50,臺中市,南屯區,0,0,0,8,,,50,,,,,,,,,,,,,,,23,,,,,A05,,,1,,2,,,23,23,1,22,,A05,120.648888,24.148888,3
2022,1,19,11,51,臺中市,北屯區,0,1,0,8,1,5,30,14,9,1,5,4,5,7,4,4,10,5,5,2,10,5,3,10,1,1,C03,7,9,1,10,2,11,,5,5,1,21,8,C03,120.698176,24.169449,2
2022,1,19,11,54,臺中市,豐原區,0,1,0,8,1,5,60,3,1,1,5,4,5,7,4,4,1,4,5,2,16,6,3,10,3,4,B03,7,6,1,7,2,2,,6,6,1,22,8,B03,120.713013,24.260633,2
2022,1,19,11,55,臺中市,大甲區,0,0,0,8,,,50,,,,,,,,,,,,,,,12,,,,,B12,,,1,,2,,,12,12,1,22,,B12,120.628749,24.352547,3
2022,1,19,12,0,臺中市,豐原區,0,0,0,8,,,50,,,,,,,,,,,,,,,12,,,,,B03,,,1,,2,,,12,12,1,22,,B03,120.711216,24.238634,3
2022,1,19,12,3,臺中市,沙鹿區,0,2,0,8,1,5,30,14,9,1,5,4,5,7,4,4,10,5,5,2,17,42,2,7,1,1,C03,7,15,1,10,2,14,,42,42,1,18,2,C03,120.578762,24.224633,2
2022,1,19,12,8,臺中市,南屯區,0,0,0,8,,,50,,,,,,,,,,,,,,,6,,,,,B03,,,1,,2,,,6,6,1,22,,B03,120.649881,24.15337,3
2022,1,19,12,9,臺中市,北區,0,1,0,8,1,5,50,4,4,1,5,4,5,7,1,1,1,4,1,2,13,23,2,8,1,1,C03,7,9,1,10,2,11,,23,23,1,5,8,C03,120.664459,24.15465,2
2022,1,19,12,14,臺中市,北區,0,2,0,8,1,5,50,4,1,1,5,4,5,7,2,1,10,5,5,2,15,42,2,9,1,1,C03,7,9,1,10,2,15,,42,42,1,22,8,C03,120.668391,24.156216,2
2022,1,19,12,19,臺中市,北屯區,0,1,0,8,1,5,50,4,1,1,5,4,5,7,1,1,4,1,5,2,16,9,3,10,1,1,B03,7,6,1,8,2,5,,9,9,1,22,8,B03,120.659022,24.187094,2
2022,1,19,12,23,臺中市,北屯區,0,0,0,8,,,50,,,,,,,,,,,,,,,16,,,,,C03,,,1,,1,,,16,16,1,22,,C03,120.673799,24.181682,3
2022,1,19,12,23,臺中市,豐原區,0,0,0,8,,,50,,,,,,,,,,,,,,,23,,,,,B03,,,1,,2,,,23,23,1,22,,B03,120.710036,24.250436,3
2022,1,19,12,24,臺中市,東區,0,2,0,8,1,5,50,4,1,1,5,4,5,7,4,4,10,5,5,2,15,6,2,9,1,1,C03,7,9,1,10,2,12,,6,6,1,21,8,C03,120.691001,24.140726,2
2022,1,19,12,25,臺中市,沙鹿區,0,0,0,8,,,60,,,,,,,,,,,,,,,23,,,,,B03,,,1,,2,,,23,23,1,21,,B03,120.56781,24.203418,3
2022,1,19,12,26,臺中市,南屯區,0,0,0,,,,50,,,,,,,,,,,,,,,23,,,,,B03,,,1,,2,,,23,23,1,4,,B03,120.653059,24.137737,3
2022,1,19,12,30,臺中市,清水區,0,0,0,8,,,30,,,,,,,,,,,,,,,10,,,,,B12,,,1,,2,,,10,10,1,22,,B12,120.57912,24.299341,4
2022,1,19,12,35,臺中市,北屯區,0,1,0,8,1,5,50,14,7,1,5,4,5,7,4,4,5,4,4,2,18,23,2,9,1,1,C03,7,9,1,10,2,12,,23,23,1,21,8,C03,120.733611,24.170757,2
2022,1,19,12,36,臺中市,西區,0,1,0,8,1,5,50,4,1,1,5,4,5,7,2,1,10,5,5,2,13,23,3,10,1,1,B03,7,6,1,8,2,5,,23,23,1,21,8,B03,120.657262,24.140026,2
2022,1,19,12,44,臺中市,北屯區,0,1,0,8,1,5,50,4,1,1,5,4,5,7,4,4,10,5,5,2,16,14,2,9,1,1,C03,7,9,1,10,2,11,,6,6,1,22,8,C03,120.688413,24.165924,2
2022,1,19,12,46,臺中市,大甲區,0,0,0,8,,,50,,,,,,,,,,,,,,,6,,,,,B03,,,1,,2,,,6,6,1,9,,B03,120.619931,24.347007,3
2022,1,19,12,48,臺中市,北區,0,0,0,8,,,50,,,,,,,,,,,,,,,17,,,,,B03,,,1,,2,,,17,17,1,22,,B03,120.694326,24.155623,3
2022,1,19,12,55,臺中市,大里區,0,2,0,8,1,5,50,3,2,1,5,4,5,7,3,1,5,4,4,1,16,42,2,8,3,4,C03,7,5,2,18,2,14,,42,42,1,22,9,C03,120.687102,24.115308,2
2022,1,19,13,2,臺中市,霧峰區,0,3,0,8,1,5,60,14,5,1,5,4,5,7,4,4,10,5,5,2,16,19,2,9,1,1,C03,7,1,1,17,2,14,,19,19,1,22,8,C03,120.693003,24.038723,2
2022,1,19,13,5,臺中市,潭子區,0,0,0,8,,,50,,,,,,,,,,,,,,,23,,,,,B02,,,1,,2,,,23,23,1,22,,B02,120.704716,24.20104,3
2022,1,19,13,14,臺中市,太平區,0,0,0,8,,,80,,,,,,,,,,,,,,,42,,,,,A12,,,1,,2,,,42,42,1,21,,A12,120.717152,24.155462,3
2022,1,19,13,15,臺中市,東區,0,2,0,8,1,5,50,4,1,1,5,4,5,7,1,1,10,5,5,2,13,16,2,8,1,1,C03,7,9,1,10,2,11,,16,16,1,22,8,C03,120.699346,24.147936,2
2022,1,19,13,15,臺中市,南屯區,0,1,0,8,1,5,30,3,1,1,5,4,5,7,4,4,10,5,5,2,16,19,3,10,1,1,B12,7,1,1,4,2,5,,19,19,1,22,8,B12,120.62171,24.13602,2
2022,1,19,13,15,臺中市,南屯區,0,0,0,8,,,50,,,,,,,,,,,,,,,12,,,,,B03,,,1,,1,,,12,12,1,22,,B03,120.631388,24.144166,3
2022,1,19,13,30,臺中市,西區,0,2,0,8,1,5,40,4,1,1,5,4,5,7,4,4,10,5,5,2,15,6,2,9,1,1,C03,7,9,1,10,2,12,,6,6,1,5,5,C03,120.656937,24.154764,2
2022,1,19,13,49,臺中市,梧棲區,0,2,0,8,1,5,50,14,9,1,5,4,3,7,4,4,8,3,4,1,13,23,2,1,1,1,C03,7,9,1,10,2,11,14,23,23,1,21,8,C03,120.54626,24.240114,2
2022,1,19,13,50,臺中市,后里區,0,0,0,8,,,50,,,,,,,,,,,,,,,23,,,,,B03,,,1,,7,,,23,23,1,5,,B03,120.711053,24.304791,3
2022,1,19,13,50,臺中市,大甲區,0,1,0,8,1,5,70,4,2,1,5,4,5,7,1,1,1,4,4,1,16,26,3,10,1,1,B12,7,7,1,8,2,4,,44,26,1,22,9,B12,120.648907,24.377111,2
2022,1,19,13,51,臺中市,北區,0,0,0,8,1,5,50,4,1,1,5,4,5,7,2,1,10,5,5,2,12,7,,,,,B03,,,1,,2,,,7,7,1,22,,B03,120.685395,24.152786,3
2022,1,19,14,5,臺中市,北區,0,0,0,,,,50,,,,,,,,,,,,,,,16,,,,,C03,,,1,,2,,,16,16,1,5,,C03,120.685518,24.152735,3
2022,1,19,14,8,臺中市,北區,0,0,0,8,,,50,,,,,,,,,,,,,,,23,,,,,B03,,,1,,2,,,23,23,1,22,,B03,120.686898,24.155373,3
2022,1,19,14,13,臺中市,南屯區,0,1,0,8,1,5,50,3,1,1,5,4,5,7,4,4,1,3,5,2,12,9,3,10,1,1,B03,7,6,1,8,2,2,,9,9,1,22,8,B03,120.62191,24.135961,2
2022,1,19,14,15,臺中市,南屯區,0,0,0,8,,,50,,,,,,,,,,,,,,,23,,,,,B03,,,1,,1,,,23,23,1,22,,B03,120.650639,24.148829,3
2022,1,19,14,31,臺中市,梧棲區,0,1,0,8,1,5,50,3,2,1,5,4,5,7,1,1,8,3,4,1,13,23,3,10,1,1,B03,7,9,1,8,2,1,,23,23,1,21,8,B03,120.520245,24.244339,2
2022,1,19,14,33,臺中市,西屯區,0,2,0,8,1,5,50,3,1,1,5,4,5,7,4,4,10,5,5,2,16,6,2,9,1,1,C03,7,5,1,10,2,14,,6,6,1,11,8,C03,120.653412,24.16615,2
2022,1,19,14,33,臺中市,太平區,0,0,0,8,,,40,,,,,,,,,,,,,,,12,,,,,B12,,,1,,2,,,12,12,1,9,,B12,120.702281,24.147968,3
2022,1,19,14,34,臺中市,西屯區,0,1,0,8,1,5,50,14,9,1,5,4,5,7,4,4,1,4,5,2,18,42,2,9,1,1,C03,7,9,6,18,8,12,,42,42,1,22,8,C03,120.656214,24.193668,2
2022,1,19,14,35,臺中市,豐原區,0,1,0,8,1,5,30,14,9,1,5,4,5,7,4,4,10,5,5,2,11,5,2,9,3,4,C03,7,9,3,18,2,11,,5,5,1,22,8,C03,120.717316,24.237802,2
2022,1,19,14,36,臺中市,大安區,0,1,0,8,1,5,30,4,1,1,5,4,5,7,3,1,10,5,5,2,15,6,3,10,1,1,B03,7,9,3,18,2,2,,6,6,1,22,9,B03,120.602753,24.376933,2
2022,1,19,14,38,臺中市,南屯區,0,0,0,,,,50,,,,,,,,,,,,,,,19,,,,,B03,,,6,,2,,,19,19,1,4,,B03,120.638314,24.142486,3
2022,1,19,14,44,臺中市,北區,0,0,0,8,,,50,,,,,,,,,,,,,,,16,,,,,B12,,,1,,1,,,16,16,1,22,,B12,120.678476,24.163196,3
2022,1,19,14,49,臺中市,豐原區,0,0,0,8,,,50,,,,,,,,,,,,,,,23,,,,,B03,,,1,,2,,,23,23,1,22,,B03,120.706061,24.242623,3
2022,1,19,14,52,臺中市,西區,0,1,0,8,1,5,50,4,1,1,5,4,5,7,1,1,10,5,5,2,17,6,3,10,1,1,B03,7,6,1,8,2,2,,6,6,1,4,6,B03,120.667738,24.130959,2
2022,1,19,14,57,臺中市,大雅區,0,1,0,8,1,5,50,3,1,1,5,4,5,7,4,4,9,4,4,1,17,1,2,9,1,1,C03,7,4,1,10,2,12,,1,1,1,22,9,C03,120.647454,24.226446,2
2022,1,19,15,0,臺中市,潭子區,0,0,0,8,,,50,,,,,,,,,,,,,,,23,,,,,,,,,,,,,23,23,1,,,,120.689975,24.21137,3
2022,1,19,15,0,臺中市,神岡區,0,1,0,8,1,5,,14,9,1,5,4,5,7,4,4,7,5,5,1,29,65,,,,,,,,,,,,,65,65,1,,,,120.682101,24.259575,2
2022,1,19,15,1,臺中市,神岡區,0,0,0,8,,,30,,,,,,,,,,,,,,,17,,,,,B12,,,1,,2,,,17,17,1,22,,B12,120.693227,24.236864,3
2022,1,19,15,9,臺中市,南屯區,0,0,0,,,,50,,,,,,,,,,,,,,,23,,,,,B03,,,1,,9,,,23,23,1,22,,B03,120.623497,24.149515,3
2022,1,19,15,10,臺中市,西屯區,0,0,0,8,,,50,,,,,,,,,,,,,,,43,,,,,,,,,,,,,43,43,1,,,,120.611317,24.192017,3
2022,1,19,15,11,臺中市,神岡區,0,0,0,8,,,30,,,,,,,,,,,,,,,17,,,,,B03,,,1,,2,,,17,17,1,22,,B03,120.695491,24.245229,3
2022,1,19,15,12,臺中市,太平區,0,1,0,8,1,5,50,3,2,1,5,4,5,7,4,4,5,4,4,2,16,23,2,9,1,1,C04,7,5,1,10,2,14,,23,23,1,22,8,C04,120.711638,24.140994,2
2022,1,19,15,17,臺中市,中區,0,0,0,8,,,50,,,,,,,,,,,,,,,42,,,,,B03,,,1,,1,,,42,42,1,21,,B03,120.677263,24.140206,3
2022,1,19,15,19,臺中市,北區,0,1,0,8,1,5,50,4,1,1,5,4,5,7,2,1,3,4,5,2,16,26,3,10,1,1,B03,7,6,1,8,2,2,,26,26,1,22,8,B03,120.664181,24.162201,2
2022,1,19,15,20,臺中市,大甲區,0,1,0,8,1,5,50,14,9,1,5,4,5,7,4,4,5,5,5,1,16,19,3,10,1,1,B03,7,1,1,8,2,4,,19,19,1,19,8,B03,120.624437,24.345198,2
2022,1,19,15,21,臺中市,大里區,0,1,0,8,1,5,30,4,2,1,5,4,5,7,4,4,10,5,5,2,16,6,2,9,1,1,C03,7,5,1,10,2,12,,6,6,1,4,8,C03,120.702785,24.09413,2
2022,1,19,15,22,臺中市,西屯區,0,2,0,8,1,5,50,14,9,1,5,4,5,7,4,4,5,5,5,2,13,43,2,8,1,1,C03,7,9,1,10,1,11,,43,43,1,22,8,C03,120.642678,24.17715,2
2022,1,19,15,28,臺中市,北屯區,0,1,0,8,1,5,50,4,1,1,5,4,5,7,1,1,10,5,5,2,16,43,3,10,3,4,B03,7,9,1,8,2,8,,43,43,1,21,8,B03,120.676883,24.185773,2
2022,1,19,15,30,臺中市,神岡區,0,2,0,8,1,5,50,4,1,1,5,4,5,7,1,1,5,4,4,1,16,6,2,8,1,1,C03,7,5,1,10,2,11,,6,6,1,21,8,C03,120.667995,24.257568,2
2022,1,19,15,31,臺中市,北屯區,0,0,0,8,,,50,,,,,,,,,,,,,,,23,,,,,B03,,,1,,1,,,23,23,1,22,,B03,120.720815,24.181983,3
2022,1,19,15,34,臺中市,北區,0,1,0,8,1,5,50,4,1,1,5,4,5,7,2,1,5,5,5,2,3,15,3,10,1,1,B03,7,5,1,8,2,5,,15,15,1,22,8,B03,120.682285,24.154668,2
2022,1,19,15,35,臺中市,大里區,0,1,0,8,1,5,50,14,9,1,5,4,5,7,1,1,3,4,4,1,17,23,3,10,1,1,B03,7,9,1,8,2,1,,23,23,1,22,8,B03,120.681458,24.104876,2
2022,1,19,15,37,臺中市,北區,0,0,0,8,,,40,,,,,,,,,,,,,,,23,,,,,B03,,,1,,2,,,23,23,1,22,,B03,120.663487,24.163021,3
2022,1,19,15,40,臺中市,沙鹿區,0,2,0,8,1,5,30,4,1,1,5,4,5,7,4,4,10,5,5,2,15,6,2,9,1,1,C03,7,9,1,10,2,14,,6,6,1,22,9,C03,120.569526,24.230316,2
2022,1,19,15,50,臺中市,西區,0,1,0,8,1,5,50,14,9,1,5,4,5,7,4,4,5,4,5,2,17,6,2,9,1,1,C03,7,7,1,10,2,14,,6,6,1,18,7,C03,120.663539,24.146475,2
2022,1,19,15,50,臺中市,大甲區,0,0,0,8,1,5,40,14,9,1,5,4,5,7,4,4,8,3,5,2,17,23,3,10,1,1,B03,7,15,1,8,1,5,,23,23,1,5,8,B03,120.625643,24.346331,3
2022,1,19,15,53,臺中市,大里區,0,0,0,8,,,50,,,,,,,,,,,,,,,8,,,,,A11,,,1,,2,,,8,8,1,4,,A11,120.694117,24.09356,3
2022,1,19,15,58,臺中市,北屯區,0,1,0,8,1,5,40,14,7,1,5,4,5,7,4,4,1,4,4,2,12,7,2,8,3,4,C03,7,7,1,10,2,14,,7,7,1,21,8,C03,120.685848,24.178551,2
2022,1,19,16,0,臺中市,西區,0,2,0,8,1,5,50,3,1,1,5,4,5,7,2,1,10,5,5,2,16,10,2,9,1,1,C03,7,11,1,10,2,12,,10,10,1,5,5,C03,120.665377,24.143231,2
2022,1,19,16,0,臺中市,豐原區,0,0,0,8,,,50,,,,,,,,,,,,,,,44,,,,,B03,,,1,,2,,,44,44,1,22,,B03,120.710535,24.250058,3
2022,1,19,16,7,臺中市,清水區,0,0,0,8,1,5,50,14,8,1,5,4,5,7,1,1,1,4,4,2,16,23,3,10,1,1,B03,7,9,1,8,1,1,,23,23,2,4,1,B03,120.57558,24.269899,3
2022,1,19,16,8,臺中市,北屯區,0,1,0,8,1,5,50,4,1,1,5,4,5,7,4,4,10,5,5,2,16,6,2,9,1,1,F01,7,9,8,20,2,16,,6,6,1,21,8,F01,120.716594,24.167261,2
2022,1,19,16,8,臺中市,梧棲區,0,0,0,8,,,40,,,,,,,,,,,,,,,6,,,,,B03,,,1,,2,,,6,6,1,21,,B03,120.546577,24.246142,3
2022,1,19,16,17,臺中市,西屯區,0,1,0,8,1,5,50,4,1,1,5,4,5,7,1,1,5,4,5,2,17,26,2,9,3,4,C03,7,5,1,10,2,14,,26,26,1,22,8,C03,120.64062,24.162178,2
2022,1,19,16,18,臺中市,北區,0,0,0,8,,,50,,,,,,,,,,,,,,,10,,,,,B02,,,1,,2,,,10,10,1,22,,B02,120.681031,24.153451,3
2022,1,19,16,21,臺中市,清水區,0,0,0,8,1,5,50,14,8,1,5,4,5,7,1,1,1,4,4,2,16,6,3,10,1,1,B03,7,6,1,8,2,5,,6,6,1,5,1,B03,120.574757,24.266838,3
2022,1,19,16,27,臺中市,北區,0,1,0,8,1,5,50,3,1,1,4,4,5,7,2,1,5,4,5,2,13,16,2,8,1,1,C03,7,9,1,10,2,11,,16,16,1,22,8,C03,120.668118,24.16695,2
2022,1,19,16,27,臺中市,南屯區,0,1,0,8,1,5,50,14,9,5,5,4,5,7,4,4,9,4,5,2,18,43,2,9,1,4,C03,7,9,1,10,2,4,,43,43,1,22,8,C03,120.616978,24.139266,2
2022,1,19,16,30,臺中市,東區,0,1,0,8,2,5,50,4,1,1,5,4,5,7,1,1,10,5,5,2,17,44,2,9,1,1,C03,7,9,1,10,2,11,,44,44,1,22,8,C03,120.693655,24.139088,2
2022,1,19,16,33,臺中市,豐原區,0,1,0,8,1,5,50,4,1,1,5,4,5,7,1,1,1,1,4,2,15,25,3,10,1,1,B03,7,5,1,8,2,14,,44,44,1,4,3,B03,120.722327,24.278038,2
2022,1,19,16,40,臺中市,豐原區,0,0,0,,,,60,,,,,,,,,,,,,,,23,,,,,B03,,,1,,2,,,23,23,1,22,,B03,120.736344,24.25895,3
2022,1,19,16,45,臺中市,大甲區,0,0,0,8,1,5,40,3,2,1,5,4,5,7,3,1,8,3,5,1,15,6,3,10,1,1,C03,7,5,6,18,2,12,,6,6,1,22,8,C03,120.62234,24.353178,3
2022,1,19,16,48,臺中市,豐原區,0,1,0,8,1,5,50,14,22,1,5,4,5,7,3,1,10,5,5,2,16,6,3,10,1,1,B01,7,5,1,8,2,2,,6,6,1,22,8,B01,120.741326,24.255662,2
2022,1,19,16,54,臺中市,清水區,0,1,0,8,1,5,50,4,1,1,5,4,5,7,4,4,5,5,5,2,16,19,3,10,1,1,B03,7,1,1,8,2,5,,19,19,1,5,5,B03,120.574761,24.271306,2
2022,1,19,16,55,臺中市,南屯區,0,1,0,8,1,5,50,14,7,1,5,4,5,7,4,4,5,4,4,2,13,26,3,10,1,1,B03,7,11,1,8,2,3,,26,26,1,22,9,B03,120.609722,24.130555,2
2022,1,19,16,56,臺中市,南屯區,0,0,0,8,,,40,,,,,,,,,,,,,,,12,,,,,B03,,,1,,2,,,12,12,1,4,,B03,120.635252,24.152154,3
2022,1,19,16,57,臺中市,西屯區,0,0,0,8,,,50,,,,,,,,,,,,,,,44,,,,,B03,,,1,,2,,,44,44,1,22,,B03,120.613361,24.171641,3
2022,1,19,17,0,臺中市,大雅區,0,2,0,8,1,5,30,14,9,1,5,4,5,7,4,4,10,5,5,1,17,6,2,9,1,1,C03,7,9,1,10,2,14,,23,6,1,22,8,C03,120.655144,24.217463,2
2022,1,19,17,0,臺中市,北區,0,1,0,8,1,5,50,4,1,1,5,4,5,7,2,1,10,5,5,2,13,23,2,9,1,1,C03,7,6,1,10,2,11,,23,23,1,22,9,C03,120.685169,24.166985,2
2022,1,19,17,0,臺中市,北屯區,0,0,0,8,,,50,,,,,,,,,,,,,,,19,,,,,B03,,,1,,2,,,19,19,1,21,,B03,120.685946,24.191748,3
2022,1,19,17,0,臺中市,北屯區,0,0,0,8,,,50,,,,,,,,,,,,,,,23,,,,,B03,,,1,,1,,,23,23,1,22,,B03,120.68825,24.171908,3
2022,1,19,17,2,臺中市,北區,0,0,0,8,,,50,,,,,,,,,,,,,,,42,,,,,B03,,,1,,2,,,42,42,1,22,,B03,120.701845,24.159956,3
2022,1,19,17,5,臺中市,北區,0,0,0,,,,50,,,,,,,,,,,,,,,19,,,,,A02,,,1,,2,,,19,19,1,5,,A02,120.68518,24.166662,3
2022,1,19,17,5,臺中市,沙鹿區,0,1,0,8,1,5,40,3,1,1,5,4,5,7,4,4,5,3,5,2,16,8,2,8,1,1,C03,7,5,1,10,2,12,,8,8,1,3,1,C03,120.571746,24.241782,2
2022,1,19,17,9,臺中市,大里區,0,0,0,8,,,50,,,,,,,,,,,,,,,16,,,,,B12,,,1,,2,,,16,16,1,22,,B12,120.694472,24.110485,3
2022,1,19,17,11,臺中市,中區,0,1,0,8,1,5,50,4,1,1,5,4,5,7,2,1,10,5,5,2,16,42,3,10,1,1,B03,7,6,1,8,2,5,,42,42,1,5,5,B03,120.684456,24.142287,2
2022,1,19,17,14,臺中市,太平區,0,0,0,8,,,50,,,,,,,,,,,,,,,6,,,,,B03,,,1,,2,,,6,6,1,21,,B03,120.716367,24.143542,3
2022,1,19,17,14,臺中市,烏日區,0,0,0,8,1,3,60,4,1,1,5,4,5,7,1,1,1,2,1,2,13,23,3,10,1,1,B03,7,5,1,8,2,6,,23,23,1,22,8,B03,120.651622,24.104885,3
2022,1,19,17,14,臺中市,石岡區,0,0,0,8,,,50,,,,,,,,,,,,,,,23,,,,,B11,,,1,,2,,,23,23,1,22,,B11,120.76501,24.277495,3
2022,1,19,17,15,臺中市,清水區,0,0,0,8,3,5,50,14,9,1,5,4,5,7,4,4,5,5,5,1,15,6,3,10,1,1,B03,7,9,1,8,2,2,,6,6,1,4,1,B03,120.575923,24.274846,3