年,月,日,時,分,縣市,區,死,受傷,2-30,天候,光線,道路類別,速限,道路型態,事故位置,路面鋪裝,路面狀態,路面缺陷,障礙物,視距,號誌種類,號誌動作,分向設施,快車道或一般車道間,快慢車道間,路面邊線,事故類型及型態,主要肇因,受傷程度,主要傷處,保護裝備,行動電話,當事者區分,車輛用途,當事者行動狀態,駕駛資格情形,駕駛執照種類,飲酒情形,車輛撞擊部位最初,車輛撞擊部位其他,肇事因素個別,肇事因素主要,肇事逃逸,職業,旅次目的,車種,GPS緯度,GPS經度,事故類別
2022,1,20,8,30,臺中市,龍井區,0,0,0,8,,,40,,,,,,,,,,,,,,,44,,,,,B03,,,1,,2,,,44,44,1,9,,B03,120.519797,24.212109,3
2022,1,20,8,39,臺中市,北屯區,0,1,0,8,1,5,50,14,7,1,5,4,5,7,4,4,1,3,5,2,12,7,3,10,1,1,B03,7,7,1,8,2,4,,7,7,1,22,8,B03,120.67565,24.173811,2
2022,1,20,8,40,臺中市,西區,0,0,0,8,1,5,50,14,9,1,5,4,5,7,4,4,10,5,5,2,14,23,,,,,B03,,,1,,2,,,23,23,1,2,,B03,120.672323,24.137089,3
2022,1,20,8,40,臺中市,豐原區,0,0,0,,,,50,,,,,,,,,,,,,,,16,,,,,B03,,,1,,2,,,16,16,1,21,,B03,120.700441,24.249191,3
2022,1,20,8,44,臺中市,烏日區,0,0,0,,,,80,,,,,,,,,,,,,,,23,,,,,A41,,,1,,2,,,23,23,1,22,,A41,120.610633,24.099658,3
2022,1,20,8,44,臺中市,烏日區,0,1,0,8,1,5,70,14,8,1,5,4,5,7,4,4,1,4,4,1,13,16,2,9,1,1,C03,7,9,1,10,2,11,,16,16,1,21,1,C03,120.598381,24.111261,2
2022,1,20,8,50,臺中市,烏日區,0,0,0,8,,,50,,,,,,,,,,,,,,,16,,,,,A12,,,1,,2,,,16,16,1,22,,A12,120.62958,24.100982,3
2022,1,20,8,52,臺中市,豐原區,0,0,0,,,,50,,,,,,,,,,,,,,,19,,,,,B03,,,1,,2,,,19,19,1,22,,B03,120.722105,24.271083,3
2022,1,20,8,55,臺中市,清水區,0,0,0,8,,,30,,,,,,,,,,,,,,,43,,,,,,,,,,,,,43,43,1,,,,120.562863,24.266405,3
2022,1,20,8,56,臺中市,北區,0,0,0,8,,,50,,,,,,,,,,,,,,,16,,,,,A02,,,1,,2,,,16,16,1,22,,A02,120.691665,24.160238,3
2022,1,20,9,0,臺中市,潭子區,0,0,0,8,1,5,50,14,9,1,5,4,5,7,4,4,8,5,5,1,17,1,3,10,1,1,B03,7,10,1,8,2,8,,1,1,1,22,8,B03,120.70706,24.22013,3
2022,1,20,9,8,臺中市,后里區,1,0,0,8,1,5,40,3,2,1,5,4,5,7,4,4,5,5,4,2,26,23,1,9,1,1,C03,7,9,1,10,2,12,,23,23,1,20,8,C03,120.712873,24.279223,1
2022,1,20,9,10,臺中市,太平區,0,1,0,8,1,5,80,10,7,1,5,4,5,7,4,4,1,4,5,1,13,16,3,10,3,4,B12,7,9,1,7,2,1,,16,16,1,9,8,B12,120.70988,24.136628,2
2022,1,20,9,10,臺中市,豐原區,0,0,0,8,,,30,,,,,,,,,,,,,,,6,,,,,B03,,,1,,2,,,6,6,1,22,,B03,120.701526,24.226831,3
2022,1,20,9,18,臺中市,北屯區,0,1,0,8,1,5,50,3,1,1,5,4,5,7,2,1,10,5,5,2,16,9,3,10,1,1,B03,7,6,1,8,2,8,,9,9,1,5,8,B03,120.681945,24.188256,2
2022,1,20,9,29,臺中市,西屯區,0,0,0,,,,50,,,,,,,,,,,,,,,7,,,,,B03,,,1,,2,,,7,7,1,22,,B03,120.624383,24.178531,3
2022,1,20,9,30,臺中市,太平區,0,0,0,,,,30,,,,,,,,,,,,,,,12,,,,,B12,,,1,,2,3,,12,12,1,22,,B12,120.714038,24.136969,3
2022,1,20,9,34,臺中市,南屯區,0,0,0,8,,,30,,,,,,,,,,,,,,,19,,,,,B03,,,1,,1,,,19,19,1,22,,B03,120.639138,24.137481,3
2022,1,20,9,35,臺中市,大雅區,0,0,0,8,,,30,,,,,,,,,,,,,,,6,,,,,B03,,,1,,2,,,6,6,1,22,,B03,120.62397,24.233978,3
2022,1,20,9,40,臺中市,清水區,0,1,0,8,1,5,50,3,1,1,5,4,5,7,4,4,1,4,5,2,14,23,3,10,1,1,B03,7,6,1,8,2,1,,23,23,1,22,8,B03,120.543863,24.268371,2
2022,1,20,9,46,臺中市,西區,0,0,0,8,1,5,50,14,9,1,5,4,5,7,4,4,5,5,5,2,12,44,,,,,B03,,,1,,9,,,44,44,1,21,,B03,120.661677,24.138056,3
2022,1,20,9,47,臺中市,豐原區,0,1,0,8,1,5,30,14,9,1,5,4,5,7,4,4,10,5,5,2,11,23,3,10,1,1,C03,7,9,1,10,9,14,,23,23,2,19,7,C03,120.71577,24.249586,2
2022,1,20,9,49,臺中市,西區,0,0,0,8,1,5,50,14,8,1,5,4,5,7,1,1,1,4,4,2,13,23,,,,,C03,,,1,,1,,,23,23,1,4,,C03,120.665643,24.137275,3
2022,1,20,9,50,臺中市,豐原區,0,0,0,,,,50,,,,,,,,,,,,,,,6,,,,,B03,,,1,,2,,,6,6,1,22,,B03,120.739516,24.27118,3
2022,1,20,9,57,臺中市,大里區,0,0,0,8,,,50,,,,,,,,,,,,,,,16,,,,,B03,,,1,,2,,,16,16,1,5,,B03,120.676953,24.099474,3
2022,1,20,9,58,臺中市,梧棲區,0,0,0,8,,,50,,,,,,,,,,,,,,,12,,,,,A11,,,1,,2,,,12,12,1,12,,A11,120.531937,24.265913,3
2022,1,20,10,16,臺中市,豐原區,0,2,0,8,1,5,50,4,1,1,5,4,5,7,4,4,10,5,5,2,17,6,3,10,1,1,B02,7,9,1,8,2,1,,14,6,1,22,8,B02,120.719606,24.252931,2
2022,1,20,10,20,臺中市,神岡區,0,0,0,8,,,50,,,,,,,,,,,,,,,16,,,,,B03,,,1,,2,,,16,16,1,12,,B03,120.664611,24.258019,3
2022,1,20,10,25,臺中市,沙鹿區,0,0,0,8,,,50,,,,,,,,,,,,,,,42,,,,,B03,,,1,,2,,,42,42,1,20,,B03,120.56524,24.232606,3
2022,1,20,10,31,臺中市,豐原區,0,0,0,,,,40,,,,,,,,,,,,,,,6,,,,,B03,,,1,,2,,,6,6,1,19,,B03,120.714736,24.250374,3
2022,1,20,10,37,臺中市,南區,0,1,0,8,1,5,50,4,1,5,5,4,5,7,1,1,10,5,5,2,16,23,3,10,1,1,B03,7,9,1,8,2,6,,23,23,1,22,9,B03,120.705493,24.128681,2
2022,1,20,10,39,臺中市,西屯區,0,0,0,8,,,40,,,,,,,,,,,,,,,23,,,,,B03,,,1,,2,,,23,23,1,22,,B03,120.662643,24.171388,3
2022,1,20,10,45,臺中市,沙鹿區,0,0,0,8,,,40,,,,,,,,,,,,,,,23,,,,,B03,,,1,,2,,,23,23,1,18,,B03,120.564358,24.238847,3
2022,1,20,10,49,臺中市,豐原區,0,0,0,8,,,50,,,,,,,,,,,,,,,16,,,,,B12,,,1,,2,,,16,16,1,22,,B12,120.700272,24.249047,3
2022,1,20,10,50,臺中市,神岡區,0,1,0,8,1,5,50,4,1,1,5,4,5,7,2,1,1,4,4,1,13,44,3,10,1,1,C03,7,3,1,10,2,13,,44,44,1,22,8,C03,120.696187,24.248409,2
2022,1,20,10,53,臺中市,西區,0,1,0,8,1,5,50,14,9,1,5,4,5,7,4,4,5,5,5,2,12,1,3,10,3,4,B03,7,4,1,8,2,2,,1,1,1,21,8,B03,120.676653,24.134771,2
2022,1,20,10,54,臺中市,北區,0,0,0,8,,,50,,,,,,,,,,,,,,,16,,,,,B12,,,1,,2,,,16,16,1,22,,B12,120.682687,24.167028,3
2022,1,20,10,59,臺中市,太平區,0,0,0,8,,,50,,,,,,,,,,,,,,,23,,,,,B03,,,1,,2,,,23,23,1,4,,B03,120.718338,24.103796,3
2022,1,20,11,3,臺中市,東區,0,0,0,8,1,5,50,5,1,1,5,4,5,7,1,1,10,5,5,2,17,23,3,10,1,1,B03,7,14,1,8,2,1,,23,23,1,5,8,B03,120.69461,24.142945,3
2022,1,20,11,17,臺中市,西屯區,0,0,0,8,,,60,,,,,,,,,,,,,,,7,,,,,B03,,,1,,2,,,7,7,1,22,,B03,120.640365,24.158015,3
2022,1,20,11,17,臺中市,太平區,0,0,0,,,,30,,,,,,,,,,,,,,,23,,,,,A11,,,1,,1,2,7,23,23,1,22,,A11,120.707602,24.129998,3
2022,1,20,11,18,臺中市,西區,0,0,0,8,,,50,,,,,,,,,,,,,,,23,,,,,B03,,,1,,1,,,23,23,1,21,,B03,120.662401,24.155344,4
2022,1,20,11,20,臺中市,北區,0,2,0,8,1,5,40,4,1,1,5,4,5,7,1,1,10,5,5,2,17,26,2,9,1,1,C03,7,11,3,18,2,14,,26,26,1,22,9,C03,120.694561,24.156603,2
2022,1,20,11,20,臺中市,北區,0,1,0,8,1,5,50,3,1,1,5,4,5,7,4,4,5,5,5,2,16,6,2,9,1,1,C03,7,9,1,10,2,11,,6,6,1,5,8,C03,120.700206,24.153013,2
2022,1,20,11,20,臺中市,清水區,0,0,0,8,,,50,,,,,,,,,,,,,,,23,,,,,B12,,,1,,2,,,23,23,1,21,,B12,120.589768,24.296933,3
2022,1,20,11,21,臺中市,南屯區,0,1,0,8,1,5,50,3,2,1,5,4,5,7,2,1,4,3,4,2,12,17,3,10,1,1,A12,7,5,1,5,2,5,,17,17,1,22,8,A12,120.612805,24.15409,2
2022,1,20,11,23,臺中市,北區,0,0,0,8,,,50,,,,,,,,,,,,,,,16,,,,,B11,,,1,,2,,,16,16,1,22,,B11,120.677101,24.152956,3
2022,1,20,11,25,臺中市,清水區,0,0,0,8,,,30,,,,,,,,,,,,,,,6,,,,,B03,,,1,,2,,,6,6,1,21,,B03,120.573585,24.262892,3
2022,1,20,11,37,臺中市,南區,0,1,0,8,1,5,50,4,1,1,5,4,5,7,1,1,10,5,5,2,15,43,2,9,3,4,C04,7,9,6,11,2,12,,43,43,1,5,8,C04,120.683631,24.13032,2
2022,1,20,11,37,臺中市,梧棲區,0,0,0,8,1,5,50,14,13,1,5,4,5,7,4,4,5,5,5,1,14,12,3,10,1,1,B03,7,2,1,8,2,7,,12,12,1,12,8,B03,120.537343,24.243823,3
2022,1,20,11,41,臺中市,烏日區,0,1,0,8,1,5,30,4,1,1,5,4,5,7,4,4,10,5,5,2,16,6,3,10,1,1,C03,7,9,1,10,2,14,,6,6,1,22,8,C03,120.635143,24.110483,2
2022,1,20,11,45,臺中市,南屯區,0,0,0,,,,50,,,,,,,,,,,,,,,12,,,,,B03,,,1,,2,,,12,12,1,22,,B03,120.650433,24.141028,3
2022,1,20,11,46,臺中市,北區,0,1,0,8,1,5,50,14,9,1,5,4,5,7,1,1,1,2,4,2,16,7,2,9,1,1,C03,7,8,1,10,2,14,,7,7,1,5,8,C03,120.675469,24.160437,2
2022,1,20,11,50,臺中市,豐原區,0,0,0,8,,,50,,,,,,,,,,,,,,,12,,,,,B03,,,1,,2,,,12,12,1,22,,B03,120.710351,24.250551,3
2022,1,20,11,51,臺中市,西屯區,0,0,0,8,,,50,,,,,,,,,,,,,,,23,,,,,A11,,,1,,2,,,23,23,1,10,,A11,120.654267,24.15649,3
2022,1,20,11,56,臺中市,北區,0,1,0,8,1,5,40,3,1,1,5,4,5,7,1,1,10,5,5,2,17,8,2,9,1,1,C03,7,5,1,10,2,14,,8,8,1,22,9,C03,120.672101,24.155838,2
2022,1,20,11,57,臺中市,西屯區,0,0,0,8,,,40,,,,,,,,,,,,,,,6,,,,,B03,,,1,,2,,,6,6,1,22,,B03,120.636338,24.175066,3
2022,1,20,12,0,臺中市,北屯區,0,1,0,8,1,5,30,4,1,1,5,4,5,7,4,4,10,5,5,2,15,6,3,10,1,1,B03,7,9,1,8,2,5,,6,6,1,4,8,B03,120.67131,24.181788,2
2022,1,20,12,4,臺中市,南屯區,0,1,0,8,1,5,50,4,1,1,5,4,5,7,2,1,10,5,5,2,12,7,2,9,1,1,C03,7,7,1,10,2,14,,7,7,1,22,8,C03,120.646632,24.143832,2
2022,1,20,12,5,臺中市,南屯區,0,0,0,8,,,50,,,,,,,,,,,,,,,7,,,,,B03,,,1,,1,,,7,7,1,22,,B03,120.616388,24.1525,3
2022,1,20,12,10,臺中市,南屯區,0,0,0,,,,50,,,,,,,,,,,,,,,26,,,,,B03,,,1,,1,,,26,26,1,22,,B03,120.623366,24.138265,3
2022,1,20,12,12,臺中市,沙鹿區,0,2,0,8,1,5,50,14,7,1,5,4,5,7,4,4,5,5,4,2,16,26,2,9,1,1,C03,7,5,6,10,2,12,,26,26,1,22,7,C03,120.568709,24.236787,2
2022,1,20,12,17,臺中市,南區,0,1,0,8,1,5,50,5,1,1,5,4,5,7,2,1,10,5,5,2,16,10,3,10,3,4,B03,7,11,1,8,2,2,,10,10,1,5,8,B03,120.684113,24.122748,2
2022,1,20,12,27,臺中市,大雅區,0,2,0,8,1,5,50,4,2,1,5,4,5,7,4,4,5,5,4,1,17,19,2,8,1,1,C03,7,1,1,10,2,13,,19,19,1,22,8,C03,120.649939,24.221714,2
2022,1,20,12,30,臺中市,太平區,0,0,0,8,,,30,,,,,,,,,,,,,,,42,,,,,B03,,,1,,2,,,42,42,1,21,,B03,120.730502,24.103055,3
2022,1,20,12,38,臺中市,南屯區,0,0,0,8,,,50,,,,,,,,,,,,,,,25,,,,,B03,,,1,,2,,,25,25,1,22,,B03,120.623611,24.141111,3
2022,1,20,12,58,臺中市,西區,0,1,0,8,1,5,50,4,1,1,5,4,5,7,1,1,5,5,5,2,12,9,3,10,3,4,B03,7,6,1,8,2,2,,9,9,1,21,8,B03,120.655144,24.146707,2
2022,1,20,13,5,臺中市,南屯區,0,0,0,8,,,50,,,,,,,,,,,,,,,17,,,,,B03,,,1,,1,,,17,17,1,21,,B03,120.647242,24.147011,3
2022,1,20,13,8,臺中市,東區,0,1,0,8,1,5,50,4,1,1,5,4,5,7,4,4,10,5,5,2,15,6,3,10,3,4,B03,7,9,3,18,2,1,,6,6,1,5,8,B03,120.684193,24.122178,2
2022,1,20,13,10,臺中市,南屯區,0,1,0,8,1,5,50,4,1,1,5,4,5,7,4,4,10,5,5,2,16,6,3,10,3,4,B03,7,9,1,8,2,6,,6,6,1,22,8,B03,120.640452,24.136077,2
2022,1,20,13,23,臺中市,神岡區,0,0,0,8,,,40,,,,,,,,,,,,,,,42,,,,,B12,,,1,,2,,,42,42,1,22,,B12,120.68787,24.270381,3
2022,1,20,13,26,臺中市,豐原區,0,1,0,8,1,5,30,3,1,1,5,4,5,7,4,4,10,5,4,2,16,6,2,9,3,4,C03,7,6,1,10,2,11,,6,6,1,22,8,C03,120.718977,24.253138,2
2022,1,20,13,31,臺中市,豐原區,0,1,0,8,1,5,50,14,8,1,5,4,5,7,4,4,1,4,4,1,17,6,3,10,3,4,B11,7,6,1,4,2,6,,6,6,1,22,8,B11,120.739558,24.262841,2
2022,1,20,13,32,臺中市,東區,0,1,0,8,1,5,50,4,1,1,5,4,5,7,1,1,10,5,5,2,16,6,3,10,1,1,B02,7,5,1,8,2,8,,6,6,1,5,8,B02,120.706033,24.142768,2
2022,1,20,13,40,臺中市,北屯區,0,0,0,8,,,50,,,,,,,,,,,,,,,23,,,,,B03,,,1,,1,,,23,23,1,21,,B03,120.684786,24.200887,3
2022,1,20,13,43,臺中市,西區,0,1,0,8,1,5,50,3,1,1,5,4,5,7,4,4,10,5,5,2,16,8,3,10,1,1,B03,7,5,1,8,2,4,,8,8,1,22,9,B03,120.661704,24.153989,2
2022,1,20,13,44,臺中市,南屯區,0,1,0,8,1,5,50,4,1,1,5,4,5,7,2,1,4,3,4,2,12,17,2,9,1,1,F03,7,8,8,20,2,16,,17,17,1,22,8,F03,120.649831,24.136418,2
2022,1,20,13,45,臺中市,西屯區,0,0,0,,,,40,,,,,,,,,,,,,,,6,,,,,B12,,,1,,2,,,6,6,1,22,,B12,120.614489,24.179848,3
2022,1,20,13,50,臺中市,梧棲區,0,2,0,8,1,5,50,14,9,1,5,4,5,7,4,4,9,5,5,1,16,23,2,9,1,1,C03,7,9,1,10,2,11,,23,23,1,5,8,C03,120.534578,24.248765,2
2022,1,20,13,58,臺中市,大里區,0,0,0,8,,,50,,,,,,,,,,,,,,,23,,,,,A12,,,1,,11,,,23,23,1,10,,A12,120.686251,24.095364,3
2022,1,20,14,5,臺中市,新社區,0,1,0,8,1,5,30,14,9,1,5,4,5,7,4,4,10,5,5,1,17,23,2,8,1,1,C03,7,12,1,10,2,11,,23,23,1,22,8,C03,120.792181,24.211595,2
2022,1,20,14,22,臺中市,豐原區,0,0,0,,,,50,,,,,,,,,,,,,,,17,,,,,A12,,,1,,2,,,17,17,1,22,,A12,120.720902,24.268708,3
2022,1,20,14,28,臺中市,西屯區,0,0,0,8,,,40,,,,,,,,,,,,,,,7,,,,,B03,,,1,,1,,,7,7,1,22,,B03,120.641958,24.157844,3
2022,1,20,14,30,臺中市,沙鹿區,0,1,0,8,1,5,40,3,9,1,5,4,5,7,4,4,4,3,5,1,12,14,3,10,1,1,B03,7,9,1,8,2,2,,14,14,1,22,8,B03,120.562543,24.236625,2
2022,1,20,14,32,臺中市,大雅區,0,0,0,8,,,30,,,,,,,,,,,,,,,12,,,,,B12,,,1,,2,,,12,12,1,22,,B12,120.644139,24.220839,3
2022,1,20,14,36,臺中市,豐原區,0,1,0,8,1,5,50,3,1,1,5,4,5,7,2,1,10,5,5,2,16,6,3,10,1,1,B03,7,6,1,8,2,2,,6,6,1,22,8,B03,120.71294,24.242065,2
2022,1,20,14,39,臺中市,北區,0,2,0,8,1,5,50,5,18,1,5,4,5,7,1,1,1,4,5,2,3,23,2,9,1,1,C03,7,9,2,18,2,14,,23,23,1,20,8,C03,120.68628,24.154637,2
2022,1,20,14,40,臺中市,西區,0,1,0,8,1,5,50,4,1,1,5,4,5,7,1,1,5,5,5,2,13,44,3,10,3,4,B03,7,6,1,8,2,6,,44,44,1,21,8,B03,120.668158,24.146706,2
2022,1,20,14,45,臺中市,清水區,0,1,0,8,1,5,50,4,1,1,5,4,5,7,3,1,1,4,5,1,16,6,3,10,1,1,A12,7,9,1,1,2,1,,6,6,1,5,5,A12,120.539803,24.267931,2
2022,1,20,15,0,臺中市,神岡區,0,1,0,8,1,5,30,14,9,1,5,4,5,7,4,4,5,5,5,1,13,16,2,4,1,1,C03,7,9,1,10,2,11,,16,16,1,22,8,C03,120.657464,24.264095,2
2022,1,20,15,2,臺中市,西區,0,1,0,8,1,5,50,14,9,1,5,4,5,7,4,4,5,2,5,2,17,23,3,10,1,1,B03,7,9,1,8,2,5,,23,23,1,19,7,B03,120.667319,24.151985,2
2022,1,20,15,2,臺中市,清水區,0,1,0,8,1,5,50,14,9,1,5,4,5,7,4,4,5,4,5,1,18,23,2,9,1,1,C03,7,9,1,10,8,14,,23,23,1,5,5,C03,120.574745,24.284204,2
2022,1,20,15,12,臺中市,大雅區,0,0,0,8,,,50,,,,,,,,,,,,,,,30,,,,,A11,,,1,,2,,,30,30,1,22,,A11,120.676644,24.215688,3
2022,1,20,15,23,臺中市,大里區,0,0,0,8,,,30,,,,,,,,,,,,,,,42,,,,,A12,,,1,,2,,,42,42,1,21,,A12,120.680782,24.115802,3
2022,1,20,15,25,臺中市,大里區,0,1,0,8,1,5,50,3,1,1,5,4,5,7,4,4,5,4,4,1,15,11,3,10,3,4,C03,7,11,1,10,2,11,,11,11,1,22,9,C03,120.682743,24.115136,2
2022,1,20,15,35,臺中市,太平區,0,0,0,,,,50,,,,,,,,,,,,,,,23,,,,,B03,,,1,,1,2,,23,23,1,22,,B03,120.714794,24.133446,3
2022,1,20,15,36,臺中市,中區,0,0,0,8,1,5,50,4,1,1,5,4,5,7,1,1,5,5,5,2,13,23,,,,,C03,,,1,,2,,,23,23,1,21,,C03,120.67839,24.144822,3
2022,1,20,15,37,臺中市,南屯區,0,1,0,6,1,5,30,14,9,1,4,4,5,7,4,4,10,5,5,2,10,43,2,9,1,1,C03,7,9,1,10,2,11,,43,43,1,22,9,C03,120.644273,24.151153,2
2022,1,20,15,38,臺中市,潭子區,0,0,0,8,,,50,,,,,,,,,,,,,,,23,,,,,B12,,,1,,2,,,23,23,1,4,,B12,120.707021,24.21309,3
2022,1,20,15,40,臺中市,清水區,0,0,0,8,1,5,50,14,7,1,5,4,5,7,4,4,1,4,4,2,13,23,3,10,1,1,B03,7,9,1,8,2,1,,23,23,1,5,5,B03,120.555973,24.264952,3
2022,1,20,15,42,臺中市,太平區,0,0,0,8,,,50,,,,,,,,,,,,,,,16,,,,,B03,,,1,,2,,,16,16,1,21,,B03,120.712228,24.149865,4
2022,1,20,15,46,臺中市,西區,0,0,0,8,1,5,50,14,7,1,5,4,5,7,4,4,1,4,4,2,13,23,,,,,B03,,,1,,2,,,23,23,1,4,,B03,120.657601,24.147367,3
2022,1,20,15,48,臺中市,南屯區,0,1,0,8,1,5,50,4,1,1,5,4,5,7,2,1,10,5,5,2,16,9,3,10,3,4,B03,7,6,1,8,2,2,,9,9,1,21,8,B03,120.626633,24.151614,2
2022,1,20,15,48,臺中市,大肚區,0,1,0,7,1,5,50,12,9,1,5,4,5,7,4,4,4,3,5,1,18,23,2,9,1,1,C03,7,9,3,18,2,14,,23,23,1,22,6,C03,120.561187,24.154871,2
2022,1,20,15,50,臺中市,大雅區,0,1,0,8,1,5,50,4,1,1,5,4,5,7,1,1,10,5,5,2,16,6,3,10,1,1,B12,7,5,1,8,2,5,,6,6,1,22,8,B12,120.645028,24.222731,2
2022,1,20,15,51,臺中市,清水區,0,0,0,8,1,5,50,14,9,1,5,4,5,7,4,4,5,4,5,1,13,23,3,10,1,1,B03,7,9,1,8,1,1,,23,23,1,5,5,B03,120.56457,24.297557,3
2022,1,20,15,52,臺中市,北區,0,0,0,8,,,50,,,,,,,,,,,,,,,23,,,,,B03,,,1,,2,,,23,23,1,21,,B03,120.680103,24.160294,3
2022,1,20,16,0,臺中市,沙鹿區,0,0,0,8,,,40,,,,,,,,,,,,,,,18,,,,,B03,,,1,,2,,,18,18,1,22,,B03,120.563835,24.235326,3
2022,1,20,16,2,臺中市,中區,0,1,0,8,1,5,50,14,9,1,5,4,5,7,4,4,5,4,5,2,17,16,3,10,1,1,C03,7,9,1,10,2,11,,16,16,1,22,9,C03,120.680734,24.143761,2
2022,1,20,16,9,臺中市,清水區,0,1,0,8,1,5,60,4,2,1,5,4,5,7,1,1,1,4,1,1,12,42,2,9,1,1,C03,7,9,1,10,2,11,,42,42,1,5,5,C03,120.547977,24.276918,2
2022,1,20,16,16,臺中市,太平區,0,1,0,8,1,5,40,14,9,1,5,4,5,7,4,4,5,5,5,1,13,16,2,9,1,1,C03,7,9,2,18,2,11,,16,16,1,16,5,C03,120.749668,24.12379,2
2022,1,20,16,20,臺中市,豐原區,0,1,0,8,1,5,40,3,1,1,5,4,5,7,1,1,10,5,5,2,16,6,3,10,3,4,B12,7,6,1,8,2,15,,6,6,1,22,8,B12,120.72518,24.225816,2
2022,1,20,16,30,臺中市,大甲區,0,1,0,8,1,5,60,3,1,1,5,4,5,7,1,1,10,5,5,2,16,6,3,10,1,1,B03,7,6,1,8,2,6,,6,6,1,21,8,B03,120.614971,24.33387,2
2022,1,20,16,34,臺中市,后里區,0,1,0,8,1,5,50,14,9,1,5,4,5,7,4,4,5,4,4,1,12,9,3,10,1,1,B03,7,6,1,8,2,5,,9,9,1,19,5,B03,120.708611,24.311163,2
2022,1,20,16,43,臺中市,大甲區,0,1,0,8,1,5,30,5,18,1,5,4,5,7,1,1,10,5,5,2,3,15,3,10,1,1,C03,7,6,1,10,2,15,,15,15,1,21,8,C03,120.632086,24.355559,2
2022,1,20,16,44,臺中市,太平區,0,0,0,8,,,50,,,,,,,,,,,,,,,23,,,,,B03,,,1,,1,,,23,23,1,9,,B03,120.716189,24.149754,3
2022,1,20,16,45,臺中市,霧峰區,0,0,0,8,,,50,,,,,,,,,,,,,,,16,,,,,B12,,,1,,2,,,16,16,1,21,,B12,120.697217,24.05594,3
2022,1,20,16,45,臺中市,沙鹿區,0,1,0,8,1,5,60,3,1,1,5,4,5,7,4,4,3,4,4,1,17,9,3,10,1,1,B03,7,6,1,8,2,6,,9,9,1,22,1,B03,120.614596,24.244151,2
2022,1,20,16,46,臺中市,大甲區,0,0,0,8,,,70,,,,,,,,,,,,,,,23,,,,,A41,,,1,,2,,,23,23,1,21,,A41,120.639308,24.363338,3
2022,1,20,16,47,臺中市,西區,0,1,0,8,1,5,50,14,9,1,5,4,5,7,4,4,5,5,5,2,18,23,2,9,3,4,C03,7,9,1,10,2,14,,23,23,1,21,8,C03,120.675393,24.133589,2
2022,1,20,16,50,臺中市,大雅區,0,0,0,8,,,30,,,,,,,,,,,,,,,23,,,,,B12,,,1,,2,,,23,23,1,22,,B12,120.671287,24.2213,4
2022,1,20,16,50,臺中市,北屯區,0,0,0,8,,,50,,,,,,,,,,,,,,,26,,,,,B03,,,3,,11,,,26,26,1,21,,B03,120.681475,24.172721,3
2022,1,20,16,52,臺中市,南屯區,0,0,0,8,,,50,,,,,,,,,,,,,,,23,,,,,B03,,,1,,1,,,23,23,1,22,,B03,120.62124,24.139845,3
2022,1,20,16,55,臺中市,西區,0,0,0,8,,,50,,,,,,,,,,,,,,,7,,,,,B03,,,1,,2,,,7,7,1,22,,B03,120.661509,24.140028,3
2022,1,20,16,57,臺中市,豐原區,0,0,0,8,,,50,,,,,,,,,,,,,,,18,,,,,B03,,,1,,2,,,18,18,1,22,,B03,120.735399,24.251971,3
2022,1,20,16,58,臺中市,大雅區,0,0,0,8,,,50,,,,,,,,,,,,,,,26,,,,,C03,,,1,,2,,,26,26,1,22,,C03,120.654241,24.229325,3
2022,1,20,17,0,臺中市,沙鹿區,0,0,0,8,,,50,,,,,,,,,,,,,,,14,,,,,B03,,,1,,2,,,14,14,1,9,,B03,120.571311,24.214878,3
2022,1,20,17,4,臺中市,大里區,0,2,0,8,1,5,50,4,1,1,5,4,5,7,1,1,5,4,4,1,13,16,2,9,3,4,C03,7,9,2,18,2,11,,16,16,1,22,9,C03,120.664442,24.083051,2
2022,1,20,17,5,臺中市,北屯區,0,1,0,8,1,5,50,4,1,1,5,4,5,7,2,1,10,5,5,2,18,13,2,9,1,1,C03,7,9,1,10,2,14,,13,13,1,21,8,C03,120.703506,24.164561,2
2022,1,20,17,6,臺中市,南屯區,0,0,0,8,2,5,50,14,7,1,5,4,5,7,4,4,1,4,4,2,12,7,,,,,B12,,,1,,1,,,7,7,1,22,,B12,120.631378,24.145005,3
2022,1,20,17,13,臺中市,梧棲區,0,0,0,8,,,50,,,,,,,,,,,,,,,23,,,,,B03,,,1,,2,,,23,23,1,5,,B03,120.542376,24.245933,3
2022,1,20,17,14,臺中市,西區,0,0,0,,,,50,,,,,,,,,,,,,,,38,,,,,B03,,,1,,1,,,38,38,1,5,,B03,120.652354,24.147635,3
2022,1,20,17,14,臺中市,大甲區,0,1,0,8,1,5,50,4,1,1,5,4,5,7,1,1,10,5,5,1,12,9,3,10,1,1,B03,7,6,1,8,2,2,,9,9,1,22,8,B03,120.655587,24.381715,2