年,月,日,時,分,縣市,區,死,受傷,2-30,天候,光線,道路類別,速限,道路型態,事故位置,路面鋪裝,路面狀態,路面缺陷,障礙物,視距,號誌種類,號誌動作,分向設施,快車道或一般車道間,快慢車道間,路面邊線,事故類型及型態,主要肇因,受傷程度,主要傷處,保護裝備,行動電話,當事者區分,車輛用途,當事者行動狀態,駕駛資格情形,駕駛執照種類,飲酒情形,車輛撞擊部位最初,車輛撞擊部位其他,肇事因素個別,肇事因素主要,肇事逃逸,職業,旅次目的,車種,GPS緯度,GPS經度,事故類別
2022,1,20,17,16,臺中市,霧峰區,0,0,0,8,,,30,,,,,,,,,,,,,,,16,,,,,B03,,,1,,2,,,16,16,1,4,,B03,120.695121,24.059315,3
2022,1,20,17,18,臺中市,大里區,0,1,0,8,1,5,50,14,9,1,5,4,5,7,4,4,5,5,4,2,16,19,2,9,1,1,C03,7,1,1,10,2,11,,19,19,1,22,9,C03,120.703386,24.108006,2
2022,1,20,17,22,臺中市,南屯區,0,0,0,8,3,5,30,14,9,1,5,4,5,7,4,4,10,5,5,2,12,17,,,,,B03,,,1,,1,,,17,17,1,22,,B03,120.638072,24.13796,3
2022,1,20,17,22,臺中市,北屯區,0,1,0,8,1,5,40,14,20,1,5,4,5,7,4,4,1,4,5,2,16,4,2,9,1,1,C03,7,9,1,10,2,14,,4,4,1,21,8,C03,120.69853,24.172393,2
2022,1,20,17,25,臺中市,神岡區,0,0,0,8,,,50,,,,,,,,,,,,,,,16,,,,,C03,,,1,,2,,,16,16,1,22,,C03,120.689526,24.25747,4
2022,1,20,17,28,臺中市,大甲區,0,3,0,8,1,5,50,14,9,1,5,4,5,7,4,4,5,5,5,2,17,26,2,9,1,1,C03,7,11,1,10,2,12,,26,26,1,22,8,C03,120.627426,24.345834,2
2022,1,20,17,30,臺中市,神岡區,0,2,0,8,3,5,50,5,2,1,5,4,5,7,1,1,1,4,5,1,17,42,2,8,3,4,C03,7,9,1,10,2,12,,42,42,2,22,9,C03,120.68787,24.270381,2
2022,1,20,17,34,臺中市,南區,0,0,0,,,,50,,,,,,,,,,,,,,,23,,,,,B03,,,1,,2,,,23,23,1,22,,B03,120.655677,24.121152,3
2022,1,20,17,35,臺中市,大里區,0,2,0,8,1,5,50,3,2,1,5,4,5,7,4,4,5,4,4,1,3,51,2,9,3,4,H01,8,16,8,20,10,16,,51,51,1,22,9,H01,120.689174,24.107977,2
2022,1,20,17,37,臺中市,太平區,0,1,0,8,1,5,50,4,1,1,5,4,5,7,4,4,10,5,5,2,18,42,2,8,1,1,C03,7,12,1,10,2,14,,42,42,1,18,8,C03,120.716241,24.118816,2
2022,1,20,17,39,臺中市,大里區,0,0,0,8,,,50,,,,,,,,,,,,,,,18,,,,,B03,,,1,,2,,,18,18,1,22,,B03,120.693668,24.108696,3
2022,1,20,17,43,臺中市,大雅區,0,1,0,8,3,5,50,3,2,1,5,4,5,7,4,4,1,4,4,1,16,6,3,10,1,1,B03,7,6,1,8,2,2,,6,6,1,22,9,B03,120.650482,24.211245,2
2022,1,20,17,43,臺中市,后里區,0,0,0,8,,,50,,,,,,,,,,,,,,,23,,,,,B12,,,1,,2,,,44,44,1,22,,B12,120.705846,24.311695,3
2022,1,20,17,44,臺中市,南屯區,0,0,0,8,,,50,,,,,,,,,,,,,,,42,,,,,C03,,,1,,11,,,42,42,1,21,,C03,120.63488,24.154406,3
2022,1,20,17,48,臺中市,大里區,0,2,0,8,3,5,50,3,1,1,5,4,5,7,4,4,5,4,4,1,11,6,2,9,3,4,C03,7,5,1,10,2,11,,6,6,1,22,9,C03,120.688007,24.105683,2
2022,1,20,17,53,臺中市,沙鹿區,0,1,0,8,3,5,50,4,1,1,5,4,5,7,1,1,10,5,5,2,17,42,2,9,1,1,C03,7,9,1,10,2,14,,42,42,1,10,8,C03,120.578675,24.221247,2
2022,1,20,17,55,臺中市,太平區,0,0,0,8,,,50,,,,,,,,,,,,,,,23,,,,,C03,,,1,,1,,,23,23,1,18,,C03,120.732627,24.135297,3
2022,1,20,17,57,臺中市,西屯區,0,0,0,8,,,40,,,,,,,,,,,,,,,43,,,,,B03,,,1,,10,,,38,38,1,22,,B03,120.620322,24.170277,4
2022,1,20,17,58,臺中市,沙鹿區,0,1,0,8,3,5,40,3,8,1,5,4,5,7,1,1,1,1,4,2,17,23,3,10,1,1,B03,7,9,1,8,2,5,,23,23,1,2,9,B03,120.568048,24.226452,2
2022,1,20,18,1,臺中市,南區,0,0,0,8,,,50,,,,,,,,,,,,,,,23,,,,,B03,,,1,8,2,,,23,23,1,5,,B03,120.66132,24.130858,3
2022,1,20,18,5,臺中市,梧棲區,0,0,0,,,,50,,,,,,,,,,,,,,,10,,,,,B03,,,1,,2,,,10,10,1,1,,B03,120.535236,24.25854,3
2022,1,20,18,13,臺中市,霧峰區,0,2,0,8,3,5,60,3,2,1,5,4,5,7,1,1,10,4,4,1,13,16,2,9,1,1,C03,7,9,1,10,2,11,,16,16,1,18,9,C03,120.692374,24.045671,2
2022,1,20,18,19,臺中市,東區,0,0,0,8,,,50,,,,,,,,,,,,,,,23,,,,,C03,,,1,,2,,,23,23,1,22,,C03,120.702066,24.13873,3
2022,1,20,18,23,臺中市,南屯區,0,2,0,7,3,5,50,14,9,1,5,4,5,7,4,4,1,4,5,2,16,6,2,9,1,4,C03,7,9,1,10,2,13,,6,6,1,22,8,C03,120.646615,24.141461,2
2022,1,20,18,24,臺中市,西區,0,0,0,8,,,40,,,,,,,,,,,,,,,18,,,,,C03,,,1,,9,,,18,18,1,4,,C03,120.661546,24.146809,3
2022,1,20,18,26,臺中市,北區,0,0,0,8,,,50,,,,,,,,,,,,,,,7,,,,,B03,,,1,,2,,,7,7,1,21,,B03,120.686094,24.154636,3
2022,1,20,18,28,臺中市,北區,0,0,0,,,,50,,,,,,,,,,,,,,,12,,,,,B03,,,1,,2,,,12,12,1,5,,B03,120.686669,24.159083,3
2022,1,20,18,30,臺中市,大里區,0,0,0,8,,,60,,,,,,,,,,,,,,,2,,,,,C03,,,1,,2,,,2,2,1,22,,C03,120.670736,24.102771,3
2022,1,20,18,31,臺中市,豐原區,0,0,0,8,,,50,,,,,,,,,,,,,,,23,,,,,B03,,,1,,2,,,23,23,1,22,,B03,120.750443,24.269311,3
2022,1,20,18,32,臺中市,東勢區,0,1,0,8,3,5,30,4,1,1,5,4,5,7,4,4,10,5,5,2,16,6,3,10,1,1,B03,7,9,1,8,2,4,,6,6,1,22,8,B03,120.79999,24.30639,2
2022,1,20,18,33,臺中市,沙鹿區,0,2,0,8,3,5,50,4,9,1,5,4,5,7,4,4,4,4,4,1,16,6,2,8,1,1,C03,7,5,1,10,2,11,,6,6,1,5,1,C03,120.570885,24.229705,2
2022,1,20,18,35,臺中市,神岡區,0,0,0,6,,,50,,,,,,,,,,,,,,,26,,,,,B03,,,1,,1,,,26,26,1,22,,B03,120.662053,24.257977,3
2022,1,20,18,35,臺中市,豐原區,0,0,0,8,,,50,,,,,,,,,,,,,,,12,,,,,C03,,,1,,2,,,12,12,1,22,,C03,120.721933,24.25315,3
2022,1,20,18,44,臺中市,南屯區,0,0,0,8,,,50,,,,,,,,,,,,,,,12,,,,,B03,,,1,,9,,,12,12,1,22,,B03,120.648926,24.13825,3
2022,1,20,18,49,臺中市,北屯區,0,0,0,8,,,50,,,,,,,,,,,,,,,42,,,,,B03,,,1,,1,,,42,42,1,22,,B03,120.692603,24.173663,3
2022,1,20,18,50,臺中市,西區,0,1,0,8,3,5,50,4,2,1,5,4,5,7,1,1,5,4,4,2,18,42,2,9,1,1,C03,7,9,1,10,2,14,,42,42,1,4,5,C03,120.675481,24.133565,2
2022,1,20,18,52,臺中市,神岡區,0,1,0,8,4,5,30,11,9,1,5,4,5,7,4,4,10,5,5,2,1,23,3,10,3,4,C03,7,9,1,10,2,11,,23,23,1,22,9,C03,120.711545,24.25869,2
2022,1,20,18,58,臺中市,南屯區,0,0,0,8,,,50,,,,,,,,,,,,,,,26,,,,,B03,,,6,,1,,,26,26,1,21,,B03,120.631312,24.138483,3
2022,1,20,19,3,臺中市,西屯區,0,1,0,8,3,5,40,14,7,1,5,4,5,7,4,4,9,4,4,2,17,10,3,10,3,4,B03,7,11,1,8,1,8,,10,10,1,22,8,B03,120.615874,24.191303,2
2022,1,20,19,4,臺中市,大甲區,0,2,0,8,3,5,50,4,1,1,5,4,5,7,1,1,10,4,4,2,13,23,2,9,1,1,C03,7,9,1,10,2,11,,23,23,1,22,8,C03,120.633293,24.356126,2
2022,1,20,19,7,臺中市,神岡區,0,0,0,6,,,50,,,,,,,,,,,,,,,42,,,,,C03,,,1,,1,,,42,42,1,22,,C03,120.660969,24.25907,3
2022,1,20,19,12,臺中市,東區,0,1,0,8,1,5,50,4,1,1,5,4,5,7,2,1,10,5,5,2,16,23,3,10,3,4,B03,7,5,1,2,2,8,,23,23,1,5,8,B03,120.661503,24.130985,2
2022,1,20,19,12,臺中市,南屯區,0,0,0,8,3,5,50,14,7,1,5,4,5,7,1,1,1,4,4,2,12,23,,,,,A11,,,1,,1,,,23,23,1,22,,A11,120.622372,24.150103,3
2022,1,20,19,18,臺中市,烏日區,0,0,0,8,,,60,,,,,,,,,,,,,,,12,,,,,B03,,,1,,2,,,12,12,1,21,,B03,120.636183,24.107443,3
2022,1,20,19,25,臺中市,西區,0,0,0,8,,,50,,,,,,,,,,,,,,,23,,,,,C03,,,1,,2,,,23,23,1,22,,C03,120.658613,24.1422,3
2022,1,20,19,28,臺中市,北屯區,0,1,0,8,3,5,40,4,1,1,5,4,5,7,2,1,10,5,5,2,16,1,2,9,1,1,C03,7,4,1,10,2,14,,1,1,1,21,8,C03,120.670569,24.178631,2
2022,1,20,19,32,臺中市,太平區,0,0,0,8,,,50,,,,,,,,,,,,,,,1,,,,,B03,,,6,,9,,,1,1,1,22,,B03,120.710242,24.159152,3
2022,1,20,19,35,臺中市,梧棲區,0,0,0,8,,,60,,,,,,,,,,,,,,,7,,,,,B03,,,1,,2,,,7,7,1,9,,B03,120.53517,24.258356,3
2022,1,20,19,39,臺中市,東區,0,1,0,8,3,5,50,3,1,1,5,4,5,7,3,1,10,5,5,2,16,6,3,10,1,1,B03,7,5,1,8,2,1,,6,6,1,22,8,B03,120.687291,24.140185,2
2022,1,20,19,45,臺中市,神岡區,0,0,0,8,,,50,,,,,,,,,,,,,,,16,,,,,B03,,,1,,2,,,16,16,1,22,,B03,120.682505,24.246105,3
2022,1,20,19,50,臺中市,太平區,0,1,0,8,3,5,50,3,1,1,5,4,5,7,4,4,10,5,5,2,16,6,3,10,1,1,B12,7,5,1,8,2,1,,6,6,1,5,4,B12,120.715457,24.136607,2
2022,1,20,19,50,臺中市,大甲區,0,1,0,7,3,5,50,4,1,1,5,4,5,7,4,4,10,5,5,1,17,23,3,10,1,1,B03,7,5,1,8,2,8,,23,23,1,22,8,B03,120.622132,24.344756,2
2022,1,20,20,1,臺中市,烏日區,0,0,0,6,,,50,,,,,,,,,,,,,,,23,,,,,B03,,,1,,2,,,23,23,1,22,,B03,120.646256,24.110249,3
2022,1,20,20,12,臺中市,北屯區,0,1,0,8,3,5,50,4,1,1,5,4,5,7,1,1,10,5,5,2,15,25,3,10,1,1,B03,7,9,1,8,2,5,,25,25,1,21,8,B03,120.699661,24.164926,2
2022,1,20,20,13,臺中市,烏日區,0,1,0,8,3,5,50,3,1,1,5,4,5,7,1,1,10,5,5,2,15,25,3,10,1,1,C03,7,9,1,10,2,11,,25,25,1,9,8,C03,120.625395,24.108636,2
2022,1,20,20,17,臺中市,神岡區,0,1,0,7,3,5,50,3,2,1,5,4,5,7,1,1,5,4,4,2,17,6,3,10,3,4,C03,7,5,3,18,2,11,,6,6,1,22,9,C03,120.695515,24.236436,2
2022,1,20,20,36,臺中市,神岡區,0,1,0,8,1,5,50,11,9,1,5,4,5,7,4,4,5,5,5,1,16,26,3,10,3,4,B03,7,11,1,8,2,5,,26,26,1,22,9,B03,120.681755,24.267841,2
2022,1,20,20,46,臺中市,大雅區,0,0,0,8,,,50,,,,,,,,,,,,,,,23,,,,,B03,,,1,,2,,,23,23,1,22,,B03,120.644577,24.22527,3
2022,1,20,21,10,臺中市,大甲區,0,2,0,8,3,5,50,4,1,1,5,4,5,7,1,1,5,5,5,2,16,6,2,9,1,4,F03,7,8,8,20,2,16,,6,6,1,9,8,F03,120.633425,24.356215,2
2022,1,20,21,19,臺中市,太平區,0,0,0,8,,,50,,,,,,,,,,,,,,,18,,,,,B12,,,1,,1,,,18,18,1,9,,B12,120.722775,24.125721,3
2022,1,20,21,24,臺中市,西區,0,0,0,8,,,60,,,,,,,,,,,,,,,16,,,,,B03,,,1,,1,,,16,16,1,4,,B03,120.662157,24.156188,3
2022,1,20,21,29,臺中市,東區,0,0,0,,,,40,,,,,,,,,,,,,,,23,,,,,C03,,,1,,2,,,23,23,1,22,,C03,120.661583,24.126586,3
2022,1,20,21,30,臺中市,大雅區,0,1,0,6,3,5,50,14,9,1,4,4,5,7,4,4,1,4,5,1,12,6,2,9,1,1,C03,7,9,1,10,2,14,,6,6,1,22,9,C03,120.63698,24.234716,2
2022,1,20,21,33,臺中市,神岡區,0,0,0,8,,,50,,,,,,,,,,,,,,,23,,,,,B03,,,1,,2,,,23,23,1,22,,B03,120.69937,24.250975,3
2022,1,20,21,41,臺中市,大雅區,0,0,0,6,,,50,,,,,,,,,,,,,,,6,,,,,C03,,,1,,2,,,6,6,1,22,,C03,120.648818,24.218737,3
2022,1,20,21,43,臺中市,北區,0,0,0,,,,50,,,,,,,,,,,,,,,12,,,,,B03,,,1,,2,,,12,12,1,5,,B03,120.677177,24.17216,3
2022,1,20,21,46,臺中市,烏日區,0,0,0,8,,,70,,,,,,,,,,,,,,,23,,,,,B03,,,1,,2,,,23,23,1,22,,B03,120.599642,24.110249,3
2022,1,20,21,58,臺中市,南屯區,0,0,0,8,,,50,,,,,,,,,,,,,,,42,,,,,B03,,,1,,1,,,42,42,1,22,,B03,120.646299,24.146838,3
2022,1,20,21,58,臺中市,大里區,0,1,0,8,3,5,50,3,2,1,5,4,5,7,3,1,5,4,4,1,13,16,2,9,3,4,C03,7,5,1,10,2,11,,16,16,1,22,9,C03,120.684344,24.117113,2
2022,1,20,22,18,臺中市,中區,0,1,0,8,3,5,50,14,9,1,5,4,5,7,4,4,5,5,5,2,17,40,3,10,3,1,B03,7,13,1,8,2,4,,40,40,1,22,8,B03,120.684909,24.141878,2
2022,1,21,0,6,臺中市,沙鹿區,0,1,0,8,3,5,50,5,1,1,5,4,5,7,3,1,10,5,5,2,15,6,3,10,1,1,B03,7,9,1,8,2,2,,6,6,1,9,9,B03,120.558754,24.233577,2
2022,1,21,0,10,臺中市,沙鹿區,0,0,0,8,,,40,,,,,,,,,,,,,,,19,,,,,B03,,,1,,2,,,19,19,2,4,,B03,120.561328,24.24343,3
2022,1,21,0,13,臺中市,梧棲區,0,0,0,7,3,5,50,4,2,1,5,4,5,7,1,1,1,4,5,2,17,21,3,10,3,4,B03,7,9,1,8,7,1,,21,21,1,22,8,B03,120.537558,24.262312,3
2022,1,21,0,18,臺中市,北區,0,1,0,8,3,5,50,4,1,1,5,4,5,7,3,1,5,5,5,2,15,6,2,9,1,1,C03,7,9,1,10,2,11,,6,6,1,21,8,C03,120.682364,24.16033,2
2022,1,21,0,38,臺中市,西區,0,0,0,8,,,50,,,,,,,,,,,,,,,25,,,,,B03,,,1,,1,,,25,25,1,4,,B03,120.661687,24.146708,3
2022,1,21,0,50,臺中市,大安區,0,0,0,8,,,30,,,,,,,,,,,,,,,16,,,,,B03,,,1,,2,,,16,16,1,21,,B03,120.574243,24.345863,3
2022,1,21,3,7,臺中市,西屯區,0,1,0,8,3,5,50,11,6,1,5,4,5,7,4,4,10,5,1,2,18,42,2,9,1,1,C03,7,6,1,10,2,12,,42,42,1,18,8,C03,120.63336,24.173782,2
2022,1,21,4,27,臺中市,西區,0,0,0,8,,,50,,,,,,,,,,,,,,,23,,,,,B03,,,1,,9,,,23,23,1,9,,B03,120.668116,24.136568,3
2022,1,21,5,1,臺中市,大雅區,0,1,0,6,3,5,30,3,1,1,4,4,5,7,4,4,10,5,5,1,16,6,3,10,1,1,B01,7,6,1,2,2,1,,6,6,1,22,9,B01,120.666233,24.225616,2
2022,1,21,5,20,臺中市,西屯區,0,0,0,8,,,30,,,,,,,,,,,,,,,23,,,,,B02,,,1,,2,,,23,23,1,22,,B02,120.637668,24.183115,3
2022,1,21,5,42,臺中市,北區,0,2,0,8,4,5,50,14,8,1,5,4,5,7,1,1,3,4,4,2,17,42,2,9,1,1,F01,7,15,8,20,2,16,,42,42,1,22,8,F01,120.685169,24.166985,2
2022,1,21,5,51,臺中市,大甲區,0,2,0,6,2,5,50,14,9,1,4,4,5,7,4,4,1,4,4,1,13,23,2,9,1,1,C03,7,9,1,10,2,11,,23,23,1,4,1,C03,120.640331,24.364525,2
2022,1,21,6,26,臺中市,豐原區,0,1,0,6,2,5,50,3,18,1,4,4,5,7,1,1,5,5,5,1,3,23,3,10,1,1,B03,7,6,1,8,2,8,,23,23,1,22,8,B03,120.71186,24.239998,2
2022,1,21,6,29,臺中市,豐原區,0,2,0,6,2,5,50,3,1,1,4,4,5,7,4,4,5,4,4,2,16,6,3,10,1,1,B12,7,5,1,8,2,5,,6,6,1,22,8,B12,120.716509,24.25214,2
2022,1,21,6,31,臺中市,潭子區,0,0,0,,,,50,,,,,,,,,,,,,,,17,,,,,B03,,,1,,2,,,17,17,1,22,,B03,120.678293,24.215609,3
2022,1,21,6,49,臺中市,沙鹿區,0,1,0,6,2,5,50,3,1,1,4,4,5,7,4,4,10,5,4,2,17,10,3,10,1,1,B12,7,11,1,8,2,4,,10,10,1,1,4,B12,120.560012,24.238811,2
2022,1,21,7,5,臺中市,北屯區,0,1,0,7,1,5,50,14,7,1,5,4,5,7,4,4,5,5,4,2,18,42,2,9,1,1,C03,7,9,1,10,2,12,,42,42,1,5,1,C03,120.692821,24.164902,2
2022,1,21,7,10,臺中市,大甲區,0,1,0,6,1,5,30,3,1,1,4,4,5,7,4,4,10,5,5,2,9,23,3,10,1,1,B03,7,5,1,8,2,8,,23,23,1,4,1,B03,120.612186,24.350886,2
2022,1,21,7,12,臺中市,后里區,0,2,0,6,1,5,50,3,1,1,4,4,5,7,4,4,4,3,5,1,11,6,2,9,1,1,C03,7,5,1,10,2,11,,6,6,1,22,8,C03,120.707715,24.325926,2
2022,1,21,7,24,臺中市,豐原區,0,0,0,8,,,60,,,,,,,,,,,,,,,23,,,,,A31,,,1,,2,,,23,23,1,22,,A31,120.723855,24.264416,3
2022,1,21,7,28,臺中市,大甲區,0,1,0,6,1,5,40,3,1,1,4,4,5,7,1,1,10,5,5,2,18,43,2,8,1,1,C03,7,9,1,8,2,12,,43,43,1,4,1,C03,120.652245,24.383354,2
2022,1,21,7,29,臺中市,大雅區,0,1,0,6,1,5,50,3,1,1,4,4,5,7,3,1,5,4,5,1,16,19,3,10,1,1,B03,7,1,1,8,2,6,,19,19,1,22,9,B03,120.656605,24.222408,2
2022,1,21,7,30,臺中市,清水區,0,1,0,6,1,5,30,4,1,1,4,4,5,7,4,4,5,5,5,1,15,6,3,10,1,1,B03,7,9,1,8,2,2,,6,6,1,21,8,B03,120.558979,24.280391,2
2022,1,21,7,30,臺中市,清水區,0,1,0,6,2,5,30,3,1,1,4,4,5,7,4,4,10,5,5,2,16,23,3,10,1,1,B03,7,5,1,8,2,8,,23,23,1,5,1,B03,120.582637,24.275154,2
2022,1,21,7,32,臺中市,北屯區,0,0,0,8,,,50,,,,,,,,,,,,,,,23,,,,,B03,,,1,,2,,,23,23,1,5,,B03,120.702048,24.181248,3
2022,1,21,7,35,臺中市,沙鹿區,0,1,0,6,1,5,50,4,1,1,4,4,5,7,1,1,10,5,5,2,13,23,3,10,1,1,B03,7,9,1,8,2,8,,23,23,1,5,8,B03,120.578632,24.221335,2
2022,1,21,7,38,臺中市,神岡區,0,1,0,8,1,5,30,4,2,1,5,4,5,7,4,4,10,5,5,1,17,6,2,9,1,1,C03,7,6,1,10,2,13,,6,6,1,22,9,C03,120.643223,24.246065,2
2022,1,21,7,40,臺中市,大雅區,0,0,0,6,,,50,,,,,,,,,,,,,,,12,,,,,B12,,,1,,2,,,12,12,1,22,,B12,120.64803,24.225235,3
2022,1,21,7,41,臺中市,太平區,0,0,0,6,,,30,,,,,,,,,,,,,,,23,,,,,B03,,,1,,2,,,23,23,1,22,,B03,120.737496,24.136675,3
2022,1,21,7,42,臺中市,北區,0,0,0,8,,,30,,,,,,,,,,,,,,,23,,,,,A12,,,1,,2,,,23,23,1,5,,A12,120.684088,24.147681,3
2022,1,21,7,43,臺中市,龍井區,0,1,0,6,1,5,30,3,1,1,4,4,5,7,3,1,10,5,5,2,16,6,3,10,1,1,C03,7,5,1,10,2,13,,6,6,1,5,1,C03,120.54119,24.193382,2
2022,1,21,7,45,臺中市,大雅區,0,1,0,6,1,5,50,14,7,1,4,4,5,7,1,1,1,4,4,1,18,23,2,9,1,1,C03,7,9,1,10,2,15,,23,23,1,22,8,C03,120.64053,24.230785,2
2022,1,21,7,49,臺中市,神岡區,0,1,0,6,1,5,50,3,2,1,4,4,5,7,4,4,5,5,5,1,17,8,3,10,3,4,B12,7,5,1,8,2,1,,8,8,1,22,9,B12,120.701246,24.251905,2
2022,1,21,7,51,臺中市,豐原區,0,2,0,6,1,5,50,3,1,1,4,4,5,7,4,4,5,5,4,2,3,23,2,9,1,1,C03,7,12,1,10,2,11,,23,23,1,21,1,C03,120.718741,24.25662,2
2022,1,21,7,53,臺中市,西屯區,0,2,0,6,1,5,50,3,1,1,4,4,5,7,4,4,10,5,5,2,16,6,2,9,1,1,C03,7,5,1,10,2,14,,6,6,1,21,8,C03,120.593809,24.177992,2
2022,1,21,7,55,臺中市,大雅區,0,0,0,6,,,50,,,,,,,,,,,,,,,6,,,,,B12,,,1,,2,,,6,6,1,22,,B12,120.630234,24.210011,3
2022,1,21,7,55,臺中市,大雅區,0,1,0,6,1,5,50,4,1,1,4,4,5,7,1,1,5,4,5,1,16,43,3,10,1,1,B03,7,9,1,8,2,1,,43,43,1,22,9,B03,120.661073,24.217105,2
2022,1,21,7,56,臺中市,后里區,0,0,0,6,1,5,50,14,9,1,4,4,5,7,4,4,5,5,5,2,17,23,3,10,1,1,B03,7,9,1,8,2,2,,23,23,1,21,8,B03,120.712983,24.307333,3
2022,1,21,7,57,臺中市,北區,0,1,0,6,1,5,50,4,1,1,4,4,5,7,1,1,1,2,4,2,16,26,3,10,1,1,B03,7,5,1,8,2,8,,26,26,1,5,8,B03,120.685395,24.152786,2
2022,1,21,8,3,臺中市,西屯區,0,0,0,8,,,80,,,,,,,,,,,,,,,23,,,,,B03,,,1,,1,,,23,23,1,22,,B03,120.637709,24.186285,3
2022,1,21,8,4,臺中市,豐原區,0,1,0,6,1,5,50,14,9,1,4,4,5,7,4,4,4,4,5,1,16,26,3,10,3,4,B12,7,1,1,8,2,4,,26,26,1,22,8,B12,120.724366,24.234861,2
2022,1,21,8,11,臺中市,西區,0,2,0,6,1,5,50,4,1,1,4,4,5,7,1,1,10,5,5,2,16,6,,,,,,,,,,,,,,,,,,,120.660448,24.132792,2
2022,1,21,8,14,臺中市,太平區,0,0,0,6,,,50,,,,,,,,,,,,,,,12,,,,,A11,,,1,,2,,,12,12,1,10,,A11,120.699929,24.154041,3
2022,1,21,8,16,臺中市,大雅區,0,1,0,6,1,5,30,3,1,1,4,4,5,7,4,4,10,3,5,1,17,23,2,9,1,1,C03,7,9,1,10,2,15,,23,23,1,22,9,C03,120.639601,24.214664,2
2022,1,21,8,18,臺中市,大雅區,0,0,0,6,,,50,,,,,,,,,,,,,,,23,,,,,C03,,,1,,1,,,23,23,1,22,,C03,120.64978,24.223061,3
2022,1,21,8,18,臺中市,北區,0,0,0,6,,,50,,,,,,,,,,,,,,,6,,,,,B03,,,1,,2,,,6,6,1,5,,B03,120.689717,24.157792,3
2022,1,21,8,20,臺中市,中區,0,2,0,8,1,5,50,14,9,1,4,4,5,7,1,1,5,4,4,2,16,23,2,9,1,1,C03,7,9,1,10,1,11,,23,23,1,20,8,C03,120.681796,24.144577,2
2022,1,21,8,20,臺中市,大里區,0,0,0,8,,,50,,,,,,,,,,,,,,,12,,,,,B03,,,1,,2,,,12,12,1,22,,B03,120.71167,24.086043,3
2022,1,21,8,20,臺中市,太平區,0,1,0,6,1,5,30,11,9,1,4,4,5,7,4,4,10,5,5,2,11,5,3,10,3,4,C03,7,9,3,18,2,14,,5,5,1,9,8,C03,120.726032,24.125305,2
2022,1,21,8,21,臺中市,神岡區,0,1,0,6,1,5,40,3,2,1,4,4,5,7,4,4,10,5,5,2,17,23,2,9,1,1,C03,7,9,1,10,2,11,,23,23,1,22,9,C03,120.702383,24.262421,2
2022,1,21,8,24,臺中市,大雅區,0,1,0,6,1,5,50,3,1,1,4,4,5,7,4,4,10,5,5,2,16,6,3,10,1,1,B03,7,5,1,8,2,5,,6,6,1,22,8,B03,120.64949,24.214536,2
2022,1,21,8,25,臺中市,西區,0,0,0,6,1,5,50,4,1,1,4,4,5,7,1,1,5,5,5,2,13,16,,,,,B03,,,1,,1,,,16,16,1,21,,B03,120.657466,24.150846,3
2022,1,21,8,26,臺中市,西屯區,0,2,0,6,1,5,50,14,9,1,4,4,5,7,4,4,5,5,5,2,16,6,3,10,1,1,B03,7,5,1,8,1,4,,6,6,1,22,8,B03,120.605219,24.162544,2
2022,1,21,8,27,臺中市,北區,0,1,0,8,1,5,50,3,2,1,5,4,5,7,1,1,5,4,5,2,17,6,3,10,1,1,C03,7,5,1,10,2,12,,6,6,1,20,8,C03,120.688816,24.152902,2
2022,1,21,8,33,臺中市,北區,0,0,0,6,,,50,,,,,,,,,,,,,,,17,,,,,B03,,,1,,1,,,17,17,1,22,,B03,120.68906,24.160149,3
2022,1,21,8,34,臺中市,北區,0,1,0,6,1,5,50,4,1,1,4,4,5,7,1,1,5,4,5,2,16,6,3,10,1,1,B03,7,6,1,8,2,6,,6,6,1,5,8,B03,120.673337,24.166906,2
2022,1,21,8,34,臺中市,北屯區,0,1,0,6,1,5,50,14,9,1,4,4,5,7,4,4,1,4,5,2,17,7,2,8,1,1,C03,7,10,1,10,2,12,,7,7,1,5,8,C03,120.69485,24.165521,2
2022,1,21,8,38,臺中市,潭子區,0,0,0,8,,,30,,,,,,,,,,,,,,,23,,,,,B03,,,1,,1,,,23,23,1,22,,B03,120.707163,24.228538,3
2022,1,21,8,46,臺中市,北區,0,0,0,6,,,50,,,,,,,,,,,,,,,16,,,,,B12,,,1,,1,,,16,16,1,5,,B12,120.681024,24.163198,3
2022,1,21,8,49,臺中市,南區,0,0,0,6,,,50,,,,,,,,,,,,,,,16,,,,,B03,,,1,,1,,,16,16,1,22,,B03,120.671196,24.119067,3
2022,1,21,8,53,臺中市,西屯區,0,1,0,6,1,5,40,14,9,1,4,4,5,7,4,4,5,5,4,2,18,42,2,9,1,1,C03,7,9,1,10,2,12,,42,42,1,22,8,C03,120.661186,24.164848,2
2022,1,21,8,53,臺中市,神岡區,0,0,0,6,,,60,,,,,,,,,,,,,,,6,,,,,B03,,,1,,2,,,6,6,1,22,,B03,120.680224,24.244826,3
2022,1,21,8,55,臺中市,西區,0,1,0,6,1,5,50,4,1,1,4,4,5,7,1,1,10,5,5,2,17,6,3,10,1,1,B03,7,5,1,8,2,1,,6,6,1,4,1,B03,120.662743,24.161205,2