年,月,日,時,分,縣市,區,死,受傷,2-30,天候,光線,道路類別,速限,道路型態,事故位置,路面鋪裝,路面狀態,路面缺陷,障礙物,視距,號誌種類,號誌動作,分向設施,快車道或一般車道間,快慢車道間,路面邊線,事故類型及型態,主要肇因,受傷程度,主要傷處,保護裝備,行動電話,當事者區分,車輛用途,當事者行動狀態,駕駛資格情形,駕駛執照種類,飲酒情形,車輛撞擊部位最初,車輛撞擊部位其他,肇事因素個別,肇事因素主要,肇事逃逸,職業,旅次目的,車種,GPS緯度,GPS經度,事故類別
2022,1,21,8,59,臺中市,南屯區,0,0,0,6,,,50,,,,,,,,,,,,,,,7,,,,,B03,,,1,,1,,,7,7,1,5,,B03,120.610612,24.154935,3
2022,1,21,9,0,臺中市,太平區,0,1,0,6,1,5,50,14,9,1,4,4,5,7,4,4,5,4,5,2,13,23,2,7,1,1,C03,7,9,1,10,2,11,,23,23,1,9,1,C03,120.713443,24.149564,2
2022,1,21,9,4,臺中市,北屯區,0,0,0,6,,,80,,,,,,,,,,,,,,,23,,,,,B03,,,1,,1,,,23,23,1,21,,B03,120.690468,24.201141,3
2022,1,21,9,5,臺中市,清水區,0,1,0,8,1,5,50,4,1,1,4,4,5,7,1,1,10,5,5,2,18,23,2,9,1,1,C03,7,9,1,10,2,11,,23,23,1,5,5,C03,120.551797,24.280685,2
2022,1,21,9,7,臺中市,大里區,0,0,0,8,,,50,,,,,,,,,,,,,,,16,,,,,B03,,,1,,2,,,16,16,1,22,,B03,120.674307,24.114932,3
2022,1,21,9,8,臺中市,西屯區,0,0,0,,,,40,,,,,,,,,,,,,,,43,,,,,A11,,,1,,2,,,43,43,1,22,,A11,120.658983,24.201041,3
2022,1,21,9,8,臺中市,神岡區,0,2,0,8,1,5,30,3,1,1,5,4,5,7,4,4,10,5,5,2,16,6,2,9,1,1,C03,7,5,1,10,2,11,,6,6,1,22,9,C03,120.65012,24.278658,2
2022,1,21,9,10,臺中市,豐原區,0,1,0,6,1,5,50,3,18,1,4,4,5,7,3,1,1,4,5,2,3,15,3,10,1,1,B03,7,9,1,8,2,2,,15,15,1,21,1,B03,120.704563,24.249669,2
2022,1,21,9,13,臺中市,南屯區,0,1,0,6,1,5,50,4,1,1,3,4,5,7,2,1,10,5,5,2,16,6,3,10,3,4,B03,7,6,1,8,2,5,,6,6,1,22,8,B03,120.630811,24.144949,2
2022,1,21,9,14,臺中市,東區,0,2,0,6,1,5,50,3,1,1,4,4,5,7,1,1,10,5,5,2,16,8,2,5,1,1,C03,7,5,1,10,2,13,,8,8,1,21,8,C03,120.685897,24.135723,2
2022,1,21,9,14,臺中市,沙鹿區,0,1,0,6,1,5,60,4,1,1,4,4,4,7,1,1,10,5,5,2,16,9,3,10,1,1,B11,7,6,1,8,2,6,,9,9,1,9,3,B11,120.553024,24.217214,2
2022,1,21,9,16,臺中市,豐原區,0,0,0,6,,,50,,,,,,,,,,,,,,,44,,,,,C03,,,1,,2,,,44,44,1,22,,C03,120.723371,24.245346,3
2022,1,21,9,17,臺中市,大雅區,0,2,0,6,1,5,50,4,1,1,4,4,5,7,1,1,1,4,4,1,16,6,2,9,1,1,C03,7,9,1,10,2,11,,6,6,1,22,9,C03,120.64659,24.222698,2
2022,1,21,9,17,臺中市,西區,0,0,0,6,,,50,,,,,,,,,,,,,,,6,,,,,B03,,,1,,2,,,6,6,1,21,,B03,120.660448,24.132792,3
2022,1,21,9,17,臺中市,南屯區,0,0,0,8,,,50,,,,,,,,,,,,,,,44,,,,,C02,,,1,,1,,,44,44,1,22,,C02,120.648035,24.149028,3
2022,1,21,9,19,臺中市,西屯區,0,0,0,6,,,50,,,,,,,,,,,,,,,23,,,,,A11,,,1,,1,,,23,23,1,22,,A11,120.621545,24.186772,3
2022,1,21,9,27,臺中市,太平區,0,0,0,6,,,50,,,,,,,,,,,,,,,12,,,,,B12,,,1,,1,,,12,12,1,9,,B12,120.715302,24.15507,3
2022,1,21,9,27,臺中市,梧棲區,0,1,0,6,1,5,50,4,1,1,4,4,5,7,4,4,10,5,5,2,15,6,3,10,1,1,B03,7,9,1,8,2,1,,6,6,1,1,8,B03,120.53978,24.262683,2
2022,1,21,9,28,臺中市,北屯區,0,0,0,6,,,40,,,,,,,,,,,,,,,12,,,,,B03,,,1,,1,,,12,12,1,5,,B03,120.679421,24.194725,3
2022,1,21,9,30,臺中市,沙鹿區,0,3,0,7,1,5,50,4,1,1,4,4,5,7,1,1,10,5,5,2,17,25,2,9,1,1,C03,7,9,2,18,9,11,,25,25,1,15,8,C03,120.568841,24.223586,2
2022,1,21,9,34,臺中市,北屯區,0,1,0,6,1,5,50,14,9,1,4,4,5,7,4,4,5,5,5,2,18,43,2,9,1,1,C03,7,15,1,10,2,12,,43,43,1,22,8,C03,120.761219,24.178766,2
2022,1,21,9,38,臺中市,北區,0,0,0,6,,,50,,,,,,,,,,,,,,,6,,,,,B03,,,1,,2,,,6,6,1,22,,B03,120.675591,24.15099,3
2022,1,21,9,41,臺中市,西區,0,1,0,6,1,5,50,4,1,1,4,4,5,7,4,4,5,5,5,2,12,6,3,10,3,4,B03,7,6,1,8,2,2,,6,6,1,21,8,B03,120.661657,24.150149,2
2022,1,21,9,45,臺中市,清水區,0,0,0,6,,,40,,,,,,,,,,,,,,,19,,,,,B12,,,1,,2,,,19,19,1,21,,B12,120.558013,24.273723,3
2022,1,21,9,50,臺中市,西區,0,1,0,6,1,5,50,14,9,1,4,4,5,7,4,4,5,4,4,2,13,23,2,9,1,1,C03,7,9,1,10,2,11,,23,23,1,20,8,C03,120.661435,24.152233,2
2022,1,21,9,52,臺中市,潭子區,0,1,0,6,1,5,60,14,9,1,4,4,5,7,4,4,1,4,4,1,18,23,2,9,1,1,C03,7,12,1,10,2,14,,23,23,1,22,8,C03,120.705156,24.212231,2
2022,1,21,9,54,臺中市,北區,0,2,0,6,1,5,50,4,1,1,4,4,5,7,1,1,1,4,1,2,13,16,2,9,1,1,C03,7,12,1,10,2,11,,16,16,1,5,8,C03,120.665774,24.153928,2
2022,1,21,10,0,臺中市,西區,0,1,0,6,1,5,50,3,1,1,4,4,5,7,1,1,5,5,5,2,18,23,2,9,3,4,C03,7,9,1,10,2,14,,23,23,1,21,8,C03,120.673295,24.13661,2
2022,1,21,10,0,臺中市,北區,0,3,0,6,1,5,50,4,1,1,4,4,5,7,3,1,10,5,5,2,15,6,2,9,1,1,C03,7,9,1,10,2,12,,6,6,1,5,8,C03,120.673045,24.145259,2
2022,1,21,10,0,臺中市,南屯區,0,1,0,6,1,5,50,14,7,1,4,4,5,7,4,4,3,4,4,2,17,7,2,9,1,1,C03,7,7,1,10,2,14,13,7,7,1,5,8,C03,120.647207,24.150591,2
2022,1,21,10,3,臺中市,西區,0,2,0,6,1,5,50,3,1,1,4,4,5,7,1,1,10,5,5,2,17,42,2,9,1,1,C03,7,8,1,10,2,14,,42,42,1,21,8,C03,120.657395,24.142945,2
2022,1,21,10,5,臺中市,大里區,0,0,0,6,,,30,,,,,,,,,,,,,,,17,,,,,B12,,,1,,2,,,17,17,1,12,,B12,120.704429,24.094763,3
2022,1,21,10,10,臺中市,西區,0,2,0,6,1,5,50,4,1,1,4,4,5,7,2,1,10,5,5,2,13,23,2,9,1,1,C03,7,9,1,10,2,11,,23,23,1,20,8,C03,120.657365,24.146713,2
2022,1,21,10,12,臺中市,西區,0,0,0,6,1,5,50,14,7,1,4,4,5,7,1,1,5,2,5,2,13,7,,,,,C03,,,1,,2,,,7,7,1,4,,C03,120.663074,24.14668,3
2022,1,21,10,15,臺中市,西屯區,0,2,0,6,1,5,40,3,1,1,4,4,5,7,1,1,5,4,4,2,16,8,2,9,1,1,C03,7,5,1,10,2,14,,8,8,1,22,8,C03,120.644915,24.162815,2
2022,1,21,10,15,臺中市,烏日區,0,0,0,6,,,60,,,,,,,,,,,,,,,12,,,,,B03,,,1,,2,,,12,12,1,21,,B03,120.62226,24.105031,3
2022,1,21,10,18,臺中市,西屯區,0,1,0,6,1,5,30,4,1,1,4,4,5,7,4,4,10,5,5,2,15,6,3,10,3,4,B03,7,9,1,8,2,1,,6,6,1,22,8,B03,120.619968,24.18181,2
2022,1,21,10,19,臺中市,北區,0,1,0,6,1,5,50,3,1,1,4,4,5,7,4,4,10,5,5,2,16,6,3,10,1,1,B12,7,5,1,8,2,1,,6,6,1,22,9,B12,120.693766,24.159396,2
2022,1,21,10,21,臺中市,北區,0,0,0,6,,,50,,,,,,,,,,,,,,,23,,,,,B01,,,1,,2,,,23,23,1,10,,B01,120.663022,24.16153,3
2022,1,21,10,22,臺中市,潭子區,0,0,0,6,,,50,,,,,,,,,,,,,,,23,,,,,B03,,,1,,1,,,23,23,1,22,,B03,120.709733,24.20396,3
2022,1,21,10,24,臺中市,北屯區,0,1,0,6,1,5,50,14,7,1,4,4,3,7,4,4,5,5,4,2,12,19,2,9,1,1,C04,7,1,1,10,2,11,,19,19,1,20,8,C04,120.690457,24.174903,2
2022,1,21,10,27,臺中市,太平區,0,0,0,6,,,50,,,,,,,,,,,,,,,22,,,,,B12,,,1,,2,,,22,22,1,22,,B12,120.724087,24.11105,3
2022,1,21,10,28,臺中市,太平區,0,0,0,6,,,50,,,,,,,,,,,,,,,23,,,,,B12,,,1,,2,,,23,23,1,9,,B12,120.714333,24.149314,3
2022,1,21,10,34,臺中市,北屯區,0,0,0,6,,,50,,,,,,,,,,,,,,,16,,,,,B03,,,1,,1,,,16,16,1,5,,B03,120.690781,24.171506,3
2022,1,21,10,36,臺中市,北屯區,0,0,0,6,,,50,,,,,,,,,,,,,,,19,,,,,B03,,,1,,1,,,19,19,1,22,,B03,120.719908,24.174948,3
2022,1,21,10,47,臺中市,石岡區,0,2,0,6,1,7,40,14,8,1,4,4,5,7,4,4,1,4,4,1,12,43,2,8,1,1,C03,7,15,1,10,2,12,,43,43,1,21,8,C03,120.764526,24.276931,2
2022,1,21,10,50,臺中市,沙鹿區,0,0,0,,,,50,,,,,,,,,,,,,,,42,,,,,A11,,,1,,2,,,42,42,1,10,,A11,120.552413,24.215468,3
2022,1,21,11,9,臺中市,北區,0,1,0,6,1,5,50,4,1,1,4,4,5,7,1,1,1,2,4,2,16,6,3,10,1,1,B12,7,5,1,8,2,2,,6,6,1,5,8,B12,120.668095,24.162861,2
2022,1,21,11,17,臺中市,西區,0,1,0,6,1,5,40,4,1,1,4,4,5,7,1,1,10,5,5,2,18,42,2,9,1,1,C03,7,9,1,10,2,14,,42,42,1,21,8,C03,120.660448,24.132792,2
2022,1,21,11,23,臺中市,神岡區,0,0,0,6,,,50,,,,,,,,,,,,,,,23,,,,,A12,,,1,,1,,,23,23,1,22,,A12,120.65635,24.250582,3
2022,1,21,11,24,臺中市,大雅區,0,0,0,6,,,50,,,,,,,,,,,,,,,8,,,,,C03,,,1,,2,,,8,8,1,22,,C03,120.653784,24.231071,3
2022,1,21,11,32,臺中市,南屯區,0,0,0,6,,,50,,,,,,,,,,,,,,,12,,,,,B02,,,1,,2,,,12,12,1,5,,B02,120.627522,24.117195,3
2022,1,21,11,34,臺中市,太平區,0,1,0,6,1,5,50,14,7,1,4,4,5,7,4,4,5,4,4,1,13,16,2,9,1,1,C03,7,9,1,8,2,11,,16,16,1,18,8,C03,120.720123,24.130378,2
2022,1,21,11,35,臺中市,太平區,0,1,0,6,1,5,50,4,1,1,4,4,5,7,2,1,10,5,5,2,16,6,3,10,1,1,B03,7,5,1,7,2,2,,6,6,1,7,7,B03,120.728133,24.15003,2
2022,1,21,11,35,臺中市,太平區,0,1,0,6,1,5,50,14,7,1,4,4,5,7,4,4,5,5,4,1,13,23,2,9,3,4,C03,7,9,1,10,2,14,,23,23,1,18,8,C03,120.720066,24.148892,2
2022,1,21,11,36,臺中市,大里區,0,1,0,8,1,5,50,14,9,1,5,4,5,7,4,4,5,5,5,1,13,16,3,10,3,4,C03,7,9,3,18,2,13,,44,16,1,22,9,C03,120.677627,24.097446,2
2022,1,21,11,37,臺中市,北屯區,0,0,0,6,,,50,,,,,,,,,,,,,,,12,,,,,B03,,,1,,2,,,12,12,1,4,,B03,120.687686,24.20564,3
2022,1,21,11,37,臺中市,沙鹿區,0,1,0,6,1,5,50,14,9,1,4,4,5,7,4,4,10,5,5,2,17,19,3,10,1,1,B03,7,1,1,8,2,1,,19,19,1,18,8,B03,120.582298,24.224287,2
2022,1,21,11,40,臺中市,烏日區,0,0,0,8,,,30,,,,,,,,,,,,,,,42,,,,,B03,,,1,,2,,,42,42,1,21,,B03,120.653656,24.062433,3
2022,1,21,11,41,臺中市,南區,0,0,0,8,,,50,,,,,,,,,,,,,,,23,,,,,B03,,,1,,2,,,23,23,1,21,,B03,120.679262,24.126371,3
2022,1,21,11,52,臺中市,太平區,0,1,0,8,1,5,50,14,9,1,5,4,5,7,4,4,5,4,5,1,17,23,3,10,1,1,G06,7,1,1,8,2,1,,23,23,1,9,8,G06,120.712951,24.133644,2
2022,1,21,11,54,臺中市,潭子區,0,0,0,,,,30,,,,,,,,,,,,,,,12,,,,,B12,,,1,,2,,,12,12,1,22,,B12,120.68104,24.221145,3
2022,1,21,11,55,臺中市,龍井區,0,0,0,8,,,50,,,,,,,,,,,,,,,12,,,,,B12,,,1,,2,,,12,12,1,22,,B12,120.582713,24.178313,3
2022,1,21,11,55,臺中市,豐原區,0,0,0,6,,,30,,,,,,,,,,,,,,,12,,,,,B12,,,1,,2,,,12,12,1,21,,B12,120.723274,24.238633,3
2022,1,21,12,0,臺中市,中區,0,1,0,8,1,5,50,4,1,1,4,4,5,7,2,1,10,5,5,2,17,23,2,9,1,1,C03,7,9,1,10,2,11,,23,23,1,20,8,C03,120.677514,24.142814,2
2022,1,21,12,1,臺中市,大雅區,0,0,0,8,,,50,,,,,,,,,,,,,,,16,,,,,B03,,,1,,2,,,16,16,1,22,,B03,120.654038,24.221186,3
2022,1,21,12,2,臺中市,北屯區,0,2,0,8,1,5,50,3,1,1,4,4,5,7,4,4,10,5,5,2,3,23,2,7,1,1,C03,7,9,1,10,2,14,,23,23,1,21,8,C03,120.705372,24.166662,2
2022,1,21,12,5,臺中市,北屯區,0,1,0,6,1,5,50,14,8,1,4,4,5,7,4,4,1,4,4,2,16,19,3,10,1,1,B03,7,1,1,8,2,8,,19,19,1,21,8,B03,120.687291,24.181635,2
2022,1,21,12,5,臺中市,太平區,0,0,0,6,,,50,,,,,,,,,,,,,,,23,,,,,B03,,,1,,2,,,23,23,1,5,,B03,120.710944,24.150682,3
2022,1,21,12,7,臺中市,潭子區,0,0,0,6,,,30,,,,,,,,,,,,,,,6,,,,,B03,,,1,,2,,,6,6,1,22,,B03,120.697885,24.197012,3
2022,1,21,12,8,臺中市,西屯區,0,0,0,8,,,50,,,,,,,,,,,,,,,23,,,,,B03,,,1,,2,,,23,23,1,22,,B03,120.620056,24.180731,3
2022,1,21,12,9,臺中市,西區,0,0,0,6,1,5,50,4,1,1,4,4,5,7,1,1,5,5,5,2,13,16,,,,,B12,,,1,,1,,,16,16,1,21,,B12,120.663886,24.157593,3
2022,1,21,12,10,臺中市,梧棲區,0,1,0,6,1,5,40,14,8,1,4,4,5,7,4,4,1,5,4,1,17,23,2,9,1,1,C03,7,9,1,10,2,11,,23,23,1,18,1,C03,120.539753,24.26268,2
2022,1,21,12,10,臺中市,豐原區,0,1,0,6,1,5,50,5,1,1,4,4,5,7,2,1,10,5,5,2,17,42,3,10,1,1,B03,7,5,1,8,2,8,,42,42,1,22,8,B03,120.718043,24.251938,2
2022,1,21,12,13,臺中市,西屯區,0,1,0,6,1,5,40,14,8,1,4,4,5,7,4,4,1,4,4,2,13,16,2,9,1,1,C03,7,9,1,10,2,11,,16,16,1,22,8,C03,120.635543,24.171576,2
2022,1,21,12,15,臺中市,沙鹿區,0,0,0,6,,,50,,,,,,,,,,,,,,,23,,,,,B03,,,1,,2,,,23,23,1,22,,B03,120.560423,24.240133,3
2022,1,21,12,19,臺中市,豐原區,0,0,0,,,,60,,,,,,,,,,,,,,,12,,,,,B03,,,1,,2,,,12,12,1,22,,B03,120.710386,24.25037,3
2022,1,21,12,20,臺中市,南屯區,0,0,0,,,,40,,,,,,,,,,,,,,,10,,,,,B03,,,1,,1,,,10,10,2,22,,B03,120.63027,24.156856,3
2022,1,21,12,22,臺中市,南屯區,0,0,0,6,,,40,,,,,,,,,,,,,,,25,,,,,B03,,,1,,2,,,25,25,1,12,,B03,120.623497,24.149515,3
2022,1,21,12,30,臺中市,潭子區,0,0,0,6,,,50,,,,,,,,,,,,,,,23,,,,,B12,,,1,,2,,,23,23,1,22,,B12,120.706803,24.214459,3
2022,1,21,12,32,臺中市,沙鹿區,0,1,0,8,1,5,60,3,1,1,5,4,5,7,2,1,10,5,5,2,16,26,3,10,1,1,B03,7,6,1,8,2,2,,26,26,1,20,5,B03,120.581174,24.209759,2
2022,1,21,12,47,臺中市,西區,0,1,0,8,1,5,50,15,9,1,5,4,5,7,4,4,5,4,5,2,18,42,2,9,1,1,C03,7,15,1,10,2,12,,42,42,1,4,6,C03,120.65712,24.140839,2
2022,1,21,12,48,臺中市,豐原區,0,1,0,6,1,5,50,14,9,1,4,4,5,7,2,1,1,2,5,2,17,19,3,10,1,1,B03,7,1,1,8,2,3,,19,19,1,4,5,B03,120.71283,24.241616,2
2022,1,21,12,49,臺中市,大里區,0,0,0,8,,,50,,,,,,,,,,,,,,,16,,,,,B03,,,1,,2,,,16,16,1,22,,B03,120.669295,24.096969,3
2022,1,21,12,51,臺中市,沙鹿區,0,1,0,6,1,5,50,11,9,1,4,4,5,1,4,4,5,5,5,2,17,26,3,10,1,1,C03,7,15,1,10,2,15,,26,26,1,22,9,C03,120.567449,24.249562,2
2022,1,21,12,52,臺中市,西屯區,0,0,0,6,,,50,,,,,,,,,,,,,,,23,,,,,B03,,,1,,1,,,23,23,1,22,,B03,120.618448,24.177756,3
2022,1,21,12,52,臺中市,龍井區,0,1,0,8,1,5,30,3,2,1,4,4,5,7,4,4,10,5,5,2,29,23,2,9,3,4,C03,7,6,1,10,2,15,,23,23,1,22,9,C03,120.590088,24.179141,2
2022,1,21,13,2,臺中市,豐原區,0,1,0,7,1,5,50,3,1,1,4,4,5,7,4,4,5,4,4,2,16,6,3,10,1,1,C03,7,5,1,10,2,13,,6,6,1,19,8,C03,120.706897,24.251881,2
2022,1,21,13,6,臺中市,北屯區,0,1,0,7,1,5,50,3,2,1,4,4,5,7,4,4,1,4,5,2,17,9,3,10,1,1,B03,7,6,1,8,9,15,,9,9,1,20,8,B03,120.709864,24.18236,2
2022,1,21,13,12,臺中市,北區,0,1,0,6,1,5,50,4,1,1,4,4,5,7,1,1,10,5,5,2,16,25,3,10,1,1,B03,7,5,1,8,2,1,,25,25,1,5,8,B03,120.6767,24.163277,2
2022,1,21,13,12,臺中市,南屯區,0,0,0,6,,,40,,,,,,,,,,,,,,,18,,,,,B03,,,1,,2,,,18,18,1,22,,B03,120.64133,24.133404,3
2022,1,21,13,20,臺中市,西屯區,0,0,0,,,,50,,,,,,,,,,,,,,,23,,,,,B03,,,1,,2,,,23,23,1,22,,B03,120.640218,24.168076,3
2022,1,21,13,24,臺中市,北區,0,2,0,6,1,5,50,4,1,1,4,4,5,7,4,4,10,5,5,2,15,6,2,9,1,1,C03,7,9,1,10,2,11,,6,6,1,22,9,C03,120.67225,24.158514,2
2022,1,21,13,25,臺中市,西區,0,1,0,7,1,5,50,3,1,1,5,4,5,7,4,4,10,5,5,2,14,12,3,10,1,1,B03,7,2,1,8,2,6,,12,12,1,22,8,B03,120.662916,24.152537,2
2022,1,21,13,28,臺中市,西區,0,1,0,6,1,5,50,4,1,1,4,4,5,7,4,4,10,5,5,2,15,6,3,10,1,1,B12,7,9,1,8,3,6,,14,6,1,22,9,B12,120.668192,24.149007,2
2022,1,21,13,34,臺中市,梧棲區,0,1,0,6,1,5,50,3,2,1,4,4,5,7,4,4,10,5,5,2,17,42,3,10,1,1,C03,7,6,1,8,2,15,,42,42,1,18,8,C03,120.550348,24.240505,2
2022,1,21,13,37,臺中市,西區,0,0,0,,,,50,,,,,,,,,,,,,,,23,,,,,B02,,,1,,1,,,23,23,1,20,,B02,120.661818,24.155538,3
2022,1,21,13,38,臺中市,西區,0,0,0,8,1,5,50,4,1,1,5,4,5,7,1,1,5,5,5,2,13,16,,,,,B12,,,1,,1,,,16,16,1,21,,B12,120.668627,24.135298,3
2022,1,21,13,44,臺中市,大里區,0,0,0,6,,,30,,,,,,,,,,,,,,,17,,,,,B03,,,1,,9,,,17,17,1,2,,B03,120.688505,24.109426,3
2022,1,21,13,44,臺中市,太平區,0,0,0,8,,,50,,,,,,,,,,,,,,,6,,,,,G03,,,8,,2,,,6,6,1,22,,G03,120.731197,24.127728,3
2022,1,21,13,48,臺中市,北屯區,0,1,0,6,1,5,50,14,9,1,4,4,5,7,4,4,1,4,5,2,12,43,2,9,1,1,C03,7,9,1,10,2,14,,43,43,1,22,8,C03,120.685562,24.167898,2
2022,1,21,13,53,臺中市,后里區,0,0,0,8,,,60,,,,,,,,,,,,,,,23,,,,,B03,,,1,,1,,,23,23,1,22,,B03,120.723152,24.288786,3
2022,1,21,13,59,臺中市,太平區,0,0,0,6,,,40,,,,,,,,,,,,,,,12,,,,,B03,,,1,,2,,,12,12,1,9,,B03,120.719087,24.154638,3
2022,1,21,14,0,臺中市,大雅區,0,1,0,6,1,5,50,14,8,1,4,4,5,7,4,4,1,4,4,1,17,23,2,9,1,1,C03,7,9,1,10,2,14,,23,23,1,22,9,C03,120.647051,24.221718,2
2022,1,21,14,6,臺中市,西區,0,1,0,6,1,5,50,4,1,1,4,4,5,7,4,4,10,5,5,2,16,6,3,10,1,1,B03,7,9,1,8,2,1,,14,6,1,20,8,B03,120.66097,24.154839,2
2022,1,21,14,6,臺中市,西區,0,0,0,8,,,50,,,,,,,,,,,,,,,42,,,,,B03,,,1,,1,,,42,42,1,22,,B03,120.662983,24.150864,3
2022,1,21,14,9,臺中市,潭子區,0,0,0,8,,,60,,,,,,,,,,,,,,,23,,,,,B03,,,1,,2,,,23,23,1,22,,B03,120.70339,24.201661,3
2022,1,21,14,12,臺中市,南屯區,0,1,0,7,1,5,50,14,9,1,5,4,5,7,4,4,1,4,5,2,16,26,2,9,1,4,C03,7,9,1,10,2,14,,26,26,1,22,8,C03,120.616898,24.153496,2
2022,1,21,14,17,臺中市,南屯區,0,0,0,6,1,5,50,14,9,1,4,4,5,7,4,4,5,4,5,2,16,18,,,,,B03,,,1,,2,,,18,18,1,22,,B03,120.64504,24.140467,3
2022,1,21,14,19,臺中市,西屯區,0,0,0,,,,40,,,,,,,,,,,,,,,7,,,,,B03,,,1,,2,,,7,7,1,22,,B03,120.617741,24.185551,3
2022,1,21,14,20,臺中市,南屯區,0,0,0,6,,,50,,,,,,,,,,,,,,,8,,,,,C03,,,1,10,2,,,8,8,1,12,,C03,120.648708,24.150827,3
2022,1,21,14,20,臺中市,豐原區,0,1,0,6,1,5,50,14,9,1,4,4,5,7,4,4,5,4,4,2,18,26,2,9,3,4,C03,7,9,1,10,2,15,,26,26,1,22,8,C03,120.718513,24.242251,2
2022,1,21,14,24,臺中市,潭子區,0,0,0,8,,,60,,,,,,,,,,,,,,,44,,,,,B03,,,1,,2,,,44,44,1,22,,B03,120.686906,24.20828,3
2022,1,21,14,25,臺中市,南屯區,0,1,0,6,1,5,50,14,9,1,4,4,5,7,4,4,5,4,5,2,13,23,3,10,3,4,B03,7,9,1,8,2,1,,23,23,1,22,8,B03,120.62603,24.136091,2
2022,1,21,14,25,臺中市,太平區,0,0,0,8,,,50,,,,,,,,,,,,,,,17,,,,,B03,,,1,,2,,,17,17,1,22,,B03,120.733538,24.14659,3
2022,1,21,14,28,臺中市,大甲區,0,0,0,6,1,5,40,4,2,1,4,4,5,7,1,1,6,3,5,1,12,19,,,,,A05,,,1,,1,,,19,19,1,22,,A05,120.623022,24.345547,3
2022,1,21,14,30,臺中市,太平區,0,0,0,8,,,50,,,,,,,,,,,,,,,12,,,,,B12,,,1,,1,,,12,12,1,21,,B12,120.710635,24.115719,3
2022,1,21,14,34,臺中市,神岡區,0,0,0,8,,,50,,,,,,,,,,,,,,,12,,,,,B12,,,1,,2,,,12,12,1,22,,B12,120.697756,24.264891,3
2022,1,21,14,43,臺中市,北區,0,1,0,7,1,5,50,4,1,1,5,4,5,7,1,1,1,2,4,2,16,6,3,10,1,1,B03,7,5,1,8,2,5,,6,6,1,5,8,B03,120.685725,24.155948,2
2022,1,21,14,45,臺中市,北屯區,0,0,0,6,,,,,,,,,,,,,,,,,,67,,,,,,,,,,,,,67,67,1,,,,120.690673,24.172508,3
2022,1,21,14,47,臺中市,大雅區,0,0,0,8,,,60,,,,,,,,,,,,,,,26,,,,,B03,,,1,,2,,,26,26,1,22,,B03,120.645222,24.225651,3
2022,1,21,14,48,臺中市,神岡區,0,0,0,6,,,50,,,,,,,,,,,,,,,23,,,,,B03,,,1,,2,,,23,23,1,22,,B03,120.712222,24.256859,3
2022,1,21,14,50,臺中市,北區,0,0,0,6,,,30,,,,,,,,,,,,,,,23,,,,,B03,,,1,,2,,,23,23,1,22,,B03,120.677919,24.159807,3
2022,1,21,14,54,臺中市,西區,0,0,0,6,1,5,50,4,1,1,4,4,5,7,1,1,4,5,5,2,13,23,,,,,B03,,,1,,1,,,23,23,1,21,,B03,120.656348,24.134357,3
2022,1,21,14,55,臺中市,南屯區,0,1,0,6,1,5,50,4,1,1,4,4,5,7,2,1,10,5,5,2,16,6,3,10,1,1,B03,7,6,1,8,2,5,,6,6,1,22,9,B03,120.641388,24.133611,2
2022,1,21,14,57,臺中市,西屯區,0,0,0,8,,,1,,,,,,,,,,,,,,,43,,,,,C03,,,1,,1,,,43,43,1,22,,C03,120.636488,24.169163,4
2022,1,21,14,59,臺中市,北屯區,0,0,0,8,,,80,,,,,,,,,,,,,,,16,,,,,B12,,,1,,1,,,16,16,1,21,,B12,120.686598,24.20158,3
2022,1,21,15,3,臺中市,潭子區,0,2,0,6,1,5,60,14,9,1,4,4,5,7,4,4,1,4,5,1,17,23,2,9,1,1,C03,7,9,1,10,2,12,,23,23,1,22,9,C03,120.703976,24.203436,2
2022,1,21,15,8,臺中市,北屯區,0,1,0,6,1,5,50,14,9,1,4,4,5,7,4,4,5,4,5,2,12,40,3,10,3,4,B03,7,13,1,8,2,4,,40,40,1,21,8,B03,120.715748,24.174779,2
2022,1,21,15,9,臺中市,南屯區,0,2,0,6,1,5,50,4,1,1,4,4,5,7,2,1,5,4,5,2,16,8,3,10,3,4,B01,7,5,1,4,2,6,,8,8,1,22,9,B01,120.652987,24.148841,2
2022,1,21,15,13,臺中市,西區,0,0,0,6,1,5,50,4,1,1,5,1,5,7,1,1,1,5,5,2,13,23,,,,,B03,,,1,,1,,,23,23,1,10,,B03,120.657264,24.152293,3
2022,1,21,15,14,臺中市,太平區,0,0,0,6,,,80,,,,,,,,,,,,,,,7,,,,,B12,,,1,,1,,,7,7,1,9,,B12,120.717259,24.156559,3
2022,1,21,15,18,臺中市,西區,0,0,0,6,,,50,,,,,,,,,,,,,,,16,,,,,B03,,,1,,1,,,16,16,1,22,,B03,120.666736,24.141067,3
2022,1,21,15,19,臺中市,北區,0,0,0,,,,40,,,,,,,,,,,,,,,43,,,,,B03,,,1,,2,,,43,43,1,5,,B03,120.671334,24.156941,3