年,月,日,時,分,縣市,區,死,受傷,2-30,天候,光線,道路類別,速限,道路型態,事故位置,路面鋪裝,路面狀態,路面缺陷,障礙物,視距,號誌種類,號誌動作,分向設施,快車道或一般車道間,快慢車道間,路面邊線,事故類型及型態,主要肇因,受傷程度,主要傷處,保護裝備,行動電話,當事者區分,車輛用途,當事者行動狀態,駕駛資格情形,駕駛執照種類,飲酒情形,車輛撞擊部位最初,車輛撞擊部位其他,肇事因素個別,肇事因素主要,肇事逃逸,職業,旅次目的,車種,GPS緯度,GPS經度,事故類別
2022,1,22,14,4,臺中市,太平區,0,0,0,8,,,50,,,,,,,,,,,,,,,12,,,,,B03,,,1,,2,,,12,12,1,4,,B03,120.713656,24.11824,3
2022,1,22,14,10,臺中市,中區,0,0,0,8,,,50,,,,,,,,,,,,,,,23,,,,,B12,,,1,,11,,,23,23,1,22,,B12,120.681631,24.139558,3
2022,1,22,14,10,臺中市,南屯區,0,0,0,8,,,50,,,,,,,,,,,,,,,7,,,,,B03,,,1,,2,,,7,7,1,22,,B03,120.641571,24.141054,3
2022,1,22,14,10,臺中市,霧峰區,0,0,0,8,,,30,,,,,,,,,,,,,,,6,,,,,B12,,,1,,2,,,23,23,1,9,,B12,120.679959,24.070989,3
2022,1,22,14,10,臺中市,沙鹿區,0,1,0,8,1,5,60,14,7,1,5,4,5,7,4,4,1,4,4,2,12,1,2,9,1,1,C03,7,4,1,10,2,14,,1,1,1,4,5,C03,120.558013,24.21141,2
2022,1,22,14,15,臺中市,北屯區,0,1,0,7,1,5,50,4,1,1,5,4,5,7,1,1,10,5,5,2,17,40,3,10,1,1,B03,7,14,1,8,2,2,,40,40,1,2,5,B03,120.694001,24.166518,2
2022,1,22,14,19,臺中市,北屯區,0,0,0,8,,,50,,,,,,,,,,,,,,,40,,,,,B03,,,1,,2,,,40,40,1,5,,B03,120.669615,24.18388,3
2022,1,22,14,20,臺中市,西屯區,0,1,0,8,1,5,40,5,1,1,5,4,5,7,1,1,5,4,4,2,16,23,3,10,1,1,C03,7,6,1,10,2,11,,23,23,1,22,8,C03,120.619604,24.169008,2
2022,1,22,14,30,臺中市,豐原區,0,1,0,6,1,5,40,14,9,1,4,4,5,7,4,4,1,4,5,2,18,42,2,8,3,4,C03,7,9,1,10,2,11,,42,42,1,22,8,C03,120.721705,24.278303,2
2022,1,22,14,33,臺中市,梧棲區,0,0,0,,,,70,,,,,,,,,,,,,,,6,,,,,B03,,,1,,2,,,6,6,1,22,,B03,120.544624,24.225147,3
2022,1,22,14,34,臺中市,西區,0,0,0,,,,50,,,,,,,,,,,,,,,23,,,,,B03,,,1,,1,,,23,23,1,21,,B03,120.678644,24.136405,3
2022,1,22,14,43,臺中市,豐原區,0,1,0,8,1,5,50,14,8,1,5,4,5,7,4,4,5,5,4,2,16,6,3,10,1,1,B03,7,5,1,8,2,2,,6,6,1,21,8,B03,120.708799,24.241478,2
2022,1,22,14,47,臺中市,西區,0,0,0,8,,,50,,,,,,,,,,,,,,,19,,,,,B02,,,1,,1,,,19,19,1,21,,B02,120.661679,24.149037,3
2022,1,22,14,56,臺中市,北屯區,0,1,0,8,1,5,50,4,1,1,5,4,5,7,2,1,5,5,5,2,3,15,3,10,1,1,B11,7,5,1,8,11,8,,15,15,1,22,8,B11,120.671094,24.175055,2
2022,1,22,14,58,臺中市,豐原區,0,2,0,7,1,5,50,14,7,1,5,4,5,7,2,1,4,4,4,2,17,26,2,9,1,1,C03,7,9,1,10,2,11,,26,26,1,19,5,C03,120.715513,24.251647,2
2022,1,22,15,6,臺中市,大雅區,0,0,0,8,,,50,,,,,,,,,,,,,,,23,,,,,B01,,,1,,1,,,23,23,1,22,,B01,120.66923,24.221223,3
2022,1,22,15,6,臺中市,梧棲區,0,0,0,,,,60,,,,,,,,,,,,,,,43,,,,,B12,,,1,,2,,,43,43,1,22,,B12,120.537667,24.25297,4
2022,1,22,15,7,臺中市,南屯區,0,0,1,7,1,5,50,4,1,1,5,4,5,7,1,1,10,5,5,2,16,26,3,10,3,4,B03,7,5,1,8,2,2,,26,26,1,21,8,B03,120.610591,24.131969,2
2022,1,22,15,24,臺中市,梧棲區,0,1,0,7,1,5,50,4,1,1,5,4,5,7,1,1,10,5,5,2,15,25,2,9,1,1,C03,7,9,1,10,2,11,,25,25,1,22,8,C03,120.549124,24.249341,2
2022,1,22,15,24,臺中市,豐原區,0,0,0,8,,,50,,,,,,,,,,,,,,,12,,,,,B03,,,1,,2,,,12,12,1,22,,B03,120.705921,24.251333,3
2022,1,22,15,25,臺中市,潭子區,0,0,0,7,1,5,30,4,1,1,4,4,5,7,4,4,10,5,5,2,15,6,,,,,B03,,,1,,2,,,6,6,1,22,,B03,120.702727,24.209956,3
2022,1,22,15,27,臺中市,北屯區,0,1,0,8,1,5,50,4,1,1,5,4,5,7,2,1,10,5,5,2,17,25,3,10,1,1,B12,7,9,1,8,2,8,,25,25,1,5,8,B12,120.693509,24.192831,2
2022,1,22,15,30,臺中市,大雅區,0,0,0,6,,,50,,,,,,,,,,,,,,,17,,,,,B03,,,1,,1,,,26,26,1,22,,B03,120.641847,24.21945,3
2022,1,22,15,31,臺中市,北屯區,0,0,0,6,,,50,,,,,,,,,,,,,,,23,,,,,B03,,,1,,1,,,23,23,1,22,,B03,120.685611,24.176465,3
2022,1,22,15,31,臺中市,北屯區,0,0,0,8,,,40,,,,,,,,,,,,,,,23,,,,,A11,,,1,,1,,,23,23,1,21,,A11,120.688883,24.201981,3
2022,1,22,15,34,臺中市,北區,0,1,0,6,1,5,50,4,1,1,4,4,5,7,1,1,10,5,5,2,16,6,3,10,1,1,C03,7,5,1,10,2,15,,6,6,1,22,8,C03,120.675469,24.160437,2
2022,1,22,15,34,臺中市,北屯區,0,1,0,6,1,5,50,14,9,1,4,4,5,7,4,4,5,4,5,2,16,6,3,10,1,1,B03,7,5,1,8,2,2,,6,6,1,20,8,B03,120.716698,24.175343,2
2022,1,22,15,36,臺中市,太平區,0,1,0,7,1,5,50,14,9,1,5,4,5,7,4,4,1,4,5,2,17,19,3,10,1,1,B03,7,1,1,8,2,8,,19,19,1,22,9,B03,120.711361,24.142945,2
2022,1,22,15,39,臺中市,龍井區,0,0,0,8,,,60,,,,,,,,,,,,,,,23,,,,,B03,,,1,,2,,,23,23,1,22,,B03,120.579762,24.190686,3
2022,1,22,15,44,臺中市,南區,0,0,0,8,,,50,,,,,,,,,,,,,,,23,,,,,B01,,,1,,2,,,23,23,1,20,,B01,120.652498,24.122127,3
2022,1,22,15,46,臺中市,大里區,0,0,0,8,,,50,,,,,,,,,,,,,,,12,,,,,B12,,,1,,2,,,12,12,1,5,,B12,120.695283,24.111361,3
2022,1,22,15,47,臺中市,北屯區,0,0,0,,,,50,,,,,,,,,,,,,,,7,,,,,B03,,,1,,1,,,7,7,1,22,,B03,120.686713,24.180325,3
2022,1,22,15,55,臺中市,豐原區,0,1,0,6,1,5,50,5,1,1,4,4,5,7,2,1,10,5,5,2,15,25,3,10,1,1,C03,7,9,1,10,2,11,,25,25,1,22,8,C03,120.717116,24.252178,2
2022,1,22,15,56,臺中市,霧峰區,0,1,0,6,1,5,60,14,7,1,4,4,5,7,4,4,1,4,4,1,12,7,2,9,1,1,C03,7,7,1,10,2,14,,7,7,1,20,9,C03,120.693364,24.04779,2
2022,1,22,16,1,臺中市,北區,0,2,0,6,1,5,50,4,1,1,4,4,5,7,4,4,5,5,5,2,17,25,2,1,1,1,C03,7,5,1,10,2,12,,25,25,1,22,8,C03,120.669426,24.171595,2
2022,1,22,16,2,臺中市,豐原區,0,1,0,7,1,5,50,14,7,1,5,4,5,7,4,4,3,4,4,2,13,23,3,10,1,1,B03,7,9,1,8,2,1,,23,23,1,21,8,B03,120.749062,24.268714,2
2022,1,22,16,10,臺中市,沙鹿區,0,0,0,6,,,60,,,,,,,,,,,,,,,7,,,,,A12,,,1,,2,,,7,7,1,10,,A12,120.558013,24.21141,3
2022,1,22,16,10,臺中市,神岡區,0,0,0,8,,,50,,,,,,,,,,,,,,,38,,,,,B12,,15,1,,2,,,38,38,1,12,,B12,120.686676,24.246898,3
2022,1,22,16,13,臺中市,北區,0,0,0,,,,50,,,,,,,,,,,,,,,16,,,,,C03,,,1,,2,,,16,16,1,5,,C03,120.669246,24.159226,3
2022,1,22,16,19,臺中市,太平區,0,0,0,6,,,30,,,,,,,,,,,,,,,19,,,,,B03,,,1,,1,,,19,19,1,4,,B03,120.717521,24.153818,3
2022,1,22,16,21,臺中市,東勢區,0,1,0,7,1,5,50,4,1,1,5,4,5,7,2,1,5,5,5,1,17,26,2,9,2,1,F01,7,5,8,20,2,16,,26,26,1,9,8,F01,120.828313,24.257157,2
2022,1,22,16,30,臺中市,西區,0,2,0,6,1,5,50,14,7,1,4,4,5,7,4,4,5,4,4,2,16,14,2,9,1,1,C03,7,6,1,10,2,13,,6,14,1,20,8,C03,120.656073,24.150704,2
2022,1,22,16,37,臺中市,豐原區,0,1,0,6,1,5,30,14,9,1,4,4,5,7,4,4,10,5,5,1,17,14,2,9,1,1,C03,7,9,1,10,2,11,,14,14,1,4,1,C03,120.751183,24.274513,2
2022,1,22,16,38,臺中市,新社區,0,0,0,6,,,50,,,,,,,,,,,,,,,12,,,,,B12,,,1,,2,,,12,12,1,9,,B12,120.810942,24.190912,3
2022,1,22,16,42,臺中市,西屯區,0,1,0,6,1,5,30,3,1,1,4,4,5,7,4,4,5,4,4,2,16,6,2,9,1,1,C03,7,5,1,10,1,11,,6,6,1,22,8,C03,120.637612,24.180381,2
2022,1,22,16,43,臺中市,烏日區,0,0,0,,,,70,,,,,,,,,,,,,,,23,,,,,B03,,,1,,2,,,23,23,2,22,,B03,120.589297,24.113271,3
2022,1,22,16,48,臺中市,北屯區,0,1,0,6,1,5,50,4,1,1,4,4,5,7,2,1,10,5,5,2,16,6,3,10,1,1,C03,7,5,1,10,2,12,,6,6,1,22,8,C03,120.67295,24.176071,2
2022,1,22,16,48,臺中市,北屯區,0,1,0,6,1,5,50,14,8,1,4,4,5,7,4,4,1,4,4,2,16,7,3,10,1,1,B01,7,8,1,4,2,5,,7,7,1,10,8,B01,120.6865,24.1982,2
2022,1,22,16,48,臺中市,太平區,0,1,0,6,3,5,50,4,1,1,4,4,5,7,1,1,10,5,5,2,16,6,3,10,1,1,B03,7,5,1,8,2,6,,6,6,1,9,1,B03,120.722028,24.149292,2
2022,1,22,16,49,臺中市,北屯區,0,1,0,6,1,5,50,4,1,1,4,4,5,7,2,1,10,5,5,2,12,26,3,10,1,1,B12,7,6,1,8,2,2,,26,26,1,5,8,B12,120.685779,24.177444,2
2022,1,22,16,50,臺中市,大雅區,0,0,0,6,,,50,,,,,,,,,,,,,,,43,,,,,C03,,,1,,2,,,43,43,1,21,,C03,120.630173,24.240846,3
2022,1,22,16,50,臺中市,潭子區,0,0,0,6,,,50,,,,,,,,,,,,,,,23,,,,,B12,,,1,,2,,,23,23,1,22,,B12,120.710729,24.212188,3
2022,1,22,16,50,臺中市,北區,0,0,0,6,,,50,,,,,,,,,,,,,,,12,,,,,B03,,,1,,2,,,12,12,1,22,,B03,120.669724,24.155777,3
2022,1,22,16,50,臺中市,大肚區,0,0,0,6,,,50,,,,,,,,,,,,,,,12,,,,,B12,,,1,,2,,,12,12,1,4,,B12,120.545022,24.156086,3
2022,1,22,16,52,臺中市,北屯區,0,0,0,6,,,50,,,,,,,,,,,,,,,7,,,,,B03,,,1,,1,,,7,7,1,21,,B03,120.68487,24.201286,3
2022,1,22,16,55,臺中市,大肚區,0,0,0,6,,,40,,,,,,,,,,,,,,,42,,,,,B12,,,1,,2,,,42,42,1,22,,B12,120.582803,24.168503,3
2022,1,22,17,1,臺中市,大甲區,0,0,0,6,,,50,,,,,,,,,,,,,,,12,,,,,B03,,,1,,2,,,12,12,1,4,,B03,120.65509,24.380825,3
2022,1,22,17,9,臺中市,西區,0,1,0,6,2,5,50,4,1,1,4,4,5,7,1,1,10,5,5,2,16,6,3,10,1,1,B01,7,6,1,4,2,5,,6,6,1,10,8,B01,120.652958,24.148795,2
2022,1,22,17,10,臺中市,北屯區,0,0,0,8,,,50,,,,,,,,,,,,,,,23,,,,,B03,,,1,,1,,,23,23,1,22,,B03,120.673515,24.190366,3
2022,1,22,17,12,臺中市,南屯區,0,0,0,6,,,50,,,,,,,,,,,,,,,12,,,,,B03,,,1,,1,,,12,12,1,22,,B03,120.653198,24.129608,3
2022,1,22,17,15,臺中市,大甲區,0,1,0,6,3,5,50,4,1,1,4,4,5,7,4,4,10,5,5,2,16,6,2,9,1,1,C03,7,6,1,10,2,11,,6,6,1,4,1,C03,120.619758,24.346653,2
2022,1,22,17,16,臺中市,大甲區,0,1,0,6,3,5,70,14,9,1,4,4,5,7,4,4,1,5,5,2,13,23,3,10,1,4,B03,7,14,1,8,2,7,,38,23,1,21,8,B03,120.651915,24.38445,2
2022,1,22,17,17,臺中市,大甲區,0,2,0,6,1,5,70,14,7,1,4,4,5,7,4,4,3,4,4,1,13,16,2,2,1,1,B12,7,9,1,8,2,8,,16,16,1,22,1,B12,120.645012,24.371184,2
2022,1,22,17,19,臺中市,太平區,0,0,0,8,,,50,,,,,,,,,,,,,,,17,,,,,B03,,,1,,1,,,17,17,1,4,,B03,120.713905,24.149334,3
2022,1,22,17,20,臺中市,豐原區,0,1,0,8,1,5,40,14,12,1,4,4,5,7,4,4,1,4,4,1,18,42,2,9,1,1,C03,7,9,1,10,3,15,,42,42,1,22,8,C03,120.753446,24.273219,2
2022,1,22,17,21,臺中市,北區,0,0,0,6,,,50,,,,,,,,,,,,,,,23,,,,,B03,,,1,,2,,,23,23,1,21,,B03,120.679822,24.152161,3
2022,1,22,17,24,臺中市,潭子區,0,1,0,6,3,5,30,3,1,1,4,4,5,7,4,4,10,5,5,2,16,6,2,9,1,1,C03,7,5,1,10,2,11,,6,6,1,22,8,C03,120.711975,24.217281,2
2022,1,22,17,25,臺中市,神岡區,0,1,0,8,1,5,60,3,1,1,4,4,5,7,4,4,1,5,5,2,16,7,3,10,1,1,B03,7,8,1,8,2,15,,7,7,1,22,9,B03,120.703818,24.261908,2
2022,1,22,17,26,臺中市,西區,0,0,0,6,,,50,,,,,,,,,,,,,,,23,,,,,B03,,,1,,2,,,23,23,1,22,,B03,120.669467,24.149145,3
2022,1,22,17,27,臺中市,南屯區,0,0,0,6,3,5,50,3,1,1,4,4,5,1,1,1,10,5,5,2,12,17,3,10,1,1,B03,7,9,1,8,2,2,,17,17,1,22,8,B03,120.646399,24.126119,3
2022,1,22,17,27,臺中市,西屯區,0,0,0,8,,,50,,,,,,,,,,,,,,,23,,,,,B03,,,1,,1,,,23,23,1,22,,B03,120.64771,24.172541,3
2022,1,22,17,30,臺中市,沙鹿區,0,0,0,8,,,70,,,,,,,,,,,,,,,7,,,,,B03,,,1,,2,,,7,7,1,19,,B03,120.602122,24.248879,3
2022,1,22,17,31,臺中市,北屯區,0,0,0,6,,,50,,,,,,,,,,,,,,,17,,,,,C03,,,1,,1,,,17,17,1,22,,C03,120.692986,24.162718,3
2022,1,22,17,32,臺中市,霧峰區,0,0,0,6,,,60,,,,,,,,,,,,,,,26,,,,,C03,,,1,,2,,,26,26,1,21,,C03,120.694251,24.049758,3
2022,1,22,17,35,臺中市,西區,0,0,0,8,,,60,,,,,,,,,,,,,,,23,,,,,B03,,,1,,1,,,23,23,1,4,,B03,120.666961,24.153252,3
2022,1,22,17,38,臺中市,豐原區,0,0,0,,,,50,,,,,,,,,,,,,,,12,,,,,B03,,,1,,2,,,12,12,1,22,,B03,120.70991,24.247946,3
2022,1,22,17,39,臺中市,南屯區,0,0,0,,,,50,,,,,,,,,,,,,,,26,,,,,C03,,,1,,1,,,26,26,1,22,,C03,120.652597,24.14994,3
2022,1,22,17,40,臺中市,清水區,0,0,0,,,,30,,,,,,,,,,,,,,,12,,,,,A41,,,1,,1,,,12,12,1,10,,A41,120.613484,24.283583,3
2022,1,22,17,40,臺中市,大甲區,0,1,0,6,3,5,50,4,1,1,4,4,5,7,4,4,10,5,5,2,16,6,2,9,1,1,C03,7,9,1,10,2,11,,6,6,1,4,1,C03,120.622049,24.344755,2
2022,1,22,17,44,臺中市,沙鹿區,0,1,0,6,4,5,50,3,1,1,4,4,5,7,4,4,10,5,5,2,16,6,2,8,1,1,C03,7,5,1,10,2,12,,6,6,1,8,8,C03,120.558952,24.238321,2
2022,1,22,17,45,臺中市,清水區,0,1,0,6,3,5,50,14,7,1,4,4,5,7,2,1,1,3,4,1,12,17,3,10,1,1,B03,7,9,1,8,2,4,,17,17,1,21,8,B03,120.583006,24.283247,2
2022,1,22,17,47,臺中市,大雅區,0,1,0,6,3,5,50,3,1,1,4,4,5,7,3,1,10,4,5,2,15,19,3,10,1,1,C03,7,1,1,10,1,11,,19,19,1,22,9,C03,120.644282,24.228775,2
2022,1,22,17,47,臺中市,太平區,0,0,0,8,,,50,,,,,,,,,,,,,,,17,,,,,B03,,,1,,2,,,17,17,1,21,,B03,120.715996,24.127442,3
2022,1,22,17,48,臺中市,北區,0,0,0,6,,,50,,,,,,,,,,,,,,,7,,,,,B03,,,1,,1,,,7,7,1,22,,B03,120.676753,24.15605,3
2022,1,22,17,50,臺中市,潭子區,0,0,0,6,,,50,,,,,,,,,,,,,,,17,,,,,B03,,,1,,2,,,17,17,1,22,,B03,120.70169,24.189657,3
2022,1,22,17,50,臺中市,大雅區,0,0,0,8,,,50,,,,,,,,,,,,,,,7,,,,,B12,,,1,,2,,,7,7,1,22,,B12,120.651879,24.221319,3
2022,1,22,17,50,臺中市,北屯區,0,1,0,6,2,5,50,4,1,1,4,4,5,7,2,1,10,5,5,2,16,6,3,10,1,1,B03,7,5,1,8,2,5,,6,6,1,21,8,B03,120.686257,24.1869,2
2022,1,22,17,50,臺中市,后里區,0,1,0,6,3,5,50,14,9,1,4,4,5,7,4,4,9,4,5,1,13,23,2,3,1,1,C03,7,9,1,10,2,11,,23,23,1,22,8,C03,120.724355,24.308972,2
2022,1,22,17,51,臺中市,太平區,0,0,0,6,,,50,,,,,,,,,,,,,,,16,,,,,B03,,,1,,2,,,16,16,1,4,,B03,120.722636,24.132818,3
2022,1,22,17,55,臺中市,北區,0,1,0,6,1,5,50,4,2,1,4,4,5,7,1,1,5,4,5,2,13,23,2,9,1,1,C03,7,9,1,10,2,11,,23,23,1,21,8,C03,120.682583,24.153366,2
2022,1,22,17,55,臺中市,北屯區,0,1,0,6,3,5,50,4,1,1,4,4,5,7,1,1,10,5,5,2,16,6,3,10,1,1,B03,7,5,1,8,2,6,,6,6,1,21,8,B03,120.690535,24.196584,2
2022,1,22,17,56,臺中市,西區,0,0,0,6,,,50,,,,,,,,,,,,,,,16,,,,,B03,,,1,,11,,,16,16,1,21,,B03,120.65746,24.152523,3
2022,1,22,17,57,臺中市,西區,0,0,0,8,,,50,,,,,,,,,,,,,,,12,,,,,B03,,,1,,1,,,12,12,1,22,,B03,120.670685,24.15108,3
2022,1,22,17,59,臺中市,豐原區,0,0,0,6,,,50,,,,,,,,,,,,,,,16,,,,,B03,,,1,,2,,,16,16,1,4,,B03,120.724227,24.255719,3
2022,1,22,18,0,臺中市,神岡區,0,0,0,6,,,50,,,,,,,,,,,,,,,42,,,,,B03,,,1,,2,,,42,42,1,12,,B03,120.657015,24.264366,3
2022,1,22,18,3,臺中市,豐原區,0,0,0,6,,,50,,,,,,,,,,,,,,,23,,,,,B03,,,1,,2,,,23,23,1,22,,B03,120.708783,24.248019,3
2022,1,22,18,4,臺中市,北屯區,0,0,0,6,,,50,,,,,,,,,,,,,,,23,,,,,C03,,,1,,2,,,23,23,1,22,,C03,120.69318,24.171133,3
2022,1,22,18,8,臺中市,烏日區,0,1,0,7,3,5,30,5,1,1,4,4,5,7,4,4,10,5,5,2,16,6,3,10,1,1,B03,7,9,1,8,2,8,,6,6,1,21,8,B03,120.651708,24.048996,2
2022,1,22,18,9,臺中市,大雅區,0,0,0,6,,,50,,,,,,,,,,,,,,,23,,,,,B03,,,1,,2,,,23,23,1,22,,B03,120.653337,24.219021,3
2022,1,22,18,9,臺中市,西屯區,0,0,0,6,,,30,,,,,,,,,,,,,,,23,,,,,B12,,,1,,1,,,23,23,1,22,,B12,120.661223,24.163382,3
2022,1,22,18,9,臺中市,太平區,0,0,0,6,,,80,,,,,,,,,,,,,,,23,,,,,B03,,,1,,2,,,23,23,1,21,,B03,120.706544,24.130056,3
2022,1,22,18,9,臺中市,太平區,0,1,0,6,3,5,40,14,8,1,4,4,5,7,4,4,5,4,4,2,12,23,2,9,1,1,C03,7,9,1,10,2,12,,23,23,1,6,8,C03,120.731297,24.128414,2
2022,1,22,18,10,臺中市,南區,0,0,0,6,,,50,,,,,,,,,,,,,,,7,,,,,B03,,,1,,2,,,7,7,1,22,,B03,120.670115,24.114355,3
2022,1,22,18,13,臺中市,潭子區,0,0,0,6,3,5,50,4,1,1,4,4,5,7,1,1,1,2,5,1,12,26,,,,,B03,,,1,,2,,,26,26,1,22,,B03,120.706031,24.200805,3
2022,1,22,18,14,臺中市,太平區,0,2,0,6,3,5,50,4,1,1,4,4,5,7,4,4,10,5,5,1,15,6,2,8,1,1,C03,7,9,1,10,2,11,,6,6,1,5,8,C03,120.712272,24.142092,2
2022,1,22,18,15,臺中市,太平區,0,1,0,6,3,5,50,14,9,1,4,4,5,7,4,4,9,5,5,1,16,8,3,10,1,1,B12,7,5,1,8,2,6,,8,8,1,19,5,B12,120.736552,24.156872,2
2022,1,22,18,19,臺中市,豐原區,0,0,0,6,,,50,,,,,,,,,,,,,,,6,,,,,B03,,,1,,2,,,6,6,1,4,,B03,120.714736,24.248188,3
2022,1,22,18,19,臺中市,豐原區,0,0,0,8,,,50,,,,,,,,,,,,,,,67,,,,,,,,,,,,,67,67,1,,,,120.70991,24.247946,3
2022,1,22,18,20,臺中市,西區,0,1,0,6,3,5,50,14,7,1,4,4,5,7,4,4,1,4,4,2,17,7,2,9,1,1,C03,7,8,1,10,2,11,,7,7,1,22,9,C03,120.657556,24.143601,2
2022,1,22,18,23,臺中市,北屯區,0,1,0,6,3,5,50,14,9,1,4,4,5,7,4,4,10,5,5,2,16,19,3,10,1,1,B03,7,1,1,8,2,5,,19,19,1,21,8,B03,120.68279,24.201321,2
2022,1,22,18,28,臺中市,西屯區,0,0,0,6,,,30,,,,,,,,,,,,,,,43,,,,,B03,,,1,,2,,,43,43,1,22,,B03,120.66489,24.165912,3
2022,1,22,18,29,臺中市,北屯區,0,2,0,7,3,5,50,3,1,1,4,4,5,7,4,4,10,5,5,2,16,6,2,9,1,1,C03,7,5,1,10,2,11,,6,6,1,21,4,C03,120.684423,24.193599,2
2022,1,22,18,30,臺中市,西區,0,1,0,8,3,5,50,4,9,1,5,4,5,7,4,4,5,5,5,2,13,23,3,10,1,1,B03,7,9,1,8,2,1,,23,23,1,4,8,B03,120.660181,24.149034,2
2022,1,22,18,30,臺中市,沙鹿區,0,2,0,6,3,5,50,3,1,1,4,4,5,7,4,4,10,5,5,2,3,51,2,9,4,5,H01,8,16,8,20,10,16,,51,51,1,20,5,H01,120.549604,24.228647,2
2022,1,22,18,34,臺中市,大肚區,0,0,0,6,,,70,,,,,,,,,,,,,,,7,,,,,B03,,,1,,2,,,7,7,1,4,,B03,120.548878,24.152082,3
2022,1,22,18,34,臺中市,清水區,0,2,0,6,3,5,50,4,1,1,4,4,5,7,2,1,1,3,4,2,15,25,2,8,1,1,C03,7,9,1,10,2,11,,25,25,1,21,8,C03,120.576732,24.272301,2
2022,1,22,18,39,臺中市,北區,0,0,0,6,,,40,,,,,,,,,,,,,,,17,,,,,C03,,,1,,2,,,17,17,1,21,,C03,120.664319,24.154762,3
2022,1,22,18,40,臺中市,沙鹿區,0,1,0,8,1,5,50,3,1,1,5,4,5,7,4,4,10,4,5,2,17,6,3,10,1,1,C03,7,15,1,10,2,15,,6,6,1,5,4,C03,120.575349,24.222067,2
2022,1,22,18,43,臺中市,北區,0,0,0,6,,,50,,,,,,,,,,,,,,,7,,,,,B03,,,1,,2,,,7,7,1,22,,B03,120.673583,24.16605,3
2022,1,22,18,43,臺中市,大里區,0,2,0,6,3,5,50,5,2,1,4,4,5,7,1,1,5,5,5,1,13,42,2,8,1,1,C03,7,9,1,10,2,14,,42,42,1,21,9,C03,120.702402,24.087103,2
2022,1,22,18,45,臺中市,大里區,0,0,0,6,3,3,50,14,9,1,4,4,5,7,1,1,4,5,5,1,13,19,,,,,B03,,,1,,2,,,19,19,1,22,,B03,120.699055,24.079985,3
2022,1,22,18,52,臺中市,大里區,0,0,0,6,,,30,,,,,,,,,,,,,,,12,,,,,B12,,,1,,2,,,12,12,1,5,,B12,120.688812,24.113553,3
2022,1,22,18,55,臺中市,南區,0,0,0,6,,,40,,,,,,,,,,,,,,,23,,,,,B03,,,3,,1,,,23,23,1,22,,B03,120.653712,24.108857,3
2022,1,22,18,55,臺中市,南屯區,0,0,0,8,,,50,,,,,,,,,,,,,,,26,,,,,B03,,,1,,1,,,26,26,1,22,,B03,120.640476,24.141415,3
2022,1,22,19,17,臺中市,北屯區,0,1,0,7,3,5,80,10,9,1,5,4,5,7,4,4,1,4,5,1,13,16,2,9,1,1,B03,7,9,1,8,2,1,,16,16,1,21,8,B03,120.683686,24.201171,2
2022,1,22,19,23,臺中市,西區,0,1,0,7,3,5,50,14,9,1,4,4,5,7,4,4,5,4,5,2,17,7,3,10,1,1,B03,7,8,1,8,2,6,,7,7,1,22,9,B03,120.662003,24.153564,2
2022,1,22,19,26,臺中市,北屯區,0,2,0,7,3,5,50,4,1,1,4,4,5,7,1,1,10,5,5,2,15,25,3,10,1,1,B03,7,9,1,8,2,2,,25,25,1,21,8,B03,120.702401,24.186508,2
2022,1,22,19,28,臺中市,北屯區,0,0,0,6,,,30,,,,,,,,,,,,,,,23,,,,,A12,,,1,,2,,,23,23,1,22,,A12,120.66493,24.190331,3
2022,1,22,19,30,臺中市,南屯區,0,0,0,6,,,50,,,,,,,,,,,,,,,23,,,,,B03,,,1,,2,,,23,23,1,22,,B03,120.644486,24.150916,3
2022,1,22,19,40,臺中市,西屯區,0,1,0,8,3,5,50,4,1,1,5,4,5,7,1,1,5,4,5,2,16,6,3,10,3,4,C03,7,5,3,18,2,11,,6,6,1,22,8,C03,120.591547,24.169329,2
2022,1,22,19,42,臺中市,大里區,0,0,0,6,,,50,,,,,,,,,,,,,,,23,,,,,B03,,,1,,2,,,23,23,1,21,,B03,120.68296,24.113246,3
2022,1,22,19,43,臺中市,太平區,0,0,0,6,,,50,,,,,,,,,,,,,,,23,,,,,B03,,,1,,2,,,23,23,1,18,,B03,120.72329,24.131821,3
2022,1,22,20,1,臺中市,潭子區,0,3,0,6,3,5,50,5,1,1,4,4,5,7,1,1,5,5,5,1,15,25,2,9,1,5,H02,7,20,8,20,10,16,,67,25,1,22,9,H02,120.712728,24.216644,2
2022,1,22,20,11,臺中市,豐原區,0,1,0,6,3,5,60,5,2,1,4,4,5,7,1,1,3,5,5,1,27,23,2,9,1,1,C03,7,9,1,10,2,11,,23,23,1,22,9,C03,120.737368,24.2515,2
2022,1,22,20,14,臺中市,太平區,0,0,0,8,,,50,,,,,,,,,,,,,,,17,,,,,B03,,,1,,9,,,17,17,1,4,,B03,120.707858,24.152209,3