年,月,日,時,分,縣市,區,死,受傷,2-30,天候,光線,道路類別,速限,道路型態,事故位置,路面鋪裝,路面狀態,路面缺陷,障礙物,視距,號誌種類,號誌動作,分向設施,快車道或一般車道間,快慢車道間,路面邊線,事故類型及型態,主要肇因,受傷程度,主要傷處,保護裝備,行動電話,當事者區分,車輛用途,當事者行動狀態,駕駛資格情形,駕駛執照種類,飲酒情形,車輛撞擊部位最初,車輛撞擊部位其他,肇事因素個別,肇事因素主要,肇事逃逸,職業,旅次目的,車種,GPS緯度,GPS經度,事故類別
2022,1,24,18,52,臺中市,南屯區,0,1,0,8,2,5,30,14,9,1,5,4,5,7,4,4,10,5,5,2,10,23,3,10,1,1,B02,7,9,1,8,2,1,,23,23,1,5,8,B02,120.61214,24.13899,2
2022,1,24,18,56,臺中市,南屯區,0,0,0,8,,,50,,,,,,,,,,,,,,,12,,,,,B03,,,1,,2,,,12,12,1,22,,B03,120.635739,24.138548,3
2022,1,24,19,0,臺中市,北屯區,0,0,0,8,,,50,,,,,,,,,,,,,,,23,,,,,B03,,,1,,2,,,23,23,1,21,,B03,120.670021,24.173811,3
2022,1,24,19,6,臺中市,南區,0,0,0,8,,,50,,,,,,,,,,,,,,,23,,,,,B03,,,1,,2,,,23,23,1,22,,B03,120.670165,24.117525,3
2022,1,24,19,8,臺中市,太平區,0,0,0,,,,50,,,,,,,,,,,,,,,17,,,,,B03,,,,,2,,,17,17,1,21,,B03,120.712528,24.157121,3
2022,1,24,19,10,臺中市,北屯區,0,0,0,8,,,50,,,,,,,,,,,,,,,16,,,,,C03,,,1,,1,,,16,16,1,21,,C03,120.686118,24.171898,3
2022,1,24,19,15,臺中市,大甲區,0,1,0,8,3,5,50,4,1,1,5,4,5,7,1,1,10,5,5,2,12,6,3,10,1,1,B03,7,5,1,8,2,4,,6,6,1,4,8,B03,120.623789,24.349456,2
2022,1,24,19,17,臺中市,太平區,0,0,0,8,,,50,,,,,,,,,,,,,,,16,,,,,C03,,,1,,1,,,16,16,1,22,,C03,120.716536,24.126605,3
2022,1,24,19,19,臺中市,中區,0,2,0,8,3,5,50,4,1,1,5,4,5,7,2,1,10,5,5,2,17,6,3,10,1,1,C03,7,5,1,10,2,14,,6,6,1,5,6,C03,120.684479,24.139381,2
2022,1,24,19,22,臺中市,大雅區,0,0,0,8,,,50,,,,,,,,,,,,,,,23,,,,,B03,,,1,,9,,,23,23,1,22,,B03,120.63162,24.23944,3
2022,1,24,19,23,臺中市,北屯區,0,0,0,8,,,50,,,,,,,,,,,,,,,23,,,,,B03,,,6,,2,,,23,23,1,21,,B03,120.676827,24.186336,3
2022,1,24,19,27,臺中市,豐原區,0,1,0,8,1,5,50,4,1,1,5,4,5,7,1,1,10,5,5,2,17,6,3,10,1,1,B03,7,6,1,8,2,5,,6,6,1,22,8,B03,120.722283,24.248608,2
2022,1,24,19,39,臺中市,北屯區,0,0,0,8,,,80,,,,,,,,,,,,,,,16,,,,,B03,,,1,,11,,,16,16,1,21,,B03,120.71885,24.162305,3
2022,1,24,19,40,臺中市,北屯區,0,0,0,8,,,50,,,,,,,,,,,,,,,2,,,,,B03,,,1,,2,,,2,2,1,22,,B03,120.669181,24.177205,3
2022,1,24,19,50,臺中市,西區,0,0,0,,,,50,,,,,,,,,,,,,,,23,,,,,C03,,,1,,1,,,23,23,1,20,,C03,120.656333,24.146475,3
2022,1,24,19,54,臺中市,北區,0,0,0,8,,,50,,,,,,,,,,,,,,,25,,,,,B03,,,1,,2,,,25,25,1,22,,B03,120.685079,24.151991,3
2022,1,24,20,10,臺中市,大雅區,0,2,0,8,3,5,50,3,1,1,5,4,5,7,3,1,5,4,4,1,17,19,2,9,1,1,C03,7,1,1,10,2,11,,19,19,1,21,8,C03,120.649714,24.222489,2
2022,1,24,20,14,臺中市,豐原區,0,1,0,7,3,5,50,14,9,1,5,4,5,7,4,4,5,5,5,1,17,23,2,9,1,1,C03,7,9,1,10,2,12,,23,23,1,22,8,C03,120.729653,24.24734,2
2022,1,24,20,20,臺中市,北屯區,0,0,0,8,,,40,,,,,,,,,,,,,,,6,,,,,B03,,,1,,2,,,6,6,1,21,,B03,120.684288,24.17011,3
2022,1,24,20,28,臺中市,后里區,0,1,0,8,3,5,50,14,9,1,5,4,5,7,4,4,9,5,5,1,13,23,2,9,1,1,F03,7,9,8,20,1,16,,23,23,1,16,2,F03,120.708001,24.308727,2
2022,1,24,20,29,臺中市,大甲區,0,1,0,8,3,5,30,4,2,1,5,4,5,7,1,1,5,5,5,1,16,26,3,10,1,1,C03,7,9,1,10,2,14,,26,26,1,22,9,C03,120.624229,24.346589,2
2022,1,24,20,32,臺中市,西區,0,1,0,8,3,5,50,4,1,1,5,4,5,7,4,4,10,5,5,2,16,6,3,10,1,1,B03,7,5,1,8,2,8,,6,6,1,21,8,B03,120.659813,24.155466,2
2022,1,24,20,36,臺中市,北區,0,0,0,8,,,50,,,,,,,,,,,,,,,23,,,,,B03,,,1,,1,,,23,23,1,22,,B03,120.685152,24.165997,3
2022,1,24,20,36,臺中市,南屯區,0,0,0,8,,,40,,,,,,,,,,,,,,,19,,,,,B03,,,1,,1,,,19,19,1,3,,B03,120.63481,24.1536,3
2022,1,24,20,36,臺中市,西屯區,0,0,0,8,,,50,,,,,,,,,,,,,,,7,,,,,B03,,,1,,11,,,7,7,1,22,,B03,120.622317,24.186062,3
2022,1,24,20,38,臺中市,龍井區,0,1,0,8,3,5,30,4,1,1,5,4,5,7,4,4,10,5,5,2,15,6,3,10,1,1,B03,7,9,1,8,2,5,,6,6,1,12,1,B03,120.512726,24.205801,2
2022,1,24,20,47,臺中市,后里區,0,1,0,8,3,5,40,4,1,1,5,4,5,7,4,4,10,5,5,1,13,16,3,10,1,1,B03,7,9,1,8,2,1,,16,16,1,22,8,B03,120.709667,24.286246,2
2022,1,24,20,49,臺中市,北屯區,0,0,0,8,,,50,,,,,,,,,,,,,,,6,,,,,C03,,,1,,1,,,6,6,1,5,,C03,120.702865,24.169587,3
2022,1,24,20,54,臺中市,大里區,0,0,0,8,,,50,,,,,,,,,,,,,,,8,,,,,B11,,,1,,2,,,8,8,1,21,,B11,120.69958,24.101981,3
2022,1,24,21,4,臺中市,梧棲區,0,1,0,8,1,5,50,3,1,1,5,4,5,7,4,4,10,5,5,2,16,6,3,10,1,1,B03,7,5,1,8,2,7,,6,6,1,12,8,B03,120.533524,24.245061,2
2022,1,24,21,10,臺中市,西區,0,1,0,8,3,5,50,4,1,1,5,4,5,7,1,1,10,5,5,2,15,42,3,10,1,1,B01,7,9,1,4,2,2,,42,42,1,21,8,B01,120.682212,24.135899,2
2022,1,24,21,30,臺中市,潭子區,0,0,0,8,,,30,,,,,,,,,,,,,,,43,,,,,,,,,,,,,43,43,1,,,,120.714435,24.199861,3
2022,1,24,21,42,臺中市,大甲區,0,1,0,8,3,5,60,3,1,1,5,4,5,7,1,1,10,5,5,2,16,6,3,10,1,1,B03,7,6,1,3,2,5,,6,6,1,22,9,B03,120.61719,24.347944,2
2022,1,24,21,44,臺中市,豐原區,0,0,0,8,,,50,,,,,,,,,,,,,,,6,,,,,B03,,,1,,2,,,6,6,1,22,,B03,120.708405,24.246061,4
2022,1,24,22,4,臺中市,南區,0,0,0,,,,50,,,,,,,,,,,,,,,23,,,,,B03,,,1,,2,,,23,23,1,21,,B03,120.670077,24.114787,3
2022,1,24,22,6,臺中市,南屯區,0,0,0,8,,,40,,,,,,,,,,,,,,,2,,,,,B03,,,1,,2,,,2,2,1,22,,B03,120.623466,24.150376,3
2022,1,24,22,18,臺中市,西區,0,2,0,8,3,5,50,4,1,1,5,4,5,7,2,1,10,5,5,2,16,6,2,9,1,1,C03,7,6,1,10,2,12,,6,6,1,21,8,C03,120.658836,24.146698,2
2022,1,24,22,33,臺中市,西屯區,0,1,0,8,1,5,35,3,1,1,5,4,5,7,4,4,10,5,5,2,17,26,3,10,1,1,B03,7,9,1,8,2,1,,26,26,1,22,8,B03,120.628458,24.172762,2
2022,1,24,22,35,臺中市,北屯區,0,1,0,8,3,5,50,14,9,1,5,4,5,7,4,4,5,4,5,2,18,23,2,9,1,1,C03,7,9,1,10,2,12,,23,23,1,22,8,C03,120.720465,24.17594,2
2022,1,24,23,5,臺中市,神岡區,0,2,0,8,3,5,50,4,1,1,5,4,5,7,3,1,5,5,4,2,16,6,2,9,1,1,C03,7,9,1,10,2,14,,6,6,1,21,8,C03,120.661158,24.258606,2
2022,1,24,23,44,臺中市,太平區,0,1,0,8,3,5,50,14,7,1,5,4,5,7,4,4,5,4,4,2,12,23,2,9,1,1,C03,7,9,1,10,2,12,,23,23,1,22,8,C03,120.717943,24.125639,2
2022,1,24,23,47,臺中市,北屯區,0,1,0,8,3,5,30,14,9,1,5,4,5,7,4,4,10,5,5,2,18,13,2,9,1,1,C03,7,9,1,10,2,12,,13,13,1,21,8,C03,120.684542,24.174226,2
2022,1,24,23,52,臺中市,西區,0,2,0,8,3,5,50,4,1,1,5,4,5,7,4,4,10,5,5,2,15,6,2,9,1,1,C03,7,9,1,10,2,12,,6,6,1,5,7,C03,120.668195,24.150238,2
2022,1,25,0,15,臺中市,北區,0,2,0,8,3,5,50,4,1,1,5,4,5,7,2,1,10,5,5,2,16,26,2,7,1,1,C03,7,5,1,10,2,13,,26,26,1,22,8,C03,120.685119,24.165279,2
2022,1,25,1,3,臺中市,西區,0,1,0,8,3,5,1,3,2,1,5,4,5,7,1,1,10,5,5,2,16,42,3,10,3,4,C03,7,1,1,10,2,15,,42,42,1,21,8,C03,120.655119,24.150949,2
2022,1,25,1,22,臺中市,東區,0,0,0,,,,50,,,,,,,,,,,,,,,42,,,,,B12,,,1,,11,,,42,42,1,22,,B12,120.708345,24.135721,3
2022,1,25,1,29,臺中市,沙鹿區,0,0,0,8,,,40,,,,,,,,,,,,,,,7,,,,,B12,,,1,,2,,,7,7,1,12,,B12,120.57728,24.224844,3
2022,1,25,5,58,臺中市,大雅區,0,2,0,6,2,5,50,3,1,1,4,4,5,7,1,1,1,4,5,1,15,25,2,9,1,1,C03,7,9,1,10,2,12,,25,25,1,22,8,C03,120.63664,24.234799,2
2022,1,25,6,15,臺中市,龍井區,0,3,0,8,2,5,50,14,9,1,5,4,5,7,4,4,10,5,5,1,11,42,2,7,1,4,C03,7,9,1,9,2,14,,42,42,1,10,8,C03,120.587269,24.191171,2
2022,1,25,6,18,臺中市,豐原區,0,2,0,8,1,5,50,4,4,1,5,4,5,7,2,1,1,4,5,1,13,23,3,10,3,4,B03,7,1,1,8,2,5,,23,23,1,22,8,B03,120.714416,24.244647,2
2022,1,25,6,40,臺中市,沙鹿區,0,0,0,8,,,30,,,,,,,,,,,,,,,6,,,,,B12,,,1,,2,,,6,6,1,4,,B12,120.570221,24.216228,3
2022,1,25,6,54,臺中市,大甲區,0,2,0,8,1,5,50,4,1,1,5,4,5,7,1,3,10,5,5,2,15,6,2,9,1,1,C03,7,9,4,8,2,14,,6,6,1,21,8,C03,120.621028,24.349273,2
2022,1,25,6,58,臺中市,大里區,0,1,0,6,2,5,40,3,1,1,4,4,5,7,3,1,10,5,5,2,18,23,2,9,1,1,C03,7,5,1,10,2,15,,23,23,1,3,8,C03,120.688693,24.087453,2
2022,1,25,6,59,臺中市,大里區,0,1,0,6,1,5,50,4,1,1,4,4,5,7,1,1,10,5,5,2,17,23,2,9,1,1,C03,7,9,1,10,2,14,,23,23,1,22,8,C03,120.695991,24.087143,2
2022,1,25,7,3,臺中市,清水區,0,1,0,8,1,5,50,14,9,1,5,4,5,7,4,4,9,5,5,1,16,10,3,10,1,1,B03,7,11,1,8,2,4,,10,10,1,5,5,B03,120.571625,24.290881,2
2022,1,25,7,9,臺中市,北區,0,0,0,8,,,50,,,,,,,,,,,,,,,23,,,,,B03,,,1,,1,,,23,23,1,22,,B03,120.676852,24.155758,3
2022,1,25,7,11,臺中市,大甲區,0,2,0,8,1,5,50,3,1,1,5,4,5,7,4,4,10,5,5,2,16,6,2,9,1,1,C03,7,5,1,9,2,14,,6,6,1,21,8,C03,120.655946,24.395768,2
2022,1,25,7,19,臺中市,豐原區,0,0,0,8,,,50,,,,,,,,,,,,,,,12,,,,,A41,,,1,,2,,,12,12,1,22,,A41,120.70084,24.245994,3
2022,1,25,7,20,臺中市,大里區,0,0,0,8,,,50,,,,,,,,,,,,,,,6,,,,,B03,,,1,,2,,,6,6,1,22,,B03,120.693996,24.11013,3
2022,1,25,7,21,臺中市,霧峰區,0,0,0,8,,,40,,,,,,,,,,,,,,,16,,,,,B03,,,1,,2,,,16,16,1,4,,B03,120.662669,24.071002,3
2022,1,25,7,23,臺中市,潭子區,0,0,0,8,,,60,,,,,,,,,,,,,,,23,,,,,B03,,,1,,2,,,23,23,1,22,,B03,120.687891,24.215861,3
2022,1,25,7,23,臺中市,梧棲區,0,0,0,,,,50,,,,,,,,,,,,,,,23,,,,,C03,,,1,,2,,,23,23,1,22,,C03,120.53539,24.259151,4
2022,1,25,7,25,臺中市,潭子區,0,1,0,8,1,5,50,4,1,1,5,4,5,7,1,1,10,5,5,2,12,4,3,10,1,1,B03,7,9,3,18,2,8,,4,4,1,22,8,B03,120.686781,24.210318,2
2022,1,25,7,25,臺中市,豐原區,0,2,0,8,1,5,60,14,9,1,5,4,5,7,4,4,1,4,5,1,13,16,2,9,1,1,C03,7,9,3,18,3,11,,16,16,1,21,1,C03,120.717556,24.236676,2
2022,1,25,7,30,臺中市,西屯區,0,1,0,8,1,5,40,4,8,1,5,4,5,7,4,4,4,5,4,2,17,40,3,10,1,1,B02,7,13,1,8,2,8,,40,40,1,22,8,B02,120.657185,24.168227,2
2022,1,25,7,39,臺中市,西區,0,0,0,8,1,5,50,4,2,1,5,4,5,7,1,1,5,5,4,2,12,16,,,,,C03,,,1,,2,,,16,16,1,21,,C03,120.660448,24.132792,3
2022,1,25,7,40,臺中市,大里區,0,1,0,8,1,5,50,14,9,1,5,4,5,7,1,1,5,5,5,1,17,26,2,9,1,1,C03,7,15,1,10,2,14,,26,26,1,22,8,C03,120.681066,24.114955,2
2022,1,25,7,41,臺中市,太平區,0,0,0,8,,,50,,,,,,,,,,,,,,,6,,,,,B03,,,1,,2,,,6,6,1,22,,B03,120.710883,24.126366,3
2022,1,25,7,42,臺中市,大雅區,0,1,0,8,1,5,30,4,1,1,5,4,5,7,4,4,10,5,5,2,17,6,3,10,1,1,B02,7,5,1,8,2,8,,6,6,1,22,8,B02,120.638058,24.205683,2
2022,1,25,7,44,臺中市,東區,0,2,0,8,1,5,40,15,7,1,5,4,5,7,4,4,3,2,4,2,3,51,2,7,3,4,H01,8,16,8,20,10,16,,51,51,1,5,8,H01,120.694496,24.147505,2
2022,1,25,7,44,臺中市,北屯區,0,1,0,8,1,5,40,14,8,1,5,4,5,7,4,4,1,4,4,1,13,16,2,8,1,1,C03,7,9,1,10,2,11,,16,16,1,21,8,C03,120.720638,24.162971,2
2022,1,25,7,46,臺中市,南屯區,0,1,0,8,1,5,50,4,18,1,5,4,5,7,1,1,1,3,4,2,16,23,3,10,1,1,B03,7,5,1,8,2,1,,23,23,1,22,9,B03,120.623516,24.145081,2
2022,1,25,7,46,臺中市,神岡區,0,2,0,8,1,5,50,14,9,1,5,4,5,7,4,4,9,5,5,1,16,6,2,9,3,4,C03,7,11,1,10,2,14,,6,6,1,22,9,C03,120.697171,24.255779,2
2022,1,25,7,49,臺中市,豐原區,0,2,0,8,1,5,50,4,1,1,5,4,5,7,4,4,10,5,5,1,17,23,2,9,1,1,C03,7,9,1,10,2,11,,23,23,1,22,8,C03,120.731276,24.268346,2
2022,1,25,7,50,臺中市,北屯區,0,1,0,8,1,5,50,5,1,1,5,4,5,7,2,1,10,5,5,2,16,42,2,9,1,1,C03,7,9,1,10,2,12,,23,23,1,21,8,C03,120.68637,24.187846,2
2022,1,25,7,50,臺中市,神岡區,0,2,0,8,1,5,50,14,9,1,5,4,5,7,4,4,5,4,4,2,17,16,2,9,1,1,C03,7,9,1,10,2,11,,16,16,1,22,8,C03,120.675826,24.25128,2
2022,1,25,7,51,臺中市,太平區,0,2,0,8,1,5,50,3,1,1,5,4,5,7,1,1,10,5,5,2,16,26,2,9,1,1,C03,7,5,1,8,2,11,,26,26,1,5,5,C03,120.706675,24.159352,2
2022,1,25,7,54,臺中市,南屯區,0,0,0,8,,,50,,,,,,,,,,,,,,,23,,,,,B12,,,1,,2,,,23,23,1,22,,B12,120.607642,24.151768,3
2022,1,25,7,54,臺中市,神岡區,0,3,0,8,1,5,50,14,9,1,5,4,5,7,4,4,5,4,4,2,12,42,2,8,3,4,C03,7,9,6,10,2,11,,42,42,1,22,9,C03,120.71032,24.258885,2
2022,1,25,7,56,臺中市,豐原區,0,0,0,,,,60,,,,,,,,,,,,,,,10,,,,,B03,,,1,,2,,,10,10,1,22,,B03,120.709057,24.249504,3
2022,1,25,8,0,臺中市,大里區,0,0,0,8,,,50,,,,,,,,,,,,,,,12,,,,,B03,,,1,,2,,,12,12,1,4,,B03,120.706009,24.087529,3
2022,1,25,8,5,臺中市,東區,0,0,0,8,1,5,50,5,1,1,5,4,5,7,1,1,10,5,5,2,12,17,,,,,B12,,,1,,2,,,17,17,1,5,,B12,120.701008,24.144601,3
2022,1,25,8,8,臺中市,大雅區,0,1,0,8,1,5,30,4,1,1,5,4,5,7,4,4,10,5,5,1,16,6,2,8,1,1,C03,7,5,1,10,2,12,,6,6,1,22,9,C03,120.639556,24.214675,2
2022,1,25,8,10,臺中市,太平區,0,0,0,,,,50,,,,,,,,,,,,,,,19,,,,,B03,,,2,,1,,,19,19,1,20,,B03,120.714208,24.158046,3
2022,1,25,8,12,臺中市,潭子區,0,0,0,8,,,30,,,,,,,,,,,,,,,5,,,,,A12,,,1,,2,,,5,5,1,22,,A12,120.712066,24.226505,3
2022,1,25,8,16,臺中市,豐原區,0,1,0,8,1,5,50,14,7,1,5,4,5,7,4,4,5,5,4,2,27,67,,,,,,,,,,,,,67,67,1,,,,120.716668,24.23896,2
2022,1,25,8,17,臺中市,后里區,0,2,0,8,1,5,40,3,1,1,5,4,5,7,4,4,10,5,5,2,16,6,2,9,1,1,C03,7,5,1,10,2,12,,6,6,1,4,1,C03,120.72348,24.292388,2
2022,1,25,8,19,臺中市,潭子區,0,0,0,8,,,50,,,,,,,,,,,,,,,4,,,,,B03,,,1,,2,,,44,44,1,22,,B03,120.675646,24.20521,3
2022,1,25,8,21,臺中市,南區,0,0,0,7,1,5,50,14,9,1,5,4,5,7,1,1,3,4,5,2,13,23,3,10,1,1,B03,7,9,1,8,2,1,,23,23,1,21,8,B03,120.670222,24.112425,3
2022,1,25,8,24,臺中市,南屯區,0,1,0,8,1,5,50,14,7,1,5,4,5,7,1,1,1,4,4,2,13,44,2,9,1,1,C03,7,9,1,10,2,13,,44,44,1,22,9,C03,120.640401,24.141427,2
2022,1,25,8,33,臺中市,西區,0,1,0,8,1,5,50,4,2,1,5,4,5,7,2,1,10,5,5,2,17,23,2,8,1,1,C03,7,9,1,10,1,11,,23,23,1,5,1,C03,120.661725,24.144333,2
2022,1,25,8,35,臺中市,西區,0,2,0,8,1,5,50,4,1,1,5,4,5,7,1,1,10,5,5,2,15,25,2,9,3,1,C03,7,9,1,10,2,11,,25,25,1,21,8,C03,120.670488,24.151252,2
2022,1,25,8,45,臺中市,南區,0,0,0,8,,,40,,,,,,,,,,,,,,,42,,,,,B03,,,1,8,2,,,42,42,1,5,,B03,120.660878,24.11928,3
2022,1,25,8,47,臺中市,西屯區,0,0,0,8,,,60,,,,,,,,,,,,,,,16,,,,,B03,,,1,,2,,,16,16,1,22,,B03,120.651059,24.161931,3
2022,1,25,8,49,臺中市,梧棲區,0,1,0,8,1,5,50,14,9,1,5,4,5,7,4,4,9,5,5,1,17,40,3,10,2,1,B03,7,13,1,2,2,4,,40,40,1,22,8,B03,120.540102,24.226138,2
2022,1,25,8,51,臺中市,南屯區,0,2,0,8,1,5,30,14,9,1,5,4,5,7,4,4,10,5,5,2,17,23,2,9,1,1,C03,7,9,1,10,1,11,12,23,23,1,5,8,C03,120.651071,24.137483,2
2022,1,25,8,53,臺中市,龍井區,0,2,0,8,1,5,30,4,1,1,5,4,5,7,4,4,10,5,5,2,15,6,3,10,1,1,B12,7,9,1,8,2,6,,6,6,1,5,8,B12,120.529465,24.205556,2
2022,1,25,8,55,臺中市,潭子區,0,1,0,8,1,5,60,3,2,1,5,4,5,7,1,1,3,4,4,1,16,6,3,10,1,1,B03,7,11,1,8,2,2,,6,6,1,22,8,B03,120.702502,24.196908,2
2022,1,25,8,55,臺中市,北屯區,0,0,0,8,,,50,,,,,,,,,,,,,,,23,,,,,B12,,,1,,1,,,23,23,1,21,,B12,120.72112,24.175371,3
2022,1,25,9,0,臺中市,南區,0,0,0,8,1,5,50,4,7,1,5,4,5,7,2,1,3,2,4,2,13,23,3,10,1,1,B03,7,9,1,8,2,1,,23,23,1,21,8,B03,120.65734,24.133753,3
2022,1,25,9,0,臺中市,北屯區,0,0,0,8,,,50,,,,,,,,,,,,,,,67,,,,,,,,,,,,,67,67,1,,,,120.690113,24.18423,3
2022,1,25,9,1,臺中市,太平區,0,1,0,8,1,5,50,14,7,1,5,4,5,7,4,4,5,5,4,1,17,6,3,10,3,4,B03,7,5,1,8,2,4,,6,6,1,22,9,B03,120.716438,24.150566,2
2022,1,25,9,3,臺中市,大里區,0,2,0,8,1,5,50,3,1,1,5,4,5,7,4,4,10,5,5,2,16,6,2,9,1,1,C03,7,5,1,10,2,14,,6,6,1,22,8,C03,120.703648,24.093535,2
2022,1,25,9,3,臺中市,神岡區,0,0,0,8,,,50,,,,,,,,,,,,,,,12,,,,,B03,,,1,,2,,,12,12,1,22,,B03,120.65611,24.260609,3
2022,1,25,9,5,臺中市,清水區,0,0,0,8,,,40,,,,,,,,,,,,,,,12,,,,,B03,,,1,,2,,,12,12,1,22,,B03,120.567298,24.268161,3
2022,1,25,9,8,臺中市,南屯區,0,1,0,7,1,5,50,3,9,1,4,4,5,7,4,4,10,5,5,2,16,6,3,10,1,1,B03,7,9,1,8,2,1,,6,6,1,22,9,B03,120.644682,24.133418,2
2022,1,25,9,10,臺中市,東區,0,1,0,8,1,5,50,14,9,1,5,4,5,7,1,1,5,5,5,2,12,17,3,10,1,1,B12,7,9,1,8,2,2,,17,17,1,22,8,B12,120.707905,24.140288,2
2022,1,25,9,10,臺中市,大里區,0,1,0,8,1,5,50,14,9,1,5,4,5,7,4,4,3,4,5,1,17,42,2,9,1,1,C03,7,15,1,10,2,14,,42,42,1,22,8,C03,120.682889,24.098413,2
2022,1,25,9,13,臺中市,烏日區,0,1,0,8,1,5,50,4,1,1,5,4,5,7,4,4,10,5,5,2,16,6,2,9,1,1,C03,7,9,1,10,2,11,,6,6,1,21,1,C03,120.612561,24.10841,2
2022,1,25,9,16,臺中市,北區,0,0,0,8,,,50,,,,,,,,,,,,,,,16,,,,,C03,,,1,,1,,,16,16,1,22,,C03,120.68413,24.150101,3
2022,1,25,9,19,臺中市,南區,0,1,0,8,1,5,50,4,1,1,5,4,5,7,2,1,10,5,5,2,16,6,3,10,3,4,B12,7,5,1,8,2,5,,6,6,1,5,8,B12,120.6842,24.121933,2
2022,1,25,9,24,臺中市,沙鹿區,0,1,0,8,1,5,30,4,1,1,5,4,5,7,4,4,10,5,5,2,15,6,2,9,1,1,F02,7,9,8,20,2,16,,6,6,1,22,9,F02,120.574571,24.260932,2
2022,1,25,9,34,臺中市,西區,0,0,0,8,,,50,,,,,,,,,,,,,,,26,,,,,B12,,,1,,2,,,26,26,1,21,,B12,120.665272,24.148274,3
2022,1,25,9,44,臺中市,清水區,0,1,0,8,1,5,30,3,2,1,5,4,5,7,4,4,5,5,5,2,16,26,2,9,1,1,C03,7,5,1,10,2,12,,26,26,1,20,5,C03,120.575385,24.28003,2
2022,1,25,9,50,臺中市,北區,0,1,0,8,1,5,50,4,1,1,5,4,5,7,1,3,10,5,5,2,15,6,2,8,1,1,C04,7,9,1,11,2,11,,6,6,1,22,9,C04,120.667024,24.155258,2
2022,1,25,9,54,臺中市,北屯區,0,1,0,8,1,5,50,4,1,1,5,4,5,7,1,1,10,5,5,2,1,15,3,10,1,1,B03,7,5,1,8,2,5,,15,15,1,21,8,B03,120.674513,24.19185,2
2022,1,25,10,0,臺中市,神岡區,0,0,0,8,,,30,,,,,,,,,,,,,,,17,,,,,B03,,,1,,1,,,17,17,1,22,,B03,120.673214,24.2508,3
2022,1,25,10,7,臺中市,南屯區,0,0,0,8,,,50,,,,,,,,,,,,,,,6,,,,,B03,,,1,,1,,,6,6,1,5,,B03,120.653952,24.143828,3
2022,1,25,10,10,臺中市,神岡區,0,1,0,8,1,5,50,15,9,1,5,4,5,7,4,4,5,5,5,2,13,23,3,10,1,1,B03,7,5,1,8,2,8,,23,23,1,22,8,B03,120.661147,24.257677,2
2022,1,25,10,14,臺中市,太平區,0,1,0,8,1,5,50,4,1,1,5,4,5,7,1,1,10,5,5,2,16,23,3,10,1,1,B03,7,5,1,10,2,8,,23,23,1,19,5,B03,120.715119,24.138346,2
2022,1,25,10,15,臺中市,北區,0,0,0,8,,,30,,,,,,,,,,,,,,,43,,,,,,,,,,,,,43,43,1,,,,120.681415,24.151035,3
2022,1,25,10,16,臺中市,北區,0,0,0,8,,,50,,,,,,,,,,,,,,,7,,,,,B03,,,1,,1,,,7,7,1,22,,B03,120.67403,24.162873,3
2022,1,25,10,16,臺中市,北區,0,1,0,8,1,5,50,4,1,1,5,4,5,7,1,1,10,5,5,2,16,25,3,10,1,1,C03,7,6,1,10,2,12,,25,25,1,22,9,C03,120.688352,24.162962,2
2022,1,25,10,20,臺中市,南區,0,0,0,8,1,5,40,4,13,1,5,4,5,7,4,4,5,3,5,2,17,67,,,,,,,,,,,,,67,67,1,,,,120.663751,24.116841,3
2022,1,25,10,24,臺中市,北屯區,0,0,0,8,,,50,,,,,,,,,,,,,,,23,,,,,B03,,,1,,1,,,23,23,1,21,,B03,120.699816,24.182343,3
2022,1,25,10,30,臺中市,太平區,0,1,0,8,1,5,30,11,9,1,5,4,5,7,4,4,10,5,5,2,12,19,3,10,3,4,B03,7,1,1,8,2,8,,19,19,1,22,9,B03,120.73198,24.110047,2
2022,1,25,10,36,臺中市,豐原區,0,0,0,8,,,50,,,,,,,,,,,,,,,23,,,,,B03,,,1,,2,,,23,23,1,22,,B03,120.725364,24.252073,3
2022,1,25,10,42,臺中市,北區,0,0,0,8,,,30,,,,,,,,,,,,,,,43,,,,,C03,,,1,,11,,,43,43,1,22,,C03,120.690371,24.162108,3
2022,1,25,10,47,臺中市,北屯區,0,1,0,8,1,5,50,4,1,1,5,4,5,7,4,4,4,3,5,2,16,23,2,9,1,1,C03,7,9,1,10,2,11,,23,23,1,22,8,C03,120.68946,24.178871,2
2022,1,25,10,50,臺中市,大雅區,0,1,0,8,1,5,50,14,7,1,5,4,5,7,4,4,1,4,4,1,13,23,2,8,1,1,C03,7,9,3,18,2,11,,23,23,1,22,9,C03,120.65275,24.221189,2
2022,1,25,11,1,臺中市,豐原區,0,0,0,8,,,50,,,,,,,,,,,,,,,16,,,,,B12,,,1,,2,,,16,16,1,22,,B12,120.740451,24.255688,3
2022,1,25,11,13,臺中市,沙鹿區,0,1,0,8,1,5,40,4,2,1,5,4,5,7,4,4,4,5,5,2,13,16,2,8,1,1,C03,7,9,1,9,8,11,,16,16,1,20,8,C03,120.562707,24.24322,2