年,月,日,時,分,縣市,區,死,受傷,2-30,天候,光線,道路類別,速限,道路型態,事故位置,路面鋪裝,路面狀態,路面缺陷,障礙物,視距,號誌種類,號誌動作,分向設施,快車道或一般車道間,快慢車道間,路面邊線,事故類型及型態,主要肇因,受傷程度,主要傷處,保護裝備,行動電話,當事者區分,車輛用途,當事者行動狀態,駕駛資格情形,駕駛執照種類,飲酒情形,車輛撞擊部位最初,車輛撞擊部位其他,肇事因素個別,肇事因素主要,肇事逃逸,職業,旅次目的,車種,GPS緯度,GPS經度,事故類別
2022,1,25,11,26,臺中市,大甲區,0,1,0,8,1,5,50,14,9,1,5,4,5,7,4,4,5,5,5,1,12,19,2,9,1,1,C03,7,1,1,10,2,11,,19,19,1,22,8,C03,120.628332,24.342742,2
2022,1,25,11,28,臺中市,南區,0,2,0,8,1,5,50,4,1,1,5,4,5,7,2,1,10,5,5,2,15,43,2,9,3,4,C03,7,9,1,10,2,11,,43,43,1,5,8,C03,120.65438,24.1139,2
2022,1,25,11,30,臺中市,太平區,0,0,0,8,,,30,,,,,,,,,,,,,,,12,,,,,B12,,,1,,1,,,12,12,1,18,,B12,120.718228,24.13866,3
2022,1,25,11,30,臺中市,太平區,0,0,0,8,,,50,,,,,,,,,,,,,,,23,,,,,B01,,,1,,2,,,23,23,1,22,,B01,120.711614,24.153613,3
2022,1,25,11,31,臺中市,大甲區,0,0,0,8,,,30,,,,,,,,,,,,,,,17,,,,,B02,,,1,,1,,,17,17,1,4,,B02,120.632118,24.357275,3
2022,1,25,11,33,臺中市,東區,0,1,0,8,1,5,40,3,8,1,5,4,5,7,4,4,3,4,4,2,17,16,2,9,1,1,C03,7,9,1,10,2,14,,16,16,1,21,8,C03,120.68601,24.129954,2
2022,1,25,11,33,臺中市,北屯區,0,1,0,8,1,5,50,3,2,1,5,4,5,7,4,4,10,5,5,2,3,51,2,9,4,1,H01,8,16,8,20,10,16,,51,51,1,20,7,H01,120.690523,24.177939,2
2022,1,25,11,36,臺中市,大雅區,0,1,0,8,1,5,50,5,1,1,5,4,5,7,1,1,10,5,5,2,18,23,2,9,1,1,C03,7,9,1,10,2,12,,23,23,1,22,8,C03,120.672972,24.210976,2
2022,1,25,11,37,臺中市,東區,0,0,0,8,1,5,50,4,1,1,5,4,5,7,1,1,10,5,5,2,13,16,,,,,B12,,,1,,2,,,16,16,1,5,,B12,120.692395,24.139415,3
2022,1,25,11,38,臺中市,大雅區,0,1,0,8,1,5,50,3,1,1,5,4,5,7,4,4,10,5,5,2,16,23,3,10,1,1,B03,7,6,1,8,2,8,,23,23,1,22,9,B03,120.650093,24.220725,2
2022,1,25,11,41,臺中市,西區,0,1,0,8,1,5,40,4,1,1,5,4,5,7,2,1,10,5,5,2,16,9,3,10,1,1,B03,7,6,1,8,2,2,,9,9,1,5,5,B03,120.660204,24.157055,2
2022,1,25,11,42,臺中市,梧棲區,0,1,0,8,1,5,50,4,1,1,5,4,5,7,4,4,10,5,5,2,15,6,3,10,1,1,A11,7,9,1,3,2,7,,6,6,1,10,3,A11,120.541288,24.226245,2
2022,1,25,11,43,臺中市,大里區,0,1,0,8,1,5,40,3,1,1,5,4,5,7,1,1,10,4,4,1,13,23,2,9,1,1,C03,7,9,1,10,2,14,,23,23,1,4,8,C03,120.694593,24.089306,2
2022,1,25,11,46,臺中市,南屯區,0,1,0,8,1,5,40,14,8,1,5,4,5,7,4,4,1,4,4,2,18,22,2,9,3,4,C03,7,9,6,10,2,11,12,22,22,1,20,8,C03,120.64414,24.151349,2
2022,1,25,11,48,臺中市,豐原區,0,0,0,8,,,50,,,,,,,,,,,,,,,16,,,,,C03,,,1,,2,,,16,16,1,21,,C03,120.716732,24.253169,4
2022,1,25,11,50,臺中市,西區,0,1,0,8,1,5,50,5,1,1,5,4,5,7,1,1,10,5,5,2,17,9,3,10,1,1,B03,7,6,1,8,2,15,,9,9,1,21,8,B03,120.668527,24.132092,2
2022,1,25,11,51,臺中市,北區,0,1,0,8,1,5,50,14,7,1,5,4,5,7,4,4,4,5,4,2,12,43,2,9,1,1,F01,7,7,8,20,2,16,,43,43,1,22,9,F01,120.678188,24.155763,2
2022,1,25,11,54,臺中市,北屯區,0,0,0,8,,,50,,,,,,,,,,,,,,,16,,,,,B12,,,1,,1,,,16,16,1,21,,B12,120.711236,24.182285,3
2022,1,25,11,55,臺中市,沙鹿區,0,0,0,8,,,60,,,,,,,,,,,,,,,7,,,,,B03,,,1,,2,,,7,7,1,22,,B03,120.566559,24.204126,3
2022,1,25,11,58,臺中市,西區,0,1,0,8,1,5,50,4,1,1,5,4,5,7,4,4,10,5,5,2,16,6,3,10,1,1,B03,7,5,1,8,2,8,,6,6,1,22,9,B03,120.673242,24.148836,2
2022,1,25,12,0,臺中市,霧峰區,0,1,0,8,1,5,50,4,1,1,5,4,5,7,4,4,10,5,5,2,16,6,3,10,1,1,C03,7,9,1,10,2,11,,6,6,1,22,8,C03,120.696791,24.068451,2
2022,1,25,12,3,臺中市,北區,0,0,0,8,,,50,,,,,,,,,,,,,,,42,,,,,B03,,,1,,1,,,42,42,1,22,,B03,120.673337,24.166906,3
2022,1,25,12,7,臺中市,西區,0,2,0,8,1,5,50,4,1,1,5,4,5,7,2,1,10,5,5,2,16,6,2,9,1,1,C03,7,6,1,10,2,12,,6,6,1,5,5,C03,120.667738,24.130959,2
2022,1,25,12,7,臺中市,南屯區,0,0,0,8,,,50,,,,,,,,,,,,,,,12,,,,,B03,,,1,,1,,,12,12,1,5,,B03,120.652404,24.140375,3
2022,1,25,12,10,臺中市,西屯區,0,1,0,8,1,5,50,14,9,1,5,4,5,7,4,4,1,3,5,2,13,7,3,10,1,1,C03,7,8,1,10,1,12,,7,7,1,22,8,C03,120.666305,24.172904,2
2022,1,25,12,11,臺中市,北屯區,0,0,0,8,,,50,,,,,,,,,,,,,,,23,,,,,C03,,,1,,2,,,23,23,1,21,,C03,120.690583,24.178105,3
2022,1,25,12,11,臺中市,沙鹿區,0,0,0,8,,,40,,,,,,,,,,,,,,,18,,,,,A05,,,1,,2,,,18,18,1,9,,A05,120.562922,24.207398,3
2022,1,25,12,15,臺中市,北屯區,0,1,0,8,1,5,50,14,12,1,5,4,5,7,4,4,5,5,4,2,18,42,2,9,1,1,C03,7,9,1,10,2,12,,42,42,1,18,8,C03,120.666506,24.191814,2
2022,1,25,12,20,臺中市,西區,0,0,0,,,,50,,,,,,,,,,,,,,,6,,,,,B03,,,1,,1,,,6,6,1,21,,B03,120.658819,24.141272,3
2022,1,25,12,23,臺中市,中區,0,1,0,8,1,5,50,4,1,1,5,4,5,7,1,1,10,5,4,2,18,42,2,9,1,1,C03,7,6,1,10,2,15,,42,42,1,21,8,C03,120.675453,24.143952,2
2022,1,25,12,25,臺中市,西區,0,1,0,8,1,5,50,4,1,1,5,4,5,7,1,1,10,5,5,2,16,6,3,10,1,1,C03,7,5,1,9,2,11,,6,6,1,22,9,C03,120.673858,24.134921,2
2022,1,25,12,27,臺中市,豐原區,0,1,0,8,1,5,50,4,2,1,5,4,5,7,1,1,10,5,5,2,17,23,3,10,1,1,C03,7,9,1,10,2,13,,23,23,1,22,8,C03,120.714345,24.244955,2
2022,1,25,12,37,臺中市,北區,0,1,0,8,1,5,50,14,7,1,5,4,5,7,4,4,1,4,4,2,13,16,2,9,1,1,C03,7,9,1,10,2,11,13,16,16,1,22,9,C03,120.687698,24.146539,2
2022,1,25,12,37,臺中市,北屯區,0,0,0,8,,,50,,,,,,,,,,,,,,,1,,,,,B12,,,1,,1,,,1,1,1,21,,B12,120.686425,24.18887,3
2022,1,25,12,39,臺中市,豐原區,0,1,0,8,1,5,60,4,1,1,5,4,5,7,2,1,1,4,4,2,13,23,2,8,1,1,C03,7,9,1,10,2,11,,23,23,1,22,8,C03,120.707156,24.237085,2
2022,1,25,12,40,臺中市,西區,0,0,0,8,,,50,,,,,,,,,,,,,,,23,,,,,B03,,,1,,1,,,23,23,1,5,,B03,120.656905,24.136464,3
2022,1,25,12,40,臺中市,神岡區,0,0,0,8,,,50,,,,,,,,,,,,,,,23,,,,,B12,,,1,,2,,,23,23,1,22,,B12,120.677335,24.236245,3
2022,1,25,12,44,臺中市,北屯區,0,1,0,8,1,5,50,4,1,1,5,4,5,7,4,4,10,5,5,2,29,23,2,9,1,1,C03,7,9,1,10,2,14,,23,23,1,21,8,C03,120.675553,24.201993,2
2022,1,25,12,50,臺中市,北屯區,0,0,0,8,,,50,,,,,,,,,,,,,,,43,,,,,B03,,,1,,2,,,43,43,1,21,,B03,120.695056,24.183695,3
2022,1,25,12,57,臺中市,潭子區,0,0,0,,,,50,,,,,,,,,,,,,,,12,,,,,B03,,,1,,2,,,12,12,1,22,,B03,120.687008,24.210564,3
2022,1,25,13,0,臺中市,北屯區,0,1,0,8,1,5,50,14,7,1,5,4,5,7,4,4,9,5,4,2,16,10,3,10,1,1,B03,7,11,1,8,2,4,,10,10,1,4,8,B03,120.66391,24.184023,2
2022,1,25,13,4,臺中市,西區,0,0,0,8,,,50,,,,,,,,,,,,,,,16,,,,,B01,,,1,,1,,,16,16,1,5,,B01,120.675884,24.141385,4
2022,1,25,13,5,臺中市,西區,0,1,0,8,1,5,50,4,1,1,5,4,5,7,1,1,10,5,5,2,16,6,3,10,1,1,B03,7,5,1,8,1,5,,6,6,1,21,8,B03,120.665268,24.146718,2
2022,1,25,13,8,臺中市,梧棲區,0,0,0,8,,,30,,,,,,,,,,,,,,,23,,,,,B03,,,1,,2,,,23,23,1,21,,B03,120.547678,24.258721,3
2022,1,25,13,9,臺中市,北屯區,0,0,0,8,1,5,50,14,9,1,5,4,5,7,4,4,1,3,5,2,13,23,3,10,1,1,B03,7,9,1,8,1,11,,23,23,1,21,8,B03,120.721703,24.180698,3
2022,1,25,13,9,臺中市,西屯區,0,0,0,8,,,50,,,,,,,,,,,,,,,12,,,,,B03,,,1,,2,,,12,12,1,22,,B03,120.653637,24.164836,3
2022,1,25,13,12,臺中市,北屯區,0,1,0,8,1,8,50,14,7,1,5,4,5,7,4,4,5,5,4,1,12,43,2,9,1,1,C03,7,9,1,10,2,12,,43,43,1,21,8,C03,120.683635,24.173911,2
2022,1,25,13,12,臺中市,西屯區,0,0,0,8,,,50,,,,,,,,,,,,,,,23,,,,,B03,,,1,,2,,,23,23,1,22,,B03,120.638453,24.175182,3
2022,1,25,13,16,臺中市,潭子區,0,0,0,8,,,50,,,,,,,,,,,,,,,16,,,,,B12,,,6,,2,,,16,16,1,22,,B12,120.678506,24.20374,3
2022,1,25,13,20,臺中市,梧棲區,0,0,0,8,,,50,,,,,,,,,,,,,,,23,,,,,B03,,,1,,2,,,23,23,1,21,,B03,120.536065,24.26287,3
2022,1,25,13,20,臺中市,大甲區,0,0,0,8,,,50,,,,,,,,,,,,,,,6,,,,,B12,,,1,,2,,,6,6,1,4,,B12,120.619931,24.347007,3
2022,1,25,13,30,臺中市,北屯區,0,1,0,8,1,5,50,4,1,1,5,4,5,7,2,1,10,5,5,2,16,25,3,10,1,1,B12,7,5,1,8,2,5,,25,25,1,4,8,B12,120.694993,24.177956,2
2022,1,25,13,30,臺中市,太平區,0,2,0,8,1,5,50,3,1,1,5,4,5,7,4,4,10,5,5,2,16,6,2,8,1,1,C03,7,5,1,10,2,11,,6,6,1,18,5,C03,120.725939,24.134762,2
2022,1,25,13,30,臺中市,大安區,0,0,0,,,,50,,,,,,,,,,,,,,,12,,,,,B03,,,1,,2,,,12,12,1,4,,B03,120.612922,24.369468,3
2022,1,25,13,36,臺中市,南區,0,0,0,8,,,50,,,,,,,,,,,,,,,23,,,,,B03,,,1,8,2,,,23,23,1,5,,B03,120.65611,24.115101,3
2022,1,25,13,41,臺中市,北屯區,0,0,0,8,,,50,,,,,,,,,,,,,,,23,,,,,B12,,,1,,2,,,23,23,1,21,,B12,120.661348,24.195106,3
2022,1,25,13,42,臺中市,北區,0,0,0,8,,,50,,,,,,,,,,,,,,,23,,,,,B03,,,1,,1,,,23,23,1,22,,B03,120.682364,24.16033,3
2022,1,25,13,50,臺中市,大里區,0,0,0,8,,,30,,,,,,,,,,,,,,,23,,,,,B03,,,1,,2,,,23,23,1,4,,B03,120.711797,24.08817,3
2022,1,25,13,54,臺中市,烏日區,0,1,0,8,1,5,60,14,9,1,5,4,5,7,4,4,1,4,4,1,12,7,3,10,1,1,B03,7,8,1,8,2,2,,7,7,1,21,8,B03,120.635239,24.106913,2
2022,1,25,14,2,臺中市,北屯區,0,1,0,8,1,5,50,4,7,1,5,4,5,7,2,1,5,4,4,2,16,26,2,3,1,1,B12,7,6,1,8,2,4,,26,26,1,21,8,B12,120.680466,24.1981,2
2022,1,25,14,2,臺中市,沙鹿區,0,1,0,8,1,5,50,3,2,1,5,4,5,7,4,4,1,4,4,2,13,23,2,9,1,1,C03,7,9,1,10,2,11,,23,23,1,19,8,C03,120.561499,24.243992,2
2022,1,25,14,7,臺中市,烏日區,0,1,0,8,1,5,30,3,1,1,5,4,5,7,1,1,10,5,5,2,16,9,3,10,1,1,B03,7,6,1,8,2,5,,9,9,1,21,8,B03,120.642003,24.11581,2
2022,1,25,14,8,臺中市,豐原區,0,0,0,8,,,50,,,,,,,,,,,,,,,23,,,,,C03,,,1,,2,,,23,23,1,22,,C03,120.701386,24.240016,3
2022,1,25,14,10,臺中市,大里區,0,2,0,8,1,5,50,14,9,1,5,4,5,7,1,1,5,5,1,1,16,25,2,9,1,1,C03,7,9,3,18,2,11,,25,25,1,22,8,C03,120.696986,24.111206,2
2022,1,25,14,12,臺中市,東勢區,0,1,0,8,1,5,50,3,2,1,5,4,5,7,4,4,5,4,5,1,17,23,2,9,1,1,C03,7,9,1,9,2,15,,23,23,1,22,9,C03,120.792895,24.268263,2
2022,1,25,14,14,臺中市,梧棲區,0,0,0,8,,,50,,,,,,,,,,,,,,,23,,,,,B03,,,1,,2,,,23,23,1,21,,B03,120.535867,24.261648,3
2022,1,25,14,22,臺中市,北屯區,0,2,0,8,1,5,50,4,1,1,5,4,5,7,4,4,10,5,5,2,15,6,2,9,1,1,C03,7,9,1,10,2,11,,6,6,1,4,8,C03,120.684663,24.171028,2
2022,1,25,14,23,臺中市,北區,0,0,0,8,,,50,,,,,,,,,,,,,,,23,,,,,B03,,,1,,1,,,23,23,1,22,,B03,120.675115,24.161035,3
2022,1,25,14,26,臺中市,西區,0,1,0,8,1,5,50,3,2,1,5,4,3,7,1,1,1,4,4,2,12,7,3,10,1,1,B03,7,7,1,8,2,5,,44,44,1,5,8,B03,120.658129,24.155299,2
2022,1,25,14,26,臺中市,烏日區,0,1,0,8,1,5,40,4,1,1,5,4,5,7,4,4,10,5,5,1,16,9,3,10,1,1,B03,7,6,1,1,2,2,,9,9,1,21,8,B03,120.62447,24.103534,2
2022,1,25,14,30,臺中市,西區,0,1,0,8,1,5,50,4,1,1,5,4,5,7,1,1,10,5,5,2,16,6,3,10,1,1,B03,7,6,1,8,2,5,,6,6,1,21,8,B03,120.665287,24.150867,2
2022,1,25,14,31,臺中市,西區,0,2,0,8,1,5,50,5,1,1,5,4,5,7,2,1,10,5,5,2,17,43,2,9,1,1,C03,7,9,1,10,2,12,,43,43,1,5,8,C03,120.672608,24.131686,2
2022,1,25,14,33,臺中市,豐原區,0,3,0,8,1,5,50,4,1,1,5,4,5,7,1,1,10,5,5,2,17,8,2,9,1,1,C03,7,5,1,10,2,14,,8,8,2,22,8,C03,120.722945,24.236316,2
2022,1,25,14,36,臺中市,潭子區,0,0,0,8,,,50,,,,,,,,,,,,,,,16,,,,,B03,,,1,,2,,,16,16,1,22,,B03,120.686906,24.20838,3
2022,1,25,14,36,臺中市,南屯區,0,0,0,8,,,50,,,,,,,,,,,,,,,7,,,,,B03,,,1,,2,,,7,7,1,22,,B03,120.640071,24.141317,3
2022,1,25,14,40,臺中市,北區,0,1,0,8,1,5,50,3,2,1,5,4,5,7,1,1,5,5,4,2,17,6,3,10,1,1,B03,7,5,1,8,2,1,,6,6,1,21,8,B03,120.686669,24.159083,2
2022,1,25,14,40,臺中市,南屯區,0,0,0,8,1,5,50,4,1,1,5,4,5,7,2,1,10,2,5,2,12,17,3,10,1,1,B03,7,6,1,8,2,2,,17,17,1,4,8,B03,120.642402,24.140941,3
2022,1,25,14,43,臺中市,北屯區,0,0,0,8,,,30,,,,,,,,,,,,,,,12,,,,,B03,,,1,,1,,,12,12,1,21,,B03,120.69193,24.161826,3
2022,1,25,14,43,臺中市,太平區,0,0,0,8,,,50,,,,,,,,,,,,,,,23,,,,,A02,,,1,,1,,,23,23,1,5,,A02,120.716883,24.148783,4
2022,1,25,14,50,臺中市,神岡區,0,0,0,8,,,30,,,,,,,,,,,,,,,12,,,,,B12,,,1,,1,,,12,12,1,21,,B12,120.687225,24.245571,3
2022,1,25,14,50,臺中市,豐原區,0,0,0,8,,,60,,,,,,,,,,,,,,,42,,,,,B12,,,1,,2,,,42,42,1,22,,B12,120.728276,24.24042,3
2022,1,25,14,51,臺中市,東區,0,1,0,8,1,5,50,3,1,1,5,4,5,7,4,4,10,5,5,2,16,6,3,10,1,1,B12,7,5,1,8,2,6,,6,6,1,5,8,B12,120.704354,24.130848,2
2022,1,25,15,2,臺中市,西區,0,0,0,8,,,50,,,,,,,,,,,,,,,23,,,,,C03,,,1,,2,,,23,23,1,5,,C03,120.681849,24.135972,3
2022,1,25,15,5,臺中市,北屯區,0,1,0,8,1,5,50,4,1,1,5,4,5,7,4,4,10,5,5,2,15,6,2,9,3,4,C02,7,9,1,9,2,11,,14,6,1,5,8,C02,120.721732,24.174978,2
2022,1,25,15,14,臺中市,西區,0,1,0,8,1,5,50,3,2,1,5,4,5,7,1,1,5,4,5,2,12,7,3,10,1,1,B03,7,7,1,8,2,8,,7,7,1,5,8,B03,120.669942,24.146415,2
2022,1,25,15,15,臺中市,西屯區,0,0,0,8,,,50,,,,,,,,,,,,,,,16,,,,,B03,,,1,,1,,,16,16,1,22,,B03,120.647884,24.163513,3
2022,1,25,15,18,臺中市,北屯區,0,0,0,8,,,50,,,,,,,,,,,,,,,7,,,,,B12,,,1,,1,,,7,7,1,5,,B12,120.668511,24.178558,3
2022,1,25,15,20,臺中市,北屯區,0,0,0,8,,,0,,,,,,,,,,,,,,,12,,,,,B12,,,1,,11,,,12,12,1,5,,B12,120.675965,24.201403,3
2022,1,25,15,34,臺中市,龍井區,0,1,0,8,1,5,70,4,1,1,5,4,5,7,1,1,10,5,5,2,13,23,3,10,1,1,C03,7,9,1,10,2,11,,23,23,1,18,5,C03,120.541811,24.216156,2
2022,1,25,15,35,臺中市,神岡區,0,2,0,8,1,5,50,14,9,1,5,4,5,7,1,1,5,5,4,2,13,16,2,9,1,1,C03,7,15,1,10,2,13,,44,16,1,22,8,C03,120.660594,24.269979,2
2022,1,25,15,38,臺中市,梧棲區,0,0,0,8,,,40,,,,,,,,,,,,,,,12,,,,,A41,,,1,,2,,,12,12,1,21,,A41,120.514776,24.230571,3
2022,1,25,15,40,臺中市,南屯區,0,0,0,8,,,40,,,,,,,,,,,,,,,12,,,,,C03,,,1,,1,,,12,12,1,22,,C03,120.633727,24.15338,3
2022,1,25,15,41,臺中市,北屯區,0,0,0,8,,,30,,,,,,,,,,,,,,,23,,,,,B03,,,1,,2,,,23,23,1,22,,B03,120.695298,24.169111,3
2022,1,25,15,45,臺中市,神岡區,0,1,0,8,1,5,50,3,1,1,5,4,5,7,4,4,5,5,5,1,16,6,2,9,1,1,C03,7,5,1,10,2,12,,6,6,1,21,8,C03,120.693146,24.237666,2
2022,1,25,15,48,臺中市,西屯區,0,1,0,8,1,5,50,14,9,1,5,4,5,6,4,4,9,4,5,2,16,6,3,10,3,4,B03,7,5,1,8,2,5,,6,6,1,22,8,B03,120.643934,24.20085,2
2022,1,25,15,50,臺中市,大里區,0,1,0,8,1,5,30,4,1,1,5,4,5,7,4,4,10,5,5,2,24,14,2,9,3,4,C03,7,5,1,10,2,13,,14,14,1,6,8,C03,120.714049,24.090252,2
2022,1,25,15,50,臺中市,豐原區,0,0,0,8,,,30,,,,,,,,,,,,,,,42,,,,,B12,,,1,,2,,,42,42,1,22,,B12,120.703391,24.254293,3
2022,1,25,15,57,臺中市,大里區,0,0,0,8,,,80,,,,,,,,,,,,,,,16,,,,,B03,,,1,,2,,,16,16,1,22,,B03,120.694282,24.106698,3
2022,1,25,16,5,臺中市,大雅區,0,1,0,8,2,5,30,14,9,1,5,4,5,7,1,1,10,5,5,2,17,19,2,1,1,1,C03,7,1,1,10,2,14,,19,19,1,22,9,C03,120.66963,24.22249,2
2022,1,25,16,9,臺中市,北屯區,0,0,0,8,,,40,,,,,,,,,,,,,,,23,,,,,B12,,,1,7,2,,,23,23,1,21,,B12,120.690124,24.200891,3
2022,1,25,16,9,臺中市,北屯區,0,0,0,8,,,50,,,,,,,,,,,,,,,44,,,,,B03,,,1,,2,,,44,44,1,21,,B03,120.694013,24.164526,3
2022,1,25,16,10,臺中市,中區,0,1,0,8,1,5,50,14,9,1,5,4,5,7,4,4,5,2,5,2,13,16,3,10,1,1,C03,7,9,1,10,2,11,,16,16,1,21,8,C03,120.685695,24.143194,2
2022,1,25,16,10,臺中市,南區,0,0,0,8,,,50,,,,,,,,,,,,,,,6,,,,,B03,,,1,,2,,,6,6,1,22,,B03,120.658936,24.117301,3
2022,1,25,16,11,臺中市,北區,0,2,0,8,1,5,50,4,1,1,5,4,5,7,2,1,5,5,5,2,16,26,2,9,1,1,C03,7,9,1,10,2,11,,26,26,1,22,8,C03,120.676765,24.163381,2
2022,1,25,16,14,臺中市,豐原區,0,0,0,8,,,30,,,,,,,,,,,,,,,17,,,,,B03,,,1,,2,,,17,17,1,21,,B03,120.730976,24.250739,3
2022,1,25,16,25,臺中市,豐原區,0,1,0,8,1,5,50,4,2,1,5,4,5,7,1,1,10,5,5,2,17,23,3,10,1,1,B03,7,9,1,8,2,1,,23,23,1,22,8,B03,120.720235,24.264005,2
2022,1,25,16,33,臺中市,北區,0,0,0,8,,,50,,,,,,,,,,,,,,,42,,,,,C04,,,1,,2,,,42,42,1,22,,C04,120.682344,24.165307,3
2022,1,25,16,33,臺中市,西屯區,0,0,0,8,,,50,,,,,,,,,,,,,,,23,,,,,B12,,,1,,1,,,23,23,1,22,,B12,120.618579,24.17808,3
2022,1,25,16,33,臺中市,清水區,0,0,0,8,1,5,30,14,9,1,5,4,5,7,4,4,10,5,5,2,14,12,3,10,1,1,B03,7,2,1,8,1,7,,12,12,1,5,1,B03,120.53614,24.273424,3
2022,1,25,16,39,臺中市,西屯區,0,0,0,8,,,50,,,,,,,,,,,,,,,16,,,,,B03,,,1,,1,,,16,16,1,22,,B03,120.637383,24.1857,3
2022,1,25,16,40,臺中市,大甲區,0,0,0,8,,,30,,,,,,,,,,,,,,,26,,,,,C03,,,1,,,,,26,26,1,5,,C03,120.622799,24.345428,3
2022,1,25,16,43,臺中市,西屯區,0,2,0,8,1,5,50,14,7,1,5,4,5,7,4,4,10,4,4,2,16,10,2,7,1,1,C03,7,11,1,10,2,14,,10,10,1,22,8,C03,120.638741,24.170491,2
2022,1,25,16,48,臺中市,大里區,0,1,0,8,1,5,50,4,1,1,5,4,5,7,2,1,5,4,4,1,16,6,3,10,3,4,B12,7,6,1,8,2,5,,6,6,1,22,8,B12,120.67455,24.103748,2
2022,1,25,16,50,臺中市,南屯區,0,0,0,,,,30,,,,,,,,,,,,,,,23,,,,,B12,,,1,,2,,,23,23,1,4,,B12,120.652343,24.1526,3
2022,1,25,16,55,臺中市,豐原區,0,2,0,8,1,5,50,14,9,1,5,4,5,7,4,4,3,5,5,1,13,23,2,8,1,1,C03,7,9,6,10,5,11,,23,23,1,22,9,C03,120.722035,24.274316,2
2022,1,25,16,57,臺中市,北屯區,0,0,0,8,1,5,50,14,9,1,5,4,5,7,4,4,7,2,5,2,14,12,3,10,1,1,B12,7,2,3,18,1,7,,12,12,1,21,8,B12,120.681362,24.176134,3
2022,1,25,16,58,臺中市,北屯區,0,1,0,8,1,5,50,14,9,1,5,4,5,7,4,4,5,4,5,2,17,23,2,9,1,1,C03,7,9,1,10,2,11,,23,23,1,22,8,C03,120.688416,24.182831,2
2022,1,25,16,59,臺中市,西區,0,0,0,8,,,50,,,,,,,,,,,,,,,7,,,,,B03,,,1,,1,,,7,7,1,21,,B03,120.65777,24.15806,3
2022,1,25,17,1,臺中市,大甲區,0,0,0,,,,50,,,,,,,,,,,,,,,42,,,,,C03,,,1,,1,,,42,42,1,22,,C03,120.627437,24.350487,3
2022,1,25,17,2,臺中市,大里區,0,1,0,8,1,5,30,4,1,1,5,4,5,7,4,4,10,5,5,2,17,6,2,8,1,1,C03,7,9,1,10,2,11,,6,6,1,21,5,C03,120.706023,24.083956,2
2022,1,25,17,4,臺中市,潭子區,0,0,0,8,,,50,,,,,,,,,,,,,,,7,,,,,B03,,,1,,2,,,7,7,1,22,,B03,120.702648,24.201381,3
2022,1,25,17,6,臺中市,沙鹿區,0,1,0,8,1,5,50,4,1,1,5,4,5,7,4,4,10,5,5,2,15,6,2,9,1,1,C03,7,9,1,10,2,11,,6,6,1,19,5,C03,120.571614,24.224944,2
2022,1,25,17,10,臺中市,南屯區,0,0,0,8,,,50,,,,,,,,,,,,,,,9,,,,,B03,,,1,,1,,,9,9,1,22,,B03,120.651597,24.140188,3
2022,1,25,17,12,臺中市,大雅區,0,0,0,8,,,40,,,,,,,,,,,,,,,16,,,,,C03,,,1,,2,,,16,16,1,22,,C03,120.64726,24.21364,3
2022,1,25,17,12,臺中市,大甲區,0,1,0,8,1,5,30,14,9,1,5,4,5,7,4,4,10,5,5,2,29,23,2,9,1,1,C03,7,9,1,10,2,14,,23,23,1,22,9,C03,120.610869,24.344827,2
2022,1,25,17,14,臺中市,西屯區,0,0,0,8,,,60,,,,,,,,,,,,,,,23,,,,,B03,,,1,,1,,,23,23,1,22,,B03,120.629308,24.163572,3
2022,1,25,17,15,臺中市,大雅區,0,0,0,8,,,50,,,,,,,,,,,,,,,23,,,,,B03,,,1,,2,,,23,23,1,22,,B03,120.65824,24.2309,3
2022,1,25,17,18,臺中市,北屯區,0,0,0,8,,,50,,,,,,,,,,,,,,,23,,,,,B12,,,1,8,2,,,23,23,1,21,,B12,120.733291,24.165384,3
2022,1,25,17,18,臺中市,大甲區,0,0,0,,,,50,,,,,,,,,,,,,,,42,,,,,B03,,,1,,1,,,42,42,1,21,,B03,120.652465,24.40473,3
2022,1,25,17,18,臺中市,豐原區,0,0,0,8,,,50,,,,,,,,,,,,,,,17,,,,,C03,,,1,,2,,,17,17,1,21,,C03,120.716036,24.23731,3
2022,1,25,17,21,臺中市,太平區,0,1,0,8,1,5,40,14,8,1,5,4,5,7,4,4,5,5,4,2,17,23,2,9,1,1,C03,7,9,1,10,2,11,,23,23,1,5,8,C03,120.715834,24.135504,2
2022,1,25,17,22,臺中市,大雅區,0,0,0,8,,,50,,,,,,,,,,,,,,,7,,,,,C03,,,1,,2,,,7,7,1,22,,C03,120.657329,24.220372,3
2022,1,25,17,23,臺中市,太平區,0,0,0,8,,,30,,,,,,,,,,,,,,,17,,,,,B12,,,1,,2,,,17,17,1,21,,B12,120.718815,24.138378,3
2022,1,25,17,24,臺中市,北區,0,0,0,,,,40,,,,,,,,,,,,,,,38,,,,,B03,,,1,,10,,,38,38,1,5,,B03,120.686573,24.155526,3