年,月,日,時,分,縣市,區,死,受傷,2-30,天候,光線,道路類別,速限,道路型態,事故位置,路面鋪裝,路面狀態,路面缺陷,障礙物,視距,號誌種類,號誌動作,分向設施,快車道或一般車道間,快慢車道間,路面邊線,事故類型及型態,主要肇因,受傷程度,主要傷處,保護裝備,行動電話,當事者區分,車輛用途,當事者行動狀態,駕駛資格情形,駕駛執照種類,飲酒情形,車輛撞擊部位最初,車輛撞擊部位其他,肇事因素個別,肇事因素主要,肇事逃逸,職業,旅次目的,車種,GPS緯度,GPS經度,事故類別
2022,1,25,17,24,臺中市,北屯區,0,1,0,8,1,5,50,14,9,1,5,4,5,7,4,4,1,2,4,2,13,16,3,10,1,1,C03,7,9,1,10,2,11,12,16,16,1,5,8,C03,120.671333,24.17429,2
2022,1,25,17,25,臺中市,南區,0,2,0,8,2,5,40,4,2,1,5,4,5,7,1,1,5,4,5,2,17,19,2,9,1,1,C03,7,1,1,10,2,11,,19,19,1,22,8,C03,120.66041,24.11687,2
2022,1,25,17,30,臺中市,新社區,0,1,0,8,2,5,30,14,9,1,5,4,5,7,4,4,10,5,5,1,10,5,2,9,1,1,C03,7,9,1,10,2,11,,5,5,1,21,8,C03,120.790817,24.235172,2
2022,1,25,17,33,臺中市,梧棲區,0,0,0,8,,,30,,,,,,,,,,,,,,,23,,,,,B03,,,1,,2,,,23,23,1,12,,B03,120.523054,24.24291,3
2022,1,25,17,34,臺中市,太平區,0,0,0,,,,50,,,,,,,,,,,,,,,23,,,,,B03,,,1,,2,,,23,23,1,5,,B03,120.706781,24.129398,3
2022,1,25,17,35,臺中市,大雅區,0,1,0,8,2,5,50,4,1,1,5,4,5,7,4,4,10,5,5,2,15,6,3,10,1,1,F03,7,9,8,20,2,16,,6,6,1,22,9,F03,120.6472,24.22571,2
2022,1,25,17,40,臺中市,南屯區,0,0,0,8,,,50,,,,,,,,,,,,,,,19,,,,,B03,,,1,,2,,,19,19,1,18,,B03,120.650283,24.153996,3
2022,1,25,17,40,臺中市,梧棲區,0,0,0,8,,,70,,,,,,,,,,,,,,,23,,,,,B03,,,1,,2,,,23,23,1,9,,B03,120.539783,24.248711,4
2022,1,25,17,41,臺中市,西屯區,0,1,0,8,3,5,50,14,9,1,5,4,5,7,4,4,1,5,5,2,16,7,2,9,1,1,C03,7,8,1,10,1,12,,7,7,1,22,8,C03,120.647068,24.156669,2
2022,1,25,17,43,臺中市,大里區,0,1,0,8,3,5,50,14,9,1,5,4,5,7,4,4,5,5,5,1,13,44,3,10,3,4,C03,7,14,1,10,2,13,,44,44,1,22,8,C03,120.697235,24.090545,2
2022,1,25,17,45,臺中市,北屯區,0,0,0,8,,,50,,,,,,,,,,,,,,,6,,,,,B12,,,1,,2,,,6,6,1,21,,B12,120.685548,24.172185,3
2022,1,25,17,46,臺中市,西屯區,0,0,0,8,,,40,,,,,,,,,,,,,,,19,,,,,B03,,,1,,2,,,19,19,1,22,,B03,120.639958,24.171404,3
2022,1,25,17,46,臺中市,豐原區,0,1,0,8,2,5,40,14,7,1,5,4,5,7,4,4,5,4,4,2,12,7,2,9,1,1,C03,7,7,1,10,2,14,,7,7,1,22,8,C03,120.73353,24.254049,2
2022,1,25,17,50,臺中市,龍井區,0,0,0,8,,,30,,,,,,,,,,,,,,,23,,,,,C03,,,1,,11,,,23,23,2,22,,C03,120.592468,24.182265,3
2022,1,25,17,53,臺中市,外埔區,0,0,0,8,3,5,60,3,2,1,5,4,5,7,2,1,5,2,5,1,13,23,,,,,B03,,,1,,2,,,23,23,1,6,,B03,120.639213,24.341524,3
2022,1,25,17,58,臺中市,中區,0,0,0,8,,,50,,,,,,,,,,,,,,,7,,,,,B02,,,1,,1,,,7,7,1,5,,B02,120.680864,24.145425,3
2022,1,25,18,5,臺中市,北屯區,0,1,0,8,2,5,50,14,7,1,5,4,5,7,4,4,5,4,4,2,16,23,3,10,1,1,B03,7,1,1,8,2,5,,23,23,1,22,8,B03,120.694523,24.165781,2
2022,1,25,18,15,臺中市,豐原區,0,1,0,8,3,5,50,14,9,1,5,4,5,7,4,4,3,5,5,1,13,23,3,10,1,1,B03,7,15,1,8,2,1,,23,23,1,20,9,B03,120.70922,24.249901,2
2022,1,25,18,20,臺中市,沙鹿區,0,1,0,8,3,5,50,3,1,1,5,4,5,7,2,1,10,5,5,2,16,6,3,10,1,1,B03,7,5,1,8,2,1,,6,6,1,4,5,B03,120.569942,24.225283,2
2022,1,25,18,22,臺中市,清水區,0,1,0,8,3,5,50,5,8,1,5,4,5,7,1,1,1,4,4,1,16,25,2,9,1,1,C03,7,6,1,10,2,11,,25,25,1,5,5,C03,120.575202,24.278148,2
2022,1,25,18,26,臺中市,西區,0,1,0,8,3,5,50,14,12,1,5,4,5,7,4,4,5,4,4,2,17,23,2,8,1,1,C03,7,9,1,10,2,11,,23,23,1,5,8,C03,120.671406,24.131652,2
2022,1,25,18,30,臺中市,北區,0,0,0,,,,50,,,,,,,,,,,,,,,6,,,,,B03,,,1,,1,,,6,6,1,21,,B03,120.668069,24.160447,3
2022,1,25,18,30,臺中市,新社區,0,0,0,8,,,50,,,,,,,,,,,,,,,19,,,,,B12,,,1,,2,,,19,19,1,21,,B12,120.794471,24.205447,3
2022,1,25,18,31,臺中市,南屯區,0,0,0,8,,,50,,,,,,,,,,,,,,,16,,,,,B03,,,1,,1,,,16,16,1,22,,B03,120.646466,24.14286,3
2022,1,25,18,35,臺中市,潭子區,0,1,0,8,3,5,30,4,1,1,5,4,3,7,4,4,10,5,5,2,17,23,3,10,1,1,B03,7,5,1,8,2,7,,23,23,1,22,8,B03,120.678231,24.203165,2
2022,1,25,18,46,臺中市,烏日區,0,1,0,8,3,5,30,3,1,1,5,4,5,7,4,4,10,5,5,1,18,23,2,8,1,1,C03,7,9,1,10,2,12,,23,23,1,21,8,C03,120.637873,24.085408,2
2022,1,25,18,50,臺中市,北區,0,2,0,8,3,5,40,3,1,1,5,4,5,7,4,4,5,5,4,2,16,19,2,9,1,1,C03,7,1,1,10,2,14,,19,19,1,22,8,C03,120.680543,24.159091,2
2022,1,25,18,50,臺中市,沙鹿區,0,0,0,8,,,50,,,,,,,,,,,,,,,7,,,,,B03,,,1,,2,,,7,7,1,9,,B03,120.568611,24.202777,3
2022,1,25,18,58,臺中市,南屯區,0,0,0,8,,,40,,,,,,,,,,,,,,,7,,,,,B03,,,1,,1,,,7,7,1,9,,B03,120.623724,24.150186,3
2022,1,25,19,0,臺中市,沙鹿區,0,0,0,8,,,40,,,,,,,,,,,,,,,42,,,,,C03,,,1,,2,,,42,42,1,9,,C03,120.565166,24.24296,3
2022,1,25,19,4,臺中市,北屯區,0,1,0,8,3,5,40,4,1,1,5,4,5,7,2,1,10,5,5,2,13,16,3,10,1,1,B03,7,9,1,8,2,1,,16,16,1,5,8,B03,120.710915,24.179973,2
2022,1,25,19,8,臺中市,北屯區,0,0,0,8,,,50,,,,,,,,,,,,,,,23,,,,,B03,,,1,,1,,,23,23,1,21,,B03,120.685355,24.172921,3
2022,1,25,19,9,臺中市,太平區,0,0,0,8,3,5,30,4,2,1,5,4,5,7,4,4,5,5,5,2,16,42,,,,,C03,,,1,,2,,,42,42,1,21,,C03,120.717105,24.120639,3
2022,1,25,19,10,臺中市,太平區,0,0,0,8,,,40,,,,,,,,,,,,,,,3,,,,,B03,,,1,,2,,,3,3,1,21,,B03,120.710043,24.13486,3
2022,1,25,19,15,臺中市,太平區,0,1,0,8,3,5,50,14,9,1,5,4,5,7,4,4,5,5,5,2,17,19,3,10,1,1,C03,7,1,1,10,2,11,,19,19,1,21,8,C03,120.712905,24.149754,2
2022,1,25,19,16,臺中市,大里區,1,1,0,8,1,5,40,5,1,1,5,4,5,7,2,1,3,4,4,1,16,6,1,9,3,4,C03,7,5,1,8,2,13,,6,6,1,22,8,C03,120.664381,24.083087,1
2022,1,25,19,16,臺中市,太平區,0,1,0,8,3,5,50,14,9,1,5,4,5,7,4,4,5,4,5,2,16,26,3,10,1,1,B03,7,11,1,8,2,7,,26,26,1,5,8,B03,120.722644,24.133846,2
2022,1,25,19,23,臺中市,豐原區,0,3,0,8,3,5,50,3,1,1,5,4,5,7,2,1,10,5,5,2,16,25,2,9,3,4,C03,7,9,1,10,2,12,,25,25,1,22,8,C03,120.712822,24.241469,2
2022,1,25,19,24,臺中市,豐原區,0,0,0,8,,,0,,,,,,,,,,,,,,,12,,,,,B12,,,1,,2,,,12,12,1,21,,B12,120.719716,24.261532,3
2022,1,25,19,25,臺中市,南區,0,2,0,8,3,5,50,4,1,1,5,4,5,7,4,4,10,5,5,2,15,6,3,10,1,1,B03,7,9,1,8,2,1,,14,6,1,22,8,B03,120.681755,24.130292,2
2022,1,25,19,30,臺中市,南屯區,0,0,0,8,,,50,,,,,,,,,,,,,,,26,,,,,B03,,,1,,2,,,26,26,1,4,,B03,120.613246,24.138855,3
2022,1,25,19,31,臺中市,北屯區,0,0,0,8,,,50,,,,,,,,,,,,,,,23,,,,,B03,,,1,,1,,,23,23,1,22,,B03,120.72465,24.172048,3
2022,1,25,19,32,臺中市,北區,0,1,0,8,3,5,50,14,7,1,5,4,5,7,4,4,5,4,5,2,17,43,2,8,1,1,C03,7,15,1,10,9,11,,43,43,1,22,8,C03,120.683349,24.167328,2
2022,1,25,19,34,臺中市,西屯區,0,0,0,8,,,50,,,,,,,,,,,,,,,16,,,,,B03,,,1,,1,,,16,16,1,22,,B03,120.663716,24.201475,3
2022,1,25,19,48,臺中市,大雅區,0,0,0,8,,,50,,,,,,,,,,,,,,,23,,,,,B03,,,1,,2,,,23,23,1,22,,B03,120.66537,24.213992,3
2022,1,25,19,48,臺中市,北屯區,0,1,0,8,3,5,50,5,1,1,5,4,5,7,1,1,10,5,5,2,16,6,3,10,1,1,B03,7,5,1,8,2,2,,6,6,1,21,8,B03,120.718723,24.174655,2
2022,1,25,19,55,臺中市,南屯區,0,1,0,8,3,5,50,4,1,1,5,4,5,7,1,1,5,4,5,2,16,23,3,10,1,1,B03,7,5,1,8,1,5,,23,23,1,22,8,B03,120.632377,24.145498,2
2022,1,25,19,58,臺中市,北屯區,0,1,0,8,3,5,50,3,1,1,5,4,5,7,1,1,10,5,5,2,14,12,3,10,3,4,B03,7,2,1,8,2,3,,12,12,1,21,8,B03,120.708129,24.170245,2
2022,1,25,20,5,臺中市,新社區,0,0,0,8,,,50,,,,,,,,,,,,,,,23,,,,,B03,,,1,,2,,,23,23,1,22,,B03,120.808911,24.249227,3
2022,1,25,20,9,臺中市,北區,0,2,0,8,3,5,50,14,9,1,5,4,5,7,4,4,1,4,5,2,12,23,2,9,1,1,C03,7,9,1,10,2,12,,23,23,1,21,8,C03,120.684483,24.151142,2
2022,1,25,20,10,臺中市,北屯區,0,1,0,8,3,5,50,4,1,1,5,4,5,7,2,1,10,5,5,2,16,3,3,10,1,1,B03,7,5,1,8,2,8,,3,3,1,5,8,B03,120.68615,24.193631,2
2022,1,25,20,11,臺中市,大雅區,0,0,0,8,,,50,,,,,,,,,,,,,,,17,,,,,B03,,,1,,2,,,17,17,1,22,,B03,120.647146,24.221107,3
2022,1,25,20,11,臺中市,豐原區,0,1,0,8,1,5,50,5,1,1,5,4,5,7,1,1,3,5,5,2,18,43,2,8,1,1,C03,7,9,1,10,2,14,,43,43,1,22,9,C03,120.737148,24.251046,2
2022,1,25,20,12,臺中市,大雅區,0,0,0,8,,,50,,,,,,,,,,,,,,,23,,,,,B03,,,1,,2,,,23,23,1,22,,B03,120.65016,24.21203,3
2022,1,25,20,17,臺中市,北屯區,0,2,0,8,3,5,50,4,1,1,5,4,5,7,1,1,10,5,5,2,16,6,3,10,1,1,B03,7,5,1,8,1,2,,6,6,1,4,8,B03,120.697553,24.162239,2
2022,1,25,20,24,臺中市,西區,0,0,0,8,,,50,,,,,,,,,,,,,,,17,,,,,B03,,,1,,2,,,17,17,1,21,,B03,120.670635,24.136516,3
2022,1,25,20,24,臺中市,北屯區,0,0,0,8,3,5,50,14,9,1,5,4,5,7,1,1,1,3,5,2,13,23,3,10,1,1,C03,7,9,1,10,2,14,,23,23,1,21,8,C03,120.66225,24.188473,3
2022,1,25,20,25,臺中市,龍井區,0,0,0,,,,40,,,,,,,,,,,,,,,18,,,,,B03,,,1,,2,,,18,18,1,21,,B03,120.549353,24.21364,3
2022,1,25,20,35,臺中市,潭子區,0,0,0,8,,,50,,,,,,,,,,,,,,,16,,,,,B03,,,1,,2,,,16,16,1,22,,B03,120.677758,24.203538,3
2022,1,25,20,35,臺中市,北屯區,0,0,0,8,,,50,,,,,,,,,,,,,,,23,,,,,B03,,,1,,1,,,23,23,1,5,,B03,120.686406,24.193558,3
2022,1,25,20,35,臺中市,烏日區,0,1,0,8,3,5,50,3,1,1,5,4,5,7,4,4,10,5,5,2,16,1,3,10,1,1,C03,7,4,1,9,5,13,,1,1,1,21,8,C03,120.640375,24.109952,2
2022,1,25,20,48,臺中市,北屯區,0,0,0,8,,,50,,,,,,,,,,,,,,,23,,,,,B03,,,1,8,2,,,23,23,1,21,,B03,120.683537,24.1736,3
2022,1,25,20,54,臺中市,南屯區,0,1,0,8,1,5,50,4,2,1,5,4,5,7,4,4,10,5,5,2,12,23,2,9,1,1,C03,7,9,1,10,2,14,,23,23,1,22,8,C03,120.65514,24.143817,2
2022,1,25,20,58,臺中市,南區,0,0,0,,,,,,,,,,,,,,,,,,,67,,,,,,,,,,,,,67,67,1,,,,120.660269,24.122786,3
2022,1,25,20,59,臺中市,太平區,0,0,0,8,,,50,,,,,,,,,,,,,,,16,,,,,C03,,,3,,2,,,16,16,1,21,,C03,120.716005,24.148802,3
2022,1,25,21,5,臺中市,潭子區,0,0,0,8,3,6,50,14,8,1,5,4,5,7,4,4,1,3,4,1,17,7,3,10,1,1,B03,7,7,1,8,2,8,,7,7,1,22,8,B03,120.702689,24.19506,3
2022,1,25,21,16,臺中市,中區,0,4,0,8,3,5,50,5,1,1,5,4,5,7,1,1,10,5,5,2,17,17,2,9,1,1,C03,7,9,1,10,2,12,,17,44,1,3,5,C03,120.682416,24.145861,2
2022,1,25,21,21,臺中市,豐原區,0,0,0,8,,,50,,,,,,,,,,,,,,,19,,,,,C03,,,1,,9,,,19,19,1,22,,C03,120.728988,24.251769,3
2022,1,25,21,40,臺中市,大甲區,0,2,0,8,3,5,60,11,13,1,5,4,5,7,4,4,1,4,4,1,17,23,2,9,1,1,B03,7,9,1,8,2,5,,23,23,1,9,8,B03,120.617018,24.34449,2
2022,1,25,21,42,臺中市,北屯區,0,1,0,8,3,5,50,14,22,1,5,4,5,7,4,4,5,4,4,2,12,7,3,10,1,1,B03,7,8,1,8,2,2,,7,7,1,7,8,B03,120.694092,24.166059,2
2022,1,25,21,55,臺中市,北屯區,0,2,0,8,3,5,40,4,1,1,5,4,5,7,4,4,10,5,5,2,15,6,2,9,1,1,C03,7,9,1,10,2,11,14,6,6,1,5,8,C03,120.715718,24.181225,2
2022,1,25,22,14,臺中市,南屯區,0,0,0,8,,,50,,,,,,,,,,,,,,,23,,,,,B03,,,1,,2,,,23,23,1,22,,B03,120.605296,24.151458,3
2022,1,25,22,39,臺中市,豐原區,0,1,0,8,3,5,50,3,1,1,5,4,5,7,4,4,1,4,5,2,17,19,3,10,1,1,B03,7,1,1,8,2,2,,19,19,1,22,8,B03,120.708501,24.25004,2
2022,1,25,22,42,臺中市,北屯區,0,1,0,8,3,5,50,4,1,1,5,4,5,7,2,1,10,5,5,2,16,6,3,10,1,1,B03,7,5,1,8,2,8,,6,6,1,21,8,B03,120.696669,24.164922,2
2022,1,25,22,50,臺中市,烏日區,0,1,0,8,3,5,70,5,1,1,5,4,5,7,1,1,1,5,4,1,17,25,3,10,1,1,B03,7,6,1,8,2,2,,25,25,1,21,8,B03,120.584206,24.112868,2
2022,1,25,23,7,臺中市,北區,0,3,0,8,3,5,50,3,1,1,5,4,5,7,1,1,1,2,5,2,17,23,2,9,1,1,C03,7,12,1,10,2,11,13,23,23,1,5,8,C03,120.680976,24.163174,2
2022,1,25,23,34,臺中市,豐原區,0,1,0,8,3,5,50,4,1,1,5,4,5,7,3,1,10,5,5,2,15,6,2,8,1,1,C03,7,9,1,10,2,11,,6,6,1,22,8,C03,120.713963,24.25346,2
2022,1,26,0,20,臺中市,大安區,0,1,0,8,4,5,90,10,13,1,5,4,5,7,4,4,2,4,5,1,20,48,2,7,1,1,A31,7,9,1,1,2,5,2,48,48,1,10,4,A31,120.586987,24.372054,2
2022,1,26,0,25,臺中市,北區,0,2,0,8,3,5,50,4,1,1,5,4,5,7,1,1,10,5,5,2,16,6,2,9,1,1,C03,7,5,1,10,2,14,,6,6,1,22,8,C03,120.677017,24.171386,2
2022,1,26,0,25,臺中市,外埔區,0,1,0,8,3,5,50,14,9,1,5,4,5,7,4,4,9,4,5,1,25,23,2,1,3,4,B12,7,9,1,8,8,1,,23,23,1,22,8,B12,120.682333,24.333989,2
2022,1,26,4,13,臺中市,中區,0,1,0,8,3,5,50,4,1,1,5,4,5,7,2,1,10,5,5,2,13,23,2,9,1,1,B01,7,9,1,4,2,8,,23,23,1,21,8,B01,120.682905,24.140778,2
2022,1,26,4,19,臺中市,霧峰區,0,1,0,8,4,5,50,4,1,1,5,4,5,7,3,1,10,5,5,2,16,6,2,9,1,1,C03,7,9,1,10,2,11,,6,6,1,3,8,C03,120.707635,24.076537,2
2022,1,26,4,58,臺中市,北區,0,1,0,8,3,5,50,4,20,1,5,4,5,7,1,1,1,2,5,2,18,23,2,8,1,1,C03,7,9,1,10,2,11,,23,23,1,5,1,C03,120.673773,24.165153,2
2022,1,26,6,0,臺中市,西區,0,0,0,8,,,30,,,,,,,,,,,,,,,43,,,,,,,,,,,,,43,43,1,,,,120.658791,24.142471,3
2022,1,26,6,10,臺中市,龍井區,0,0,0,8,,,40,,,,,,,,,,,,,,,26,,,,,A31,,,1,,2,,,26,26,1,11,,A31,120.505279,24.210288,3
2022,1,26,6,36,臺中市,北區,0,1,0,8,1,5,50,4,1,1,5,4,5,7,4,4,10,5,5,2,18,23,2,9,1,1,C03,7,9,1,10,2,14,,23,23,1,22,8,C03,120.675153,24.171499,2
2022,1,26,6,38,臺中市,清水區,0,1,0,8,1,5,40,14,8,1,5,4,5,7,4,4,1,4,4,1,10,4,2,7,1,1,C03,7,9,1,10,2,11,,4,4,1,5,5,C03,120.568778,24.273055,2
2022,1,26,6,40,臺中市,大肚區,0,1,0,8,1,5,70,14,8,1,5,4,5,7,4,4,1,4,4,1,16,7,3,10,1,1,B03,7,8,1,8,2,2,,7,7,1,22,8,B03,120.553721,24.134231,2
2022,1,26,6,55,臺中市,烏日區,0,2,0,8,1,5,50,4,1,1,5,4,5,7,2,1,4,4,5,1,13,26,2,9,1,1,C03,7,11,1,10,2,13,,26,26,1,21,8,C03,120.625741,24.110485,2
2022,1,26,6,55,臺中市,外埔區,0,1,0,8,1,5,50,11,9,1,5,4,5,7,4,4,9,5,5,1,20,23,2,9,3,1,C03,7,9,1,10,2,12,,23,23,1,4,1,C03,120.712638,24.331961,2
2022,1,26,7,10,臺中市,沙鹿區,0,0,0,8,,,40,,,,,,,,,,,,,,,12,,,,,B12,,,1,,2,,,12,12,1,10,,B12,120.558847,24.235445,3
2022,1,26,7,12,臺中市,北屯區,0,2,0,8,2,5,50,4,1,1,5,4,5,7,1,1,10,5,5,2,16,19,2,8,1,1,C03,7,1,1,10,2,11,,19,19,1,9,8,C03,120.6816,24.1725,2
2022,1,26,7,17,臺中市,潭子區,0,0,0,,,,60,,,,,,,,,,,,,,,17,,,,,B03,,,1,,2,,,17,17,1,22,,B03,120.686919,24.209701,3
2022,1,26,7,21,臺中市,沙鹿區,0,0,0,8,,,60,,,,,,,,,,,,,,,23,,,,,A12,,,1,,3,,,23,23,1,10,,A12,120.568176,24.238168,3
2022,1,26,7,26,臺中市,西屯區,0,2,0,8,1,5,50,14,7,1,5,4,5,7,4,4,1,4,4,2,13,23,2,9,3,4,C03,7,9,1,10,2,11,,23,23,1,22,8,C03,120.653833,24.199136,2
2022,1,26,7,30,臺中市,西屯區,0,0,0,8,,,50,,,,,,,,,,,,,,,16,,,,,B03,,,1,,1,,,16,16,1,22,,B03,120.613508,24.172699,3
2022,1,26,7,34,臺中市,梧棲區,0,1,0,8,1,5,50,4,2,1,5,4,5,7,1,1,1,2,5,1,13,23,2,9,1,1,C03,7,9,1,10,2,11,,23,23,1,3,8,C03,120.534984,24.24633,2
2022,1,26,7,35,臺中市,西屯區,0,2,0,8,1,5,50,14,9,1,5,4,5,7,4,4,9,4,5,2,17,23,2,9,3,4,C03,7,9,1,10,2,11,,23,23,1,22,8,C03,120.610328,24.158093,2
2022,1,26,7,37,臺中市,豐原區,0,0,0,8,,,50,,,,,,,,,,,,,,,6,,,,,B03,,,1,,2,,,6,6,1,22,,B03,120.708936,24.251138,3
2022,1,26,7,38,臺中市,大肚區,0,2,0,8,1,5,50,4,9,1,5,4,5,7,1,1,5,5,5,1,12,23,2,9,1,1,C03,7,9,1,10,2,12,,23,23,1,2,1,C03,120.536297,24.151789,2
2022,1,26,7,40,臺中市,南屯區,0,0,0,8,,,50,,,,,,,,,,,,,,,7,,,,,C03,,,1,,2,,,7,7,1,22,,C03,120.637445,24.135673,3
2022,1,26,7,40,臺中市,外埔區,0,0,0,,,,50,,,,,,,,,,,,,,,6,,,,,B03,,,1,,2,,,6,6,1,22,,B03,120.665166,24.334308,3
2022,1,26,7,41,臺中市,大里區,0,1,0,8,1,5,50,3,1,1,5,4,5,7,4,4,10,5,5,2,16,6,3,10,1,1,C03,7,5,1,10,2,11,,6,6,1,21,9,C03,120.712308,24.08601,2
2022,1,26,7,43,臺中市,外埔區,0,1,0,8,1,5,40,3,1,1,5,4,5,7,1,1,10,5,5,2,29,23,2,8,1,1,C03,7,9,1,10,2,11,,23,23,1,22,8,C03,120.637335,24.342698,2
2022,1,26,7,46,臺中市,北區,0,1,0,8,1,5,40,4,1,1,5,4,5,7,4,4,10,5,5,2,16,6,2,9,3,4,C03,7,9,4,11,2,12,,6,6,1,5,8,C03,120.675109,24.170743,2
2022,1,26,7,48,臺中市,神岡區,0,0,0,8,,,50,,,,,,,,,,,,,,,23,,,,,B03,,,1,,2,,,23,23,1,22,,B03,120.683745,24.246738,3
2022,1,26,7,50,臺中市,新社區,0,0,0,8,,,40,,,,,,,,,,,,,,,5,,,,,B03,,,1,,2,,,5,5,1,22,,B03,120.803395,24.227113,3
2022,1,26,7,55,臺中市,潭子區,0,1,0,8,1,5,30,4,2,1,5,4,5,7,1,1,5,4,5,1,16,4,3,10,1,1,B12,7,5,1,10,2,4,,44,4,1,22,8,B12,120.674286,24.204588,2
2022,1,26,7,58,臺中市,大肚區,0,2,0,8,1,5,50,14,9,1,5,4,5,7,4,4,5,5,5,1,16,8,2,7,1,1,C03,7,5,1,10,2,11,,8,8,1,2,1,C03,120.582664,24.11266,2
2022,1,26,7,59,臺中市,豐原區,0,1,0,8,1,5,50,4,2,1,5,4,5,7,1,1,5,5,5,2,17,43,3,10,1,1,B03,7,9,1,10,2,4,,43,43,1,22,8,B03,120.728678,24.256753,2
2022,1,26,8,3,臺中市,南屯區,0,0,0,8,1,5,50,4,2,1,5,4,5,7,1,1,1,4,4,2,13,42,,,,,B03,,,1,,1,,,42,42,1,22,,B03,120.626111,24.148595,3
2022,1,26,8,7,臺中市,豐原區,0,0,0,8,,,50,,,,,,,,,,,,,,,6,,,,,B03,,,1,,2,,,6,6,1,22,,B03,120.722621,24.248706,3
2022,1,26,8,11,臺中市,大里區,0,1,0,8,1,5,50,4,2,1,5,4,5,7,1,1,1,2,4,1,16,7,3,10,1,1,B03,7,8,1,8,11,5,,7,7,1,4,8,B03,120.697738,24.082553,2
2022,1,26,8,12,臺中市,烏日區,0,1,0,8,1,5,50,4,1,1,1,4,5,7,1,1,10,4,4,2,11,8,2,8,1,1,C03,7,5,1,10,2,13,,8,8,1,21,1,C03,120.607501,24.112071,2
2022,1,26,8,15,臺中市,大里區,0,1,0,8,1,5,50,14,9,1,5,4,5,7,4,4,5,5,4,1,17,10,3,10,1,1,C03,7,11,1,10,2,14,,10,10,1,22,8,C03,120.684486,24.101861,2
2022,1,26,8,17,臺中市,清水區,0,0,0,8,1,5,30,14,9,1,5,4,5,7,4,4,5,5,5,1,15,6,3,10,1,1,B03,7,9,1,8,2,1,,6,6,1,5,1,B03,120.548707,24.274888,3
2022,1,26,8,20,臺中市,太平區,0,1,0,8,1,5,50,4,1,1,5,4,5,7,4,4,10,5,5,2,15,6,3,10,1,1,B03,7,9,1,8,2,2,,6,6,1,19,8,B03,120.720233,24.115783,2
2022,1,26,8,25,臺中市,南區,0,0,0,8,,,40,,,,,,,,,,,,,,,12,,,,,B03,,,1,,2,,,12,12,1,22,,B03,120.658146,24.127103,3
2022,1,26,8,29,臺中市,霧峰區,0,0,0,8,,,50,,,,,,,,,,,,,,,42,,,,,C03,,,1,,2,,,42,42,1,21,,C03,120.699296,24.068223,3
2022,1,26,8,31,臺中市,南屯區,0,1,0,8,1,5,40,3,1,1,5,4,5,7,4,4,10,5,5,2,16,6,3,10,1,4,C03,7,6,1,10,2,12,,6,6,1,22,8,C03,120.615294,24.148575,2
2022,1,26,8,35,臺中市,西區,0,0,0,8,,,50,,,,,,,,,,,,,,,16,,,,,C03,,,1,,1,,,16,16,1,22,,C03,120.667581,24.146723,3
2022,1,26,8,36,臺中市,南屯區,0,0,0,8,,,50,,,,,,,,,,,,,,,23,,,,,B03,,,1,,1,,,23,23,1,22,,B03,120.616864,24.153423,3
2022,1,26,8,38,臺中市,梧棲區,0,0,0,8,,,40,,,,,,,,,,,,,,,23,,,,,C03,,,1,,2,,,23,23,1,4,,C03,120.532982,24.24284,3
2022,1,26,8,39,臺中市,西區,0,1,0,8,1,5,50,14,9,1,5,3,5,7,4,4,5,5,5,2,16,26,3,10,1,1,B03,7,5,1,8,2,8,,26,26,1,22,9,B03,120.661111,24.135011,2
2022,1,26,8,39,臺中市,東勢區,0,1,0,8,1,5,50,4,9,1,5,4,5,7,4,4,5,4,5,1,16,6,2,9,1,1,C03,7,9,1,10,2,11,,6,6,1,22,9,C03,120.82455,24.258443,2
2022,1,26,8,40,臺中市,潭子區,0,3,0,8,1,5,60,14,8,1,5,4,5,7,4,4,1,4,4,1,13,16,2,9,1,1,C03,7,9,1,10,2,11,,16,16,1,22,8,C03,120.69023,24.22362,2
2022,1,26,8,43,臺中市,大雅區,0,1,0,8,1,5,60,3,1,1,5,4,5,7,1,1,3,4,4,1,12,6,3,10,1,1,B03,7,6,1,8,2,2,,6,6,1,22,9,B03,120.641396,24.229972,2
2022,1,26,8,46,臺中市,南區,0,1,0,8,1,5,50,4,2,1,5,4,5,7,2,1,3,4,5,2,13,23,3,10,3,4,B03,7,9,6,8,2,1,,23,23,1,5,8,B03,120.650696,24.120096,2
2022,1,26,8,50,臺中市,神岡區,0,1,0,8,1,5,30,4,1,1,5,4,5,7,4,4,10,5,5,1,16,6,3,10,1,1,B03,7,5,1,8,2,5,,6,6,1,21,8,B03,120.677301,24.247258,2
2022,1,26,8,52,臺中市,烏日區,1,0,0,8,1,5,60,14,13,1,5,4,5,7,4,4,1,4,5,1,17,23,1,9,1,1,C03,7,9,1,10,2,11,,23,23,1,21,8,C03,120.64352,24.109555,1
2022,1,26,8,53,臺中市,西區,0,2,0,8,1,5,50,4,1,1,5,4,5,7,2,1,10,5,5,2,17,6,2,9,1,1,C03,7,5,1,10,5,12,,6,6,1,5,1,C03,120.670485,24.133675,2