年,月,日,時,分,縣市,區,死,受傷,2-30,天候,光線,道路類別,速限,道路型態,事故位置,路面鋪裝,路面狀態,路面缺陷,障礙物,視距,號誌種類,號誌動作,分向設施,快車道或一般車道間,快慢車道間,路面邊線,事故類型及型態,主要肇因,受傷程度,主要傷處,保護裝備,行動電話,當事者區分,車輛用途,當事者行動狀態,駕駛資格情形,駕駛執照種類,飲酒情形,車輛撞擊部位最初,車輛撞擊部位其他,肇事因素個別,肇事因素主要,肇事逃逸,職業,旅次目的,車種,GPS緯度,GPS經度,事故類別
2022,1,27,8,36,臺中市,北屯區,0,1,0,8,1,8,30,4,1,1,5,4,5,7,4,4,5,5,5,2,17,6,3,10,1,1,C03,7,5,1,10,2,15,,6,6,1,22,8,C03,120.666632,24.192108,2
2022,1,27,8,40,臺中市,南區,0,0,0,8,,,50,,,,,,,,,,,,,,,19,,,,,B03,,,1,,2,,,19,19,1,5,,B03,120.662178,24.11688,3
2022,1,27,8,44,臺中市,西區,0,1,0,8,1,5,50,4,1,1,5,4,5,7,1,1,10,5,5,2,16,6,3,10,1,1,B03,7,6,1,8,2,2,,6,6,1,21,8,B03,120.660448,24.132792,2
2022,1,27,8,55,臺中市,東勢區,0,1,0,8,1,5,60,14,9,1,5,4,5,7,4,4,7,4,5,1,12,7,3,10,1,1,A12,7,8,1,2,2,2,,7,7,1,22,8,A12,120.800001,24.292173,2
2022,1,27,8,56,臺中市,北屯區,0,0,0,8,,,50,,,,,,,,,,,,,,,16,,,,,B03,,,1,,1,,,16,16,1,22,,B03,120.719233,24.163058,3
2022,1,27,9,0,臺中市,北屯區,0,1,0,8,1,5,50,14,7,1,5,4,5,7,4,4,5,5,4,1,13,16,2,9,1,1,C03,7,9,1,10,2,11,,16,16,1,20,8,C03,120.6625,24.197,2
2022,1,27,9,0,臺中市,北屯區,0,1,0,8,1,5,50,3,1,1,5,4,5,7,1,1,10,5,5,2,16,8,2,9,1,1,C03,7,5,2,18,2,14,,8,8,1,21,8,C03,120.671256,24.201311,2
2022,1,27,9,0,臺中市,西屯區,0,1,0,8,1,5,50,3,8,1,5,4,5,7,4,4,5,4,4,2,12,7,3,10,1,1,B03,7,8,1,8,1,2,,7,7,1,22,8,B03,120.635366,24.169446,2
2022,1,27,9,0,臺中市,神岡區,0,0,0,8,,,50,,,,,,,,,,,,,,,19,,,,,B03,,,1,,11,,,19,19,1,22,,B03,120.656507,24.258774,4
2022,1,27,9,3,臺中市,太平區,0,1,0,8,1,5,50,3,1,1,5,4,5,7,4,4,10,5,5,2,18,23,2,9,1,1,C03,7,5,1,10,2,14,,23,23,1,21,8,C03,120.728449,24.114181,2
2022,1,27,9,4,臺中市,豐原區,0,0,0,8,,,50,,,,,,,,,,,,,,,23,,,,,B12,,,1,,2,,,23,23,1,22,,B12,120.732893,24.246833,3
2022,1,27,9,5,臺中市,南屯區,0,1,0,8,1,5,30,3,1,1,5,4,5,7,4,4,10,5,5,2,17,23,2,9,1,1,C03,7,6,1,10,2,14,,23,23,1,22,9,C03,120.637983,24.139535,2
2022,1,27,9,7,臺中市,西區,0,0,0,8,,,50,,,,,,,,,,,,,,,23,,,,,B03,,,1,,2,,,23,23,1,22,,B03,120.676652,24.14071,3
2022,1,27,9,18,臺中市,西區,0,1,0,8,1,5,50,4,1,1,5,4,5,7,4,4,10,5,5,2,16,6,3,10,1,1,B03,7,5,1,8,2,8,,6,6,1,22,9,B03,120.66018,24.152542,2
2022,1,27,9,25,臺中市,太平區,0,1,0,8,1,5,50,4,1,1,5,4,5,7,1,1,10,5,5,2,16,25,3,10,1,1,B12,7,5,1,8,2,8,,25,25,1,3,8,B12,120.716893,24.131571,2
2022,1,27,9,27,臺中市,南區,0,1,0,8,1,5,50,3,1,1,5,4,5,7,1,1,10,5,5,2,13,23,3,10,1,1,C03,7,9,1,10,2,12,,23,23,1,22,8,C03,120.684218,24.120054,2
2022,1,27,9,38,臺中市,北區,0,0,0,8,,,40,,,,,,,,,,,,,,,19,,,,,B01,,,1,,2,,,19,19,1,21,,B01,120.684312,24.147867,3
2022,1,27,9,38,臺中市,東區,0,1,0,8,1,5,50,3,1,1,5,4,5,7,4,4,10,5,5,2,16,10,3,10,3,4,B03,7,11,1,8,2,8,,10,10,1,5,8,B03,120.68682,24.141545,2
2022,1,27,9,39,臺中市,龍井區,0,1,0,8,1,5,50,4,2,1,5,4,5,7,1,1,5,5,5,1,18,23,2,9,1,1,C03,7,15,6,10,11,12,,23,23,1,22,7,C03,120.53101,24.194639,2
2022,1,27,9,44,臺中市,豐原區,0,1,0,8,1,5,50,4,2,1,5,3,5,7,4,4,10,5,5,2,18,23,2,9,1,1,C03,7,9,1,10,2,11,,23,23,1,22,9,C03,120.717996,24.248478,2
2022,1,27,9,45,臺中市,西區,0,2,0,8,1,5,50,4,1,1,5,4,5,7,4,4,10,5,5,2,15,6,2,9,1,1,C03,7,9,1,10,2,12,,6,6,1,4,4,C03,120.671237,24.135281,2
2022,1,27,9,45,臺中市,大甲區,0,1,0,8,1,5,50,14,9,1,5,4,5,7,4,4,5,4,5,1,16,44,2,9,1,1,C03,7,9,1,10,2,14,,44,44,1,20,8,C03,120.627741,24.346903,2
2022,1,27,9,45,臺中市,大甲區,0,0,0,8,,,50,,,,,,,,,,,,,,,23,,,,,B03,,,1,,1,,,23,23,1,20,,B03,120.627675,24.347534,3
2022,1,27,9,48,臺中市,豐原區,0,2,0,8,1,5,60,14,7,1,5,4,5,7,4,4,3,3,3,1,17,23,2,7,3,4,B12,7,9,1,8,2,1,,23,23,1,22,8,B12,120.721563,24.236666,2
2022,1,27,9,55,臺中市,大雅區,0,0,0,8,,,50,,,,,,,,,,,,,,,25,,,,,B03,,,1,,2,,,25,25,1,22,,B03,120.64426,24.22714,3
2022,1,27,10,14,臺中市,西區,0,1,0,8,1,5,50,4,1,1,5,4,5,7,1,1,10,5,5,2,16,7,3,10,1,1,C03,7,8,1,10,2,12,,7,7,1,22,8,C03,120.669798,24.147901,2
2022,1,27,10,15,臺中市,南屯區,0,0,0,8,,,50,,,,,,,,,,,,,,,7,,,,,A12,,,1,,1,,,7,7,1,10,,A12,120.644048,24.140492,3
2022,1,27,10,19,臺中市,龍井區,0,2,0,8,1,5,50,3,1,1,5,4,5,7,3,1,3,4,4,2,12,11,2,9,1,1,C03,7,11,1,10,2,14,,11,11,1,21,8,C03,120.546751,24.198185,2
2022,1,27,10,24,臺中市,大雅區,0,0,0,8,,,60,,,,,,,,,,,,,,,17,,,,,A41,,,1,,2,,,17,17,1,22,,A41,120.650651,24.210068,3
2022,1,27,10,25,臺中市,太平區,0,0,0,8,,,50,,,,,,,,,,,,,,,23,,,,,B01,,,1,,2,,,23,23,1,5,,B01,120.72337,24.14967,3
2022,1,27,10,25,臺中市,東勢區,0,1,0,8,1,5,50,3,1,1,5,4,5,7,4,4,5,5,4,1,16,8,3,10,1,1,B03,7,5,1,8,2,4,,8,8,1,22,8,B03,120.83061,24.25313,2
2022,1,27,10,26,臺中市,北屯區,0,1,0,8,1,8,50,15,9,1,5,4,5,7,4,4,1,3,5,2,12,17,3,10,1,1,B03,7,9,1,8,2,2,,17,17,1,22,8,B03,120.671048,24.174381,2
2022,1,27,10,30,臺中市,后里區,0,0,0,8,,,50,,,,,,,,,,,,,,,23,,,,,B03,,,1,,2,,,23,23,1,3,,B03,120.696769,24.312262,3
2022,1,27,10,31,臺中市,北屯區,0,0,0,8,,,40,,,,,,,,,,,,,,,42,,,,,C03,,,1,,1,,,42,42,1,18,,C03,120.687048,24.18155,3
2022,1,27,10,35,臺中市,東勢區,0,0,0,8,,,50,,,,,,,,,,,,,,,12,,,,,B12,,,1,,2,,,12,12,1,22,,B12,120.829558,24.253661,3
2022,1,27,10,47,臺中市,豐原區,0,1,0,8,1,5,50,3,2,1,5,4,3,7,1,1,1,4,4,2,12,17,2,8,1,1,C03,7,9,1,10,2,12,,17,17,1,22,8,C03,120.700554,24.24905,2
2022,1,27,10,49,臺中市,東區,0,0,0,8,,,50,,,,,,,,,,,,,,,23,,,,,B03,,,1,8,2,,,23,23,1,5,,B03,120.696618,24.139181,3
2022,1,27,10,49,臺中市,西屯區,0,1,0,8,1,5,50,4,2,1,5,4,5,7,1,1,1,4,4,2,13,16,2,8,3,4,C03,7,9,1,10,2,11,,16,16,1,22,8,C03,120.642921,24.172472,2
2022,1,27,10,50,臺中市,豐原區,0,0,0,8,,,60,,,,,,,,,,,,,,,23,,,,,C03,,,1,,2,,,23,23,1,21,,C03,120.726861,24.238316,3
2022,1,27,10,55,臺中市,烏日區,0,0,0,8,,,50,,,,,,,,,,,,,,,12,,,,,B03,,,1,,2,,,12,12,1,22,,B03,120.599557,24.109622,3
2022,1,27,10,56,臺中市,烏日區,0,0,0,,,,50,,,,,,,,,,,,,,,23,,,,,B03,,,1,,2,,,23,23,1,22,,B03,120.641042,24.114985,3
2022,1,27,11,0,臺中市,南屯區,0,1,0,8,1,5,40,4,2,1,5,4,5,7,1,1,10,5,5,2,16,7,2,9,1,4,C03,7,7,1,10,2,14,,7,7,1,22,8,C03,120.651193,24.151033,2
2022,1,27,11,5,臺中市,西區,0,1,0,8,1,5,50,14,9,1,5,4,5,7,4,4,5,5,5,2,12,7,3,10,1,1,B03,7,8,1,8,2,2,,7,7,1,5,8,B03,120.661806,24.146017,2
2022,1,27,11,5,臺中市,太平區,0,2,0,8,1,5,50,3,1,1,5,4,5,7,4,4,10,5,5,2,16,26,2,7,1,1,C03,7,9,6,10,2,11,,26,26,1,21,8,C03,120.716386,24.11869,2
2022,1,27,11,8,臺中市,豐原區,0,0,0,8,,,50,,,,,,,,,,,,,,,12,,,,,B03,,,1,,2,,,12,12,1,21,,B03,120.716688,24.241491,3
2022,1,27,11,10,臺中市,大雅區,0,1,0,8,1,5,50,4,1,1,5,4,5,7,2,1,10,4,5,1,16,16,2,9,1,1,C03,7,9,1,10,2,11,,16,16,1,22,9,C03,120.649223,24.216178,2
2022,1,27,11,10,臺中市,南屯區,0,0,0,8,1,5,30,14,9,4,5,4,5,7,4,4,10,5,5,2,11,17,,,,,B03,,,1,,1,,,17,17,1,22,,B03,120.639382,24.138179,3
2022,1,27,11,11,臺中市,豐原區,0,1,0,8,1,5,50,14,9,1,5,4,5,7,4,4,3,5,5,1,13,23,3,10,1,1,B12,7,6,1,6,2,7,,44,44,1,22,9,B12,120.72187,24.274426,2
2022,1,27,11,13,臺中市,西區,0,1,0,8,1,5,50,4,1,1,5,4,5,7,1,1,10,5,5,2,16,6,3,10,1,1,B03,7,5,1,8,2,5,,6,6,1,21,8,B03,120.661725,24.144333,2
2022,1,27,11,17,臺中市,新社區,0,0,0,8,,,30,,,,,,,,,,,,,,,17,,,,,B03,,,1,,2,,,17,17,1,22,,B03,120.835777,24.154975,3
2022,1,27,11,20,臺中市,北屯區,0,1,0,8,1,5,50,4,1,1,5,4,5,7,4,4,10,5,5,2,16,6,2,9,3,4,C03,7,9,1,10,2,11,,6,6,1,21,8,C03,120.677641,24.175583,2
2022,1,27,11,26,臺中市,南區,0,0,0,8,,,50,,,,,,,,,,,,,,,19,,,,,B03,,,1,,2,,,19,19,1,22,,B03,120.660075,24.12319,3
2022,1,27,11,27,臺中市,大里區,0,2,0,8,1,5,50,3,1,1,5,4,5,7,4,4,10,5,5,2,12,8,2,9,2,1,F01,7,5,8,20,2,16,,8,8,1,20,9,F01,120.709603,24.089318,2
2022,1,27,11,30,臺中市,大雅區,0,0,0,8,,,50,,,,,,,,,,,,,,,12,,,,,B03,,,1,,1,,,12,12,1,22,,B03,120.648177,24.22208,4
2022,1,27,11,30,臺中市,沙鹿區,0,1,0,8,1,5,50,3,1,1,5,4,5,7,4,4,10,5,5,2,16,26,3,10,1,1,B03,7,6,1,8,2,2,,26,26,1,21,5,B03,120.566801,24.23419,2
2022,1,27,11,33,臺中市,大雅區,0,0,0,8,,,50,,,,,,,,,,,,,,,25,,,,,B02,,,1,,2,,,19,19,1,22,,B02,120.648377,24.221169,3
2022,1,27,11,35,臺中市,霧峰區,0,1,0,8,1,5,40,4,1,1,5,4,5,7,1,1,10,5,5,2,16,23,3,10,1,1,B12,7,6,1,8,2,2,,27,23,1,22,8,B12,120.685211,24.029548,2
2022,1,27,11,38,臺中市,北屯區,0,1,0,8,1,5,40,14,9,1,5,4,5,7,4,4,4,3,5,2,14,19,2,9,1,1,C03,7,2,1,10,6,11,,23,23,1,21,8,C03,120.662991,24.185835,2
2022,1,27,11,39,臺中市,北屯區,0,2,0,8,1,5,30,3,1,1,5,4,5,7,4,4,10,5,5,2,16,6,2,9,1,1,C03,7,5,1,10,2,12,,6,6,1,20,8,C03,120.7176,24.1764,2
2022,1,27,11,44,臺中市,太平區,0,1,0,8,1,5,30,4,1,1,5,4,5,7,4,4,5,5,5,2,15,6,2,9,1,1,C03,7,9,1,10,2,13,,6,6,1,18,8,C03,120.72399,24.144728,2
2022,1,27,11,45,臺中市,梧棲區,0,1,0,8,1,5,40,4,2,1,5,4,5,7,1,1,5,4,4,2,16,42,3,10,1,1,B03,7,6,1,8,2,1,,42,42,1,2,8,B03,120.529629,24.25261,2
2022,1,27,11,50,臺中市,太平區,0,2,0,8,1,5,30,4,1,1,5,4,5,7,4,4,10,5,5,2,16,6,3,10,1,1,C03,7,5,1,9,2,11,,6,6,1,21,8,C03,120.737413,24.144979,2
2022,1,27,11,53,臺中市,后里區,0,0,0,8,1,5,40,3,2,1,5,4,5,7,4,4,5,5,4,1,13,23,3,10,1,1,C03,7,9,1,10,2,11,,23,23,1,21,8,C03,120.715288,24.30593,3
2022,1,27,11,59,臺中市,太平區,0,1,0,8,1,5,30,3,2,1,5,4,5,7,4,4,10,5,5,2,17,40,3,10,1,1,B03,7,15,1,1,2,8,,40,40,1,5,8,B03,120.73205,24.154207,2
2022,1,27,11,59,臺中市,豐原區,0,0,0,,,,50,,,,,,,,,,,,,,,18,,,,,B12,,,1,,2,,,18,18,1,22,,B12,120.73728,24.261299,3
2022,1,27,12,0,臺中市,東區,0,0,0,8,,,50,,,,,,,,,,,,,,,12,,,,,B12,,,1,,2,,,12,12,1,5,,B12,120.69573,24.137366,3
2022,1,27,12,0,臺中市,大甲區,0,0,0,8,,,50,,,,,,,,,,,,,,,23,,,,,B03,,,1,,2,,,23,23,1,4,,B03,120.640613,24.401503,3
2022,1,27,12,2,臺中市,太平區,0,1,0,8,1,5,40,4,1,1,5,4,5,7,1,1,10,5,5,2,16,6,3,10,1,1,B03,7,5,1,8,2,8,,6,6,1,21,8,B03,120.722378,24.112677,2
2022,1,27,12,2,臺中市,太平區,0,0,0,8,,,50,,,,,,,,,,,,,,,23,,,,,B12,,,3,18,2,,,23,23,1,21,,B12,120.709225,24.12804,3
2022,1,27,12,5,臺中市,大雅區,0,1,0,8,1,5,50,3,1,1,5,4,5,7,3,1,10,4,5,1,16,11,2,9,1,1,C03,7,11,1,10,2,11,,11,11,1,22,9,C03,120.663595,24.218437,2
2022,1,27,12,5,臺中市,神岡區,0,2,0,8,1,5,50,14,7,1,5,4,5,7,4,4,5,4,4,2,3,25,2,9,1,1,C03,7,9,1,10,2,11,,25,25,1,12,8,C03,120.682063,24.246853,2
2022,1,27,12,9,臺中市,石岡區,0,2,0,8,1,5,70,14,9,1,5,4,5,7,2,1,1,3,4,1,12,6,3,10,1,1,B12,7,6,1,8,2,7,,6,6,1,22,9,B12,120.777618,24.274066,2
2022,1,27,12,13,臺中市,北屯區,0,0,0,8,,,50,,,,,,,,,,,,,,,23,,,,,B03,,,1,,2,,,23,23,1,21,,B03,120.695625,24.167898,3
2022,1,27,12,15,臺中市,潭子區,0,1,0,7,1,5,50,3,1,1,5,4,5,7,4,4,10,5,5,2,16,23,2,9,1,1,C03,7,12,1,10,2,11,14,23,23,1,22,9,C03,120.711393,24.21611,2
2022,1,27,12,19,臺中市,東區,0,1,0,8,1,5,50,4,1,1,5,4,5,7,4,4,10,5,5,2,15,6,3,10,1,1,B03,7,9,1,8,2,5,,23,6,1,21,8,B03,120.685822,24.129763,2
2022,1,27,12,20,臺中市,神岡區,0,1,0,8,1,5,50,14,7,1,5,4,5,7,4,4,5,5,4,2,16,26,3,10,1,1,B12,7,11,1,8,2,8,,26,26,1,21,8,B12,120.656211,24.254078,2
2022,1,27,12,23,臺中市,南屯區,0,2,0,8,1,5,30,11,9,1,5,4,5,7,4,4,10,5,5,2,16,43,2,9,1,1,C03,7,9,1,10,2,14,,43,43,1,22,9,C03,120.600562,24.141917,2
2022,1,27,12,28,臺中市,北屯區,0,0,0,8,,,50,,,,,,,,,,,,,,,23,,,,,B12,,,1,,2,,,23,23,1,21,,B12,120.70218,24.160529,3
2022,1,27,12,28,臺中市,大安區,0,2,0,8,1,5,50,3,1,1,5,4,5,7,4,4,10,5,5,2,16,6,2,9,1,1,C03,7,5,1,10,2,12,,6,6,1,22,9,C03,120.589602,24.343064,2
2022,1,27,12,30,臺中市,大雅區,0,4,0,8,1,5,50,4,1,1,5,4,5,7,1,1,10,5,5,2,12,26,2,9,1,1,C03,7,9,1,8,2,11,,26,26,1,22,9,C03,120.65377,24.23107,2
2022,1,27,12,30,臺中市,太平區,0,0,0,8,,,30,,,,,,,,,,,,,,,67,,,,,,,,,,,,,67,67,1,,,,120.727622,24.149996,3
2022,1,27,12,31,臺中市,北屯區,0,0,0,,,,30,,,,,,,,,,,,,,,6,,,,,C03,,,1,,1,,,6,6,1,22,,C03,120.691364,24.181837,3
2022,1,27,12,47,臺中市,烏日區,0,1,0,8,1,5,30,3,1,1,5,4,5,3,4,4,10,5,5,2,16,6,3,10,1,1,B03,7,6,1,8,2,8,5,6,6,1,22,8,B03,120.641653,24.098146,2
2022,1,27,12,48,臺中市,潭子區,0,0,0,8,,,50,,,,,,,,,,,,,,,23,,,,,B03,,,1,,2,,,23,23,1,22,,B03,120.722716,24.204966,3
2022,1,27,12,49,臺中市,太平區,0,0,0,8,,,50,,,,,,,,,,,,,,,23,,,,,B03,,,1,,2,,,23,23,1,21,,B03,120.710687,24.140888,3
2022,1,27,12,51,臺中市,后里區,0,0,0,8,,,50,,,,,,,,,,,,,,,19,,,,,C03,,,1,,2,,,19,19,1,9,,C03,120.713029,24.305185,3
2022,1,27,12,53,臺中市,西區,0,2,0,8,1,5,30,5,1,1,5,4,5,7,4,4,10,5,5,2,15,6,2,9,1,1,C03,7,9,1,10,2,12,,6,6,1,5,8,C03,120.656674,24.15233,2
2022,1,27,12,53,臺中市,北屯區,0,1,0,8,1,5,50,4,1,1,5,4,5,7,1,1,1,4,5,2,12,6,3,10,1,1,B03,7,6,1,8,2,5,,6,6,1,21,8,B03,120.668337,24.201239,2
2022,1,27,12,54,臺中市,南區,0,0,0,8,,,50,,,,,,,,,,,,,,,23,,,,,B12,,,1,8,2,,,23,23,1,5,,B12,120.679203,24.118805,3
2022,1,27,12,57,臺中市,北區,0,0,0,8,,,50,,,,,,,,,,,,,,,23,,,,,C03,,,1,,2,,,23,23,1,21,,C03,120.683119,24.145927,3
2022,1,27,12,58,臺中市,南屯區,0,0,0,8,,,50,,,,,,,,,,,,,,,6,,,,,B03,,,1,,2,,,6,6,1,21,,B03,120.633236,24.124209,3
2022,1,27,12,58,臺中市,神岡區,0,0,0,8,,,30,,,,,,,,,,,,,,,23,,,,,A12,,,1,,2,,,23,23,1,22,,A12,120.682514,24.243494,3
2022,1,27,12,59,臺中市,太平區,0,1,0,8,1,5,30,14,9,1,5,4,5,7,4,4,10,5,5,2,16,23,3,10,1,1,B12,7,15,1,8,2,8,,23,23,1,5,8,B12,120.728969,24.106902,2
2022,1,27,13,1,臺中市,豐原區,0,0,0,8,,,40,,,,,,,,,,,,,,,12,,,,,B03,,,1,,2,,,12,12,1,22,,B03,120.708904,24.252155,3
2022,1,27,13,3,臺中市,西屯區,0,1,0,8,1,5,50,4,1,1,5,4,5,7,1,1,10,5,5,2,12,6,3,10,1,1,A12,7,6,1,8,2,2,,6,6,1,22,8,A12,120.643936,24.160512,2
2022,1,27,13,4,臺中市,沙鹿區,0,0,0,8,,,30,,,,,,,,,,,,,,,42,,,,,C03,,,1,,2,,,42,42,1,22,,C03,120.58298,24.229152,3
2022,1,27,13,8,臺中市,北屯區,0,0,0,8,,,50,,,,,,,,,,,,,,,12,,,,,B12,,,1,,2,,,12,12,1,21,,B12,120.68685,24.17546,3
2022,1,27,13,12,臺中市,西區,0,1,0,8,1,5,50,4,2,1,5,4,5,7,4,4,5,5,4,2,12,23,3,10,1,1,B03,7,9,1,8,2,4,,23,23,1,21,8,B03,120.670488,24.151252,2
2022,1,27,13,13,臺中市,北區,0,0,0,8,,,50,,,,,,,,,,,,,,,19,,,,,B03,,,3,,1,,,19,19,1,22,,B03,120.673638,24.166416,3
2022,1,27,13,14,臺中市,南屯區,0,0,0,8,,,40,,,,,,,,,,,,,,,12,,,,,B03,,,1,,1,,,12,12,1,22,,B03,120.642858,24.137871,3
2022,1,27,13,18,臺中市,北屯區,0,0,0,8,1,5,50,14,9,1,5,4,5,7,4,4,4,3,5,2,14,12,3,10,1,1,B12,7,2,1,8,2,6,,12,12,1,21,8,B12,120.684485,24.172813,3
2022,1,27,13,18,臺中市,大肚區,0,1,0,8,1,5,50,14,7,1,5,4,5,7,4,4,5,4,4,2,16,26,3,10,1,1,B03,7,1,1,10,2,7,,26,26,1,2,8,B03,120.547728,24.151365,2
2022,1,27,13,20,臺中市,中區,0,0,0,8,,,50,,,,,,,,,,,,,,,23,,,,,B03,,,1,8,2,,,23,23,1,22,,B03,120.679894,24.139367,3
2022,1,27,13,32,臺中市,豐原區,0,1,0,8,1,5,50,14,7,1,5,4,5,7,4,4,9,5,4,2,17,6,3,10,3,4,B12,7,11,1,8,2,4,,6,6,1,22,8,B12,120.717415,24.242082,2
2022,1,27,13,33,臺中市,豐原區,0,0,0,8,,,40,,,,,,,,,,,,,,,12,,,,,B11,,,1,,2,,,12,12,1,10,,B11,120.7282,24.242505,3
2022,1,27,13,36,臺中市,西區,0,1,0,8,1,5,50,4,1,1,5,4,5,7,1,1,10,5,5,2,16,8,3,10,1,1,C04,7,5,1,11,11,14,,8,8,2,22,9,C04,120.662609,24.155678,2
2022,1,27,13,36,臺中市,中區,0,1,0,8,1,5,50,11,9,1,5,4,5,7,4,4,5,2,5,2,16,26,3,10,1,1,B03,7,9,1,8,2,5,,26,26,1,22,8,B03,120.685676,24.143196,2
2022,1,27,13,36,臺中市,南屯區,0,0,0,8,1,5,50,3,1,1,5,4,5,7,4,4,5,4,5,2,12,23,,,,,B03,,,1,,2,,,23,23,1,22,,B03,120.652079,24.139475,3
2022,1,27,13,37,臺中市,北區,0,1,0,8,1,5,50,3,1,1,5,4,5,7,4,4,5,5,5,2,16,23,3,10,1,1,B03,7,9,1,8,2,5,,23,23,1,22,8,B03,120.672891,24.172668,2
2022,1,27,13,45,臺中市,西區,0,0,0,8,,,50,,,,,,,,,,,,,,,42,,,,,B03,,,1,,1,,,42,42,1,5,,B03,120.654997,24.148797,3
2022,1,27,13,45,臺中市,東勢區,0,1,0,8,1,5,30,3,1,1,5,4,5,7,4,4,10,5,5,2,16,6,3,10,1,1,B12,7,5,1,8,2,2,,6,6,1,22,8,B12,120.851234,24.257065,2
2022,1,27,13,47,臺中市,龍井區,0,1,0,8,1,5,30,4,1,1,5,4,5,7,4,4,10,5,5,2,13,23,2,7,1,1,C03,7,9,1,10,2,11,,23,23,1,22,8,C03,120.586375,24.180804,2
2022,1,27,13,49,臺中市,大里區,0,1,0,8,1,5,50,14,9,1,5,4,5,7,1,1,3,4,5,1,16,6,3,10,1,1,B03,7,6,1,8,2,2,,6,6,1,22,8,B03,120.679426,24.115066,2
2022,1,27,13,54,臺中市,沙鹿區,0,2,0,8,1,5,30,4,1,1,5,4,5,3,4,4,10,5,5,2,16,6,3,10,1,1,B03,7,5,1,7,2,8,,6,6,1,9,8,B03,120.549955,24.2231,2
2022,1,27,13,56,臺中市,西區,0,0,0,8,,,50,,,,,,,,,,,,,,,12,,,,,B03,,,1,,1,,,12,12,1,21,,B03,120.665251,24.153201,3
2022,1,27,14,0,臺中市,南區,0,1,0,8,1,5,40,5,1,1,5,4,5,7,1,1,10,5,5,2,16,25,3,10,1,1,B03,7,6,1,8,2,2,,25,25,1,22,8,B03,120.669977,24.124665,2
2022,1,27,14,3,臺中市,北區,0,0,0,8,,,50,,,,,,,,,,,,,,,23,,,,,B03,,,1,,2,,,23,23,1,22,,B03,120.685799,24.153169,3
2022,1,27,14,3,臺中市,豐原區,0,1,0,8,1,5,50,4,1,1,5,4,5,7,4,4,5,5,4,2,16,6,3,10,1,1,B03,7,5,1,8,2,1,,6,6,1,21,3,B03,120.736043,24.265539,2
2022,1,27,14,5,臺中市,西屯區,0,0,0,8,,,30,,,,,,,,,,,,,,,42,,,,,C03,,,1,,10,,,42,42,1,22,,C03,120.654958,24.160413,3
2022,1,27,14,7,臺中市,太平區,0,1,0,8,1,5,50,4,1,1,5,4,5,7,1,1,10,5,5,2,16,1,2,9,1,1,C03,7,9,2,18,2,11,,1,1,1,21,8,C03,120.736119,24.133188,2
2022,1,27,14,12,臺中市,西區,0,0,0,8,,,50,,,,,,,,,,,,,,,12,,,,,B03,,,1,,1,,,12,12,1,18,,B03,120.66981,24.146735,3
2022,1,27,14,15,臺中市,西區,0,0,0,8,,,50,,,,,,,,,,,,,,,42,,,,,B03,,,1,,1,,,42,42,1,5,,B03,120.667587,24.137009,3
2022,1,27,14,16,臺中市,北屯區,0,2,0,8,1,5,50,4,1,1,5,4,5,7,1,1,10,5,5,2,16,25,2,3,1,1,B03,7,9,1,8,2,1,,25,25,1,21,8,B03,120.663336,24.190003,2
2022,1,27,14,20,臺中市,潭子區,0,0,0,8,1,5,50,14,7,1,5,4,5,7,4,4,1,3,4,1,17,7,3,10,1,1,B03,7,10,1,8,2,4,,7,7,1,22,8,B03,120.707755,24.21772,3
2022,1,27,14,29,臺中市,東勢區,0,1,0,8,1,8,60,14,13,1,5,4,5,7,4,4,4,3,4,1,9,12,3,10,1,1,B12,7,2,1,8,2,3,,12,12,1,22,9,B12,120.824178,24.267376,2
2022,1,27,14,30,臺中市,梧棲區,0,1,0,8,1,5,30,4,1,1,5,4,5,7,4,4,10,5,5,2,15,14,2,9,1,1,C03,7,9,1,10,2,11,,14,14,1,18,8,C03,120.546593,24.243933,2
2022,1,27,14,37,臺中市,豐原區,0,1,0,8,1,5,50,4,2,1,5,4,5,7,1,1,3,3,3,1,17,23,3,10,3,4,B01,7,9,1,4,2,1,,23,23,1,22,8,B01,120.728849,24.25695,2
2022,1,27,14,44,臺中市,西屯區,0,1,0,8,1,5,50,14,9,1,5,4,5,7,4,4,5,4,5,2,16,42,3,10,3,4,B03,7,9,1,8,2,2,,42,42,1,22,8,B03,120.62883,24.202986,2
2022,1,27,14,45,臺中市,神岡區,0,0,0,8,,,50,,,,,,,,,,,,,,,23,,,,,C03,,,1,,2,,,23,23,1,22,,C03,120.682538,24.246134,3
2022,1,27,14,49,臺中市,大里區,0,0,0,8,,,40,,,,,,,,,,,,,,,42,,,,,B03,,,1,,2,,,42,42,1,22,,B03,120.687477,24.094111,3
2022,1,27,15,7,臺中市,中區,0,1,0,8,1,5,30,3,1,1,5,4,5,7,4,4,10,5,5,2,16,6,3,10,1,1,B12,7,5,1,8,2,8,,6,6,1,2,9,B12,120.684019,24.141854,2