年,月,日,時,分,縣市,區,死,受傷,2-30,天候,光線,道路類別,速限,道路型態,事故位置,路面鋪裝,路面狀態,路面缺陷,障礙物,視距,號誌種類,號誌動作,分向設施,快車道或一般車道間,快慢車道間,路面邊線,事故類型及型態,主要肇因,受傷程度,主要傷處,保護裝備,行動電話,當事者區分,車輛用途,當事者行動狀態,駕駛資格情形,駕駛執照種類,飲酒情形,車輛撞擊部位最初,車輛撞擊部位其他,肇事因素個別,肇事因素主要,肇事逃逸,職業,旅次目的,車種,GPS緯度,GPS經度,事故類別
2022,1,27,15,11,臺中市,西區,0,1,0,8,1,5,50,4,1,1,5,4,5,7,1,1,10,5,5,2,16,42,3,10,1,1,B03,7,5,1,8,2,5,,42,42,1,21,8,B03,120.666736,24.141067,2
2022,1,27,15,21,臺中市,中區,0,1,0,8,1,5,40,5,1,1,5,4,5,7,1,1,10,5,5,2,13,16,2,7,1,1,C03,7,9,4,10,2,11,,16,16,1,5,8,C03,120.678056,24.146465,2
2022,1,27,15,23,臺中市,烏日區,0,0,0,8,,,50,,,,,,,,,,,,,,,10,,,,,B03,,,1,,2,,,10,10,1,22,,B03,120.623608,24.102819,3
2022,1,27,15,28,臺中市,西屯區,0,0,0,8,,,50,,,,,,,,,,,,,,,23,,,,,B03,,,1,,2,,,23,23,1,22,,B03,120.635349,24.169426,3
2022,1,27,15,31,臺中市,北屯區,0,0,0,8,,,50,,,,,,,,,,,,,,,23,,,,,B03,,,1,,1,,,23,23,1,22,,B03,120.719223,24.175006,3
2022,1,27,15,41,臺中市,南屯區,0,0,0,8,,,50,,,,,,,,,,,,,,,2,,,,,A41,,,1,,1,,,2,2,1,10,,A41,120.638477,24.14223,3
2022,1,27,15,43,臺中市,龍井區,0,1,0,8,1,5,50,3,1,1,5,4,5,7,4,4,10,5,5,2,16,19,2,9,3,4,C03,7,9,2,18,2,11,,23,19,1,16,8,C03,120.524763,24.202838,2
2022,1,27,15,45,臺中市,潭子區,0,0,0,8,1,5,50,14,9,1,5,4,5,7,4,4,8,5,5,1,17,23,3,10,1,1,B01,7,9,1,8,2,1,,23,23,1,22,8,B01,120.676178,24.204093,3
2022,1,27,15,58,臺中市,潭子區,0,2,0,8,1,5,60,14,8,1,5,4,5,7,4,4,1,4,4,1,12,2,3,10,1,1,B12,7,8,1,8,2,2,,2,2,1,22,8,B12,120.686906,24.20838,2
2022,1,27,15,59,臺中市,南屯區,0,0,0,,,,50,,,,,,,,,,,,,,,12,,,,,A04,,,1,,1,,,12,12,1,22,,A04,120.646325,24.145783,4
2022,1,27,16,0,臺中市,大里區,0,0,0,8,1,5,30,14,9,1,5,4,5,7,4,4,10,5,5,1,14,12,,,,,A12,,,1,,2,,,12,12,1,5,,A12,120.661936,24.102268,3
2022,1,27,16,0,臺中市,太平區,0,0,0,8,,,50,,,,,,,,,,,,,,,23,,,,,B03,,,3,18,2,,,23,23,1,21,,B03,120.713316,24.146826,3
2022,1,27,16,2,臺中市,大肚區,0,1,0,7,1,5,40,14,8,1,5,4,5,7,4,4,1,4,1,1,17,23,2,8,1,1,C03,7,9,1,10,2,11,,23,23,1,22,8,C03,120.582495,24.173945,2
2022,1,27,16,16,臺中市,太平區,0,1,0,8,1,5,50,3,1,1,5,4,5,7,4,4,10,5,5,2,13,23,3,10,1,1,B03,7,9,1,8,2,1,,23,23,1,21,8,B03,120.716812,24.131839,2
2022,1,27,16,18,臺中市,西區,0,2,0,8,1,5,40,4,1,1,5,4,5,7,2,1,10,5,5,2,13,16,2,9,1,1,C04,7,9,1,8,2,11,,16,16,1,22,8,C04,120.657427,24.140149,2
2022,1,27,16,20,臺中市,北屯區,0,4,0,8,1,5,40,14,12,1,5,4,5,7,4,4,5,5,4,2,17,19,2,9,1,1,C03,7,1,1,10,2,11,14,19,19,1,5,8,C03,120.690673,24.173978,2
2022,1,27,16,26,臺中市,北屯區,0,2,0,8,1,5,50,4,1,1,5,4,5,7,1,1,1,4,4,2,15,43,2,9,1,1,C03,7,9,1,10,2,11,,43,43,1,22,8,C03,120.66065,24.191436,2
2022,1,27,16,28,臺中市,北屯區,0,0,0,8,,,50,,,,,,,,,,,,,,,26,,,,,B03,,,1,,1,,,26,26,1,21,,B03,120.703591,24.182208,3
2022,1,27,16,28,臺中市,太平區,0,0,0,8,,,50,,,,,,,,,,,,,,,23,,,,,B03,,,1,,2,,,23,23,1,21,,B03,120.703627,24.112456,3
2022,1,27,16,42,臺中市,太平區,0,0,0,8,,,50,,,,,,,,,,,,,,,26,,,,,B12,,,1,,2,,,26,26,1,21,,B12,120.734172,24.143938,3
2022,1,27,16,45,臺中市,龍井區,0,1,0,7,1,5,30,4,1,1,5,4,5,7,4,4,10,5,5,2,16,6,3,10,1,1,C03,7,9,1,10,2,12,,6,6,1,5,8,C03,120.58633,24.180842,2
2022,1,27,16,46,臺中市,北屯區,0,1,0,8,1,5,50,4,1,1,5,4,5,7,1,1,10,5,5,2,15,25,2,9,1,1,C03,7,9,1,10,2,12,,25,25,1,22,8,C03,120.727231,24.175285,2
2022,1,27,16,46,臺中市,大肚區,0,0,0,8,,,50,,,,,,,,,,,,,,,42,,,,,C03,,,1,,2,,,42,42,1,22,,C03,120.580249,24.171919,3
2022,1,27,16,46,臺中市,后里區,0,3,0,8,1,5,30,3,1,1,5,4,5,7,3,1,10,5,5,2,16,6,2,8,1,1,C03,7,9,1,10,2,11,,23,6,1,22,8,C03,120.712862,24.307876,2
2022,1,27,16,47,臺中市,太平區,0,0,0,8,,,80,,,,,,,,,,,,,,,23,,,,,B03,,,1,,2,,,23,23,1,21,,B03,120.717563,24.158485,3
2022,1,27,16,48,臺中市,大甲區,0,1,0,7,1,5,30,3,1,1,5,4,5,7,4,4,10,5,5,2,16,6,2,9,1,1,C03,7,6,4,8,2,11,,6,6,1,5,8,C03,120.614738,24.41294,2
2022,1,27,16,50,臺中市,大里區,0,0,0,8,,,50,,,,,,,,,,,,,,,23,,,,,B03,,,1,,2,,,23,23,1,21,,B03,120.690108,24.10855,3
2022,1,27,17,3,臺中市,大雅區,0,0,0,8,,,50,,,,,,,,,,,,,,,44,,,,,C03,,,1,,,,,44,44,1,22,,C03,120.65054,24.210771,3
2022,1,27,17,3,臺中市,大雅區,0,3,0,8,1,5,50,3,1,1,5,4,5,7,1,1,1,4,4,1,13,23,2,8,1,1,C03,7,9,1,10,2,11,,23,23,1,22,9,C03,120.648923,24.21804,2
2022,1,27,17,4,臺中市,大雅區,0,2,0,8,1,5,30,4,1,1,5,4,5,7,4,4,5,5,5,1,17,43,2,8,1,1,C03,7,5,1,10,2,14,,43,43,1,21,8,C03,120.655824,24.227311,2
2022,1,27,17,9,臺中市,大里區,0,0,0,8,1,5,30,14,9,1,5,4,5,7,4,4,10,5,5,2,29,44,,,,,B03,,,8,,10,,,44,44,1,5,,B03,120.705495,24.104495,3
2022,1,27,17,9,臺中市,梧棲區,0,1,0,8,1,5,50,4,2,1,5,4,5,7,1,1,1,4,4,2,18,21,2,9,4,4,F01,7,6,8,20,8,16,,21,21,1,22,8,F01,120.539424,24.26159,2
2022,1,27,17,10,臺中市,大甲區,0,2,0,8,1,5,30,4,1,1,5,4,5,7,4,4,10,5,5,2,16,6,3,10,1,1,B03,7,5,1,8,2,8,,6,6,1,21,8,B03,120.614866,24.35678,2
2022,1,27,17,11,臺中市,北區,0,0,0,8,,,50,,,,,,,,,,,,,,,23,,,,,B03,,,1,,1,,,23,23,1,22,,B03,120.672214,24.162161,3
2022,1,27,17,14,臺中市,潭子區,0,1,0,8,1,5,60,3,1,1,5,4,5,7,1,1,1,2,4,1,16,6,3,10,1,1,B03,7,11,1,8,2,5,,6,6,1,22,9,B03,120.702434,24.189563,2
2022,1,27,17,18,臺中市,北區,0,0,0,,,,40,,,,,,,,,,,,,,,40,,,,,B03,,,1,,1,,,40,40,1,21,,B03,120.675408,24.159659,3
2022,1,27,17,20,臺中市,潭子區,0,1,0,8,1,5,50,4,2,1,5,4,5,7,1,1,8,3,5,1,17,26,3,10,1,1,C03,7,11,1,10,2,15,,26,26,1,22,8,C03,120.70039,24.213386,2
2022,1,27,17,22,臺中市,豐原區,0,0,0,,,,50,,,,,,,,,,,,,,,23,,,,,B03,,,1,,,,,23,23,1,22,,B03,120.722244,24.278599,3
2022,1,27,17,25,臺中市,西區,0,0,0,8,,,50,,,,,,,,,,,,,,,6,,,,,B03,,,1,,1,,,6,6,1,5,,B03,120.671236,24.145493,3
2022,1,27,17,35,臺中市,太平區,0,1,0,8,3,5,40,3,2,1,5,4,5,7,1,1,5,4,4,1,12,23,2,8,1,1,C03,7,9,1,10,1,12,,23,23,1,21,8,C03,120.710077,24.158989,2
2022,1,27,17,37,臺中市,太平區,0,1,0,8,3,5,40,14,9,1,5,4,5,7,4,4,5,5,5,2,17,23,2,9,1,1,C03,7,9,1,10,2,11,,23,23,1,21,8,C03,120.749206,24.124498,2
2022,1,27,17,37,臺中市,龍井區,0,1,0,8,3,5,70,4,1,1,5,4,5,7,3,1,10,5,5,2,16,6,3,10,3,4,B03,7,5,1,8,2,2,,6,6,1,9,1,B03,120.509671,24.200231,2
2022,1,27,17,40,臺中市,豐原區,0,0,0,8,,,50,,,,,,,,,,,,,,,23,,,,,B03,,,1,,2,,,23,23,1,22,,B03,120.723969,24.245023,3
2022,1,27,17,41,臺中市,西區,0,1,0,8,3,5,50,3,1,1,5,4,5,7,4,4,10,5,5,2,3,15,3,10,1,1,B03,7,9,1,8,2,1,,15,15,1,21,8,B03,120.676327,24.13427,2
2022,1,27,17,41,臺中市,沙鹿區,0,1,0,8,3,5,50,3,1,1,5,4,5,7,4,4,10,5,5,2,17,8,2,9,1,1,C03,7,5,1,10,2,13,12,8,8,1,6,8,C03,120.620765,24.238437,2
2022,1,27,17,42,臺中市,北屯區,0,0,0,8,,,80,,,,,,,,,,,,,,,7,,,,,B03,,,1,,1,,,7,7,1,21,,B03,120.704025,24.182518,3
2022,1,27,17,46,臺中市,北屯區,0,0,0,8,,,50,,,,,,,,,,,,,,,7,,,,,B02,,,1,,2,,,7,7,1,22,,B02,120.695266,24.165081,3
2022,1,27,17,48,臺中市,西區,0,0,0,8,,,30,,,,,,,,,,,,,,,42,,,,,B03,,,1,,2,,,42,42,1,21,,B03,120.675905,24.135905,3
2022,1,27,17,48,臺中市,神岡區,0,0,0,8,,,30,,,,,,,,,,,,,,,12,,,,,B12,,,1,,2,,,12,12,1,22,,B12,120.683375,24.27401,3
2022,1,27,17,49,臺中市,豐原區,0,0,0,8,,,60,,,,,,,,,,,,,,,23,,,,,B03,,,1,,2,,,23,23,1,22,,B03,120.718986,24.264166,3
2022,1,27,17,51,臺中市,南屯區,0,1,0,8,3,5,50,4,1,1,5,4,5,7,2,1,10,5,5,2,16,25,2,9,3,4,C03,7,5,1,10,2,12,,25,25,1,22,8,C03,120.644912,24.140091,2
2022,1,27,18,0,臺中市,西區,0,0,0,8,,,50,,,,,,,,,,,,,,,23,,,,,B03,,,6,,1,,,23,23,1,5,,B03,120.673831,24.146198,3
2022,1,27,18,0,臺中市,烏日區,0,1,0,8,2,5,50,3,1,1,5,4,5,7,4,4,5,4,4,2,3,23,3,10,1,1,B03,7,5,1,8,2,5,,23,23,1,21,8,B03,120.625528,24.102154,2
2022,1,27,18,2,臺中市,太平區,0,0,0,8,,,50,,,,,,,,,,,,,,,42,,,,,C03,,,1,,2,,,42,42,1,9,,C03,120.711365,24.15062,3
2022,1,27,18,3,臺中市,北區,0,0,0,8,,,30,,,,,,,,,,,,,,,12,,,,,B03,,,1,,2,,,12,12,1,22,,B03,120.684232,24.160848,3
2022,1,27,18,6,臺中市,潭子區,0,0,0,8,3,5,80,14,9,1,5,4,5,7,4,4,1,3,5,1,13,16,,,,,C01,,,1,,2,,,16,16,1,22,,C01,120.722429,24.188855,3
2022,1,27,18,8,臺中市,梧棲區,0,0,0,8,,,50,,,,,,,,,,,,,,,8,,,,,B12,,,6,,2,,,8,8,1,22,,B12,120.533509,24.251797,3
2022,1,27,18,20,臺中市,大甲區,0,0,0,8,,,50,,,,,,,,,,,,,,,16,,,,,B03,,,1,,1,,,16,16,1,21,,B03,120.619075,24.348643,3
2022,1,27,18,27,臺中市,清水區,0,3,0,8,2,5,30,4,1,1,5,4,5,7,4,4,10,5,5,2,15,6,2,8,1,1,B12,7,9,1,6,2,5,,6,6,1,5,5,B12,120.559372,24.263413,2
2022,1,27,18,29,臺中市,太平區,0,1,0,8,3,5,50,14,9,1,5,4,5,7,1,1,5,5,5,2,13,16,3,10,1,1,C03,7,9,1,10,2,11,,16,16,1,4,5,C03,120.724086,24.111152,2
2022,1,27,18,30,臺中市,西區,0,0,0,8,,,50,,,,,,,,,,,,,,,16,,,,,C03,,,1,,2,,,16,16,1,5,,C03,120.673295,24.13661,3
2022,1,27,18,31,臺中市,南屯區,0,1,0,8,3,5,30,3,2,1,5,4,5,7,4,4,5,5,5,2,17,5,3,10,1,1,A04,7,9,1,2,11,15,,5,5,1,22,8,A04,120.600417,24.136612,2
2022,1,27,18,35,臺中市,北屯區,0,1,0,8,3,5,50,14,9,1,5,4,5,7,4,4,5,4,5,2,26,43,2,9,1,1,C03,7,15,1,10,2,11,,43,43,1,22,8,C03,120.717664,24.167618,2
2022,1,27,18,35,臺中市,北屯區,0,2,0,8,3,5,50,5,2,1,5,4,5,7,2,1,5,2,5,2,13,16,2,9,1,1,C03,7,9,1,10,2,11,,16,16,1,21,8,C03,120.686135,24.18892,2
2022,1,27,18,36,臺中市,太平區,0,0,0,8,,,50,,,,,,,,,,,,,,,23,,,,,B12,,,1,,1,,,44,44,1,21,,B12,120.71511,24.154787,3
2022,1,27,18,37,臺中市,大雅區,0,0,0,8,,,50,,,,,,,,,,,,,,,23,,,,,B03,,,1,,2,,,23,23,1,21,,B03,120.650942,24.216443,3
2022,1,27,18,40,臺中市,太平區,0,0,0,8,,,80,,,,,,,,,,,,,,,7,,,,,B03,,,1,,1,,,7,7,1,21,,B03,120.717745,24.158179,3
2022,1,27,18,45,臺中市,南屯區,0,0,0,,,,50,,,,,,,,,,,,,,,23,,,,,B03,,,1,,2,,,23,23,1,22,,B03,120.636281,24.14601,3
2022,1,27,18,50,臺中市,南區,0,0,0,8,,,50,,,,,,,,,,,,,,,23,,,,,C03,,,1,,1,,,23,23,1,22,,C03,120.648541,24.117086,3
2022,1,27,18,53,臺中市,北區,0,0,0,8,,,50,,,,,,,,,,,,,,,23,,,,,B02,,,1,,11,,,23,23,1,22,,B02,120.670874,24.171558,3
2022,1,27,18,55,臺中市,北區,0,0,0,,,,40,,,,,,,,,,,,,,,23,,,,,C03,,,1,,2,,,23,23,1,21,,C03,120.685725,24.155948,3
2022,1,27,18,56,臺中市,南屯區,0,0,0,,,,50,,,,,,,,,,,,,,,23,,,,,B12,,,1,,2,,,23,23,1,22,,B12,120.645919,24.146302,3
2022,1,27,19,0,臺中市,烏日區,0,1,0,8,3,5,80,14,7,1,5,4,5,7,4,4,1,4,5,1,13,23,2,1,1,1,B03,7,9,1,8,2,1,,23,23,1,21,8,B03,120.620657,24.112093,2
2022,1,27,19,7,臺中市,神岡區,0,2,0,8,3,5,50,5,2,1,5,4,5,7,1,1,5,4,4,2,17,6,2,9,3,4,C03,7,11,1,10,2,13,,6,6,1,22,9,C03,120.655431,24.258675,2
2022,1,27,19,10,臺中市,北屯區,0,0,0,8,,,50,,,,,,,,,,,,,,,43,,,,,B03,,,1,8,1,,,43,43,1,21,,B03,120.693157,24.163228,3
2022,1,27,19,21,臺中市,北區,0,1,0,8,3,5,50,3,1,1,5,4,5,7,1,1,10,5,5,2,17,9,3,10,1,1,B03,7,6,1,8,2,5,,9,9,1,22,8,B03,120.667573,24.166817,2
2022,1,27,19,25,臺中市,后里區,0,2,0,8,3,5,50,14,7,1,5,4,5,7,4,4,9,4,4,1,16,26,2,5,1,1,C03,7,5,1,10,2,14,,26,26,1,22,8,C03,120.716422,24.307296,2
2022,1,27,19,30,臺中市,北屯區,0,1,0,8,3,5,40,4,1,1,5,4,5,7,1,1,3,2,4,2,12,43,3,10,1,1,B02,7,6,1,8,1,2,,43,43,1,22,8,B02,120.688352,24.162962,2
2022,1,27,19,30,臺中市,大甲區,0,1,0,8,3,5,60,4,1,1,5,4,5,7,1,1,10,5,5,2,3,23,3,10,1,1,B03,7,9,1,8,2,1,,23,23,1,21,8,B03,120.617086,24.34697,2
2022,1,27,19,36,臺中市,西區,0,0,0,8,,,30,,,,,,,,,,,,,,,42,,,,,B12,,,1,,1,,,42,42,1,5,,B12,120.6609,24.14675,3
2022,1,27,19,41,臺中市,大里區,0,3,0,8,3,5,50,4,4,1,5,4,5,7,1,1,5,2,5,1,13,23,2,9,1,1,C03,7,9,1,10,2,11,,23,23,1,5,8,C03,120.689991,24.110058,2
2022,1,27,19,42,臺中市,豐原區,0,0,0,8,,,50,,,,,,,,,,,,,,,12,,,,,B03,,,1,,2,,,12,12,1,21,,B03,120.734974,24.255546,3
2022,1,27,19,43,臺中市,沙鹿區,0,1,0,8,3,5,50,14,9,1,5,4,5,7,4,4,5,5,5,2,29,66,,,,,,,,,,,,,66,66,1,,,,120.574309,24.21686,2
2022,1,27,19,44,臺中市,北屯區,0,0,0,,,,40,,,,,,,,,,,,,,,6,,,,,B03,,,1,,2,,,6,6,1,21,,B03,120.663121,24.187471,3
2022,1,27,20,2,臺中市,南屯區,0,2,0,8,3,5,50,5,1,1,5,4,5,7,1,1,5,5,5,2,16,6,2,9,1,1,C03,7,5,1,10,2,12,,6,6,1,22,8,C03,120.648377,24.155794,2
2022,1,27,20,16,臺中市,東區,0,1,0,8,3,5,50,3,1,1,5,4,5,7,4,4,10,5,5,2,16,6,3,10,1,1,B03,7,5,1,8,2,1,,6,6,1,22,8,B03,120.694263,24.132951,2
2022,1,27,20,18,臺中市,潭子區,0,0,0,8,,,50,,,,,,,,,,,,,,,23,,,,,B03,,,1,,2,,,23,23,1,22,,B03,120.709422,24.200329,3
2022,1,27,20,23,臺中市,北區,0,1,0,8,3,5,50,14,9,1,5,4,5,7,1,1,1,4,5,2,16,6,3,10,1,1,B03,7,6,1,8,2,2,,6,6,1,21,8,B03,120.68203,24.165041,2
2022,1,27,20,30,臺中市,北區,0,2,0,8,3,5,50,3,1,1,5,4,5,7,1,1,5,2,5,2,21,23,3,10,1,1,B02,7,6,1,4,2,5,,23,23,1,5,8,B02,120.686453,24.147272,2
2022,1,27,20,30,臺中市,北區,0,1,0,8,3,5,50,4,2,1,5,4,5,7,1,1,10,5,5,2,17,43,3,10,1,1,B03,7,21,1,8,2,15,,43,43,1,22,8,B03,120.675884,24.171452,2
2022,1,27,20,30,臺中市,北屯區,0,0,0,8,,,50,,,,,,,,,,,,,,,6,,,,,B03,,,1,,1,,,6,6,1,22,,B03,120.694381,24.171191,3
2022,1,27,20,34,臺中市,梧棲區,0,0,0,8,,,40,,,,,,,,,,,,,,,23,,,,,B03,,,1,,2,,,23,23,1,22,,B03,120.537785,24.249104,3
2022,1,27,20,36,臺中市,南屯區,0,2,0,8,3,5,50,4,1,1,5,4,5,7,2,1,5,4,5,2,12,23,2,9,1,1,C03,7,9,1,10,2,13,12,23,23,1,21,8,C03,120.640748,24.153709,2
2022,1,27,20,55,臺中市,大雅區,0,0,0,8,,,70,,,,,,,,,,,,,,,7,,,,,A11,,,1,,2,,,7,7,1,21,,A11,120.631162,24.239773,3
2022,1,27,21,3,臺中市,大雅區,0,0,0,8,,,50,,,,,,,,,,,,,,,23,,,,,B03,,,1,,2,,,23,23,1,22,,B03,120.634726,24.236486,3
2022,1,27,21,14,臺中市,神岡區,0,0,0,8,,,50,,,,,,,,,,,,,,,23,,,,,B03,,,1,,1,,,23,23,1,22,,B03,120.68709,24.250221,3
2022,1,27,21,21,臺中市,北區,0,0,0,,,,50,,,,,,,,,,,,,,,23,,,,,B12,,,1,,2,,,23,23,1,22,,B12,120.674119,24.163778,3
2022,1,27,21,43,臺中市,北屯區,0,1,0,8,3,5,80,14,9,1,5,4,5,7,4,4,1,4,5,2,12,43,3,10,1,1,B03,7,7,1,8,2,4,,43,43,1,22,8,B03,120.722572,24.1891,2
2022,1,27,21,50,臺中市,大雅區,0,2,0,8,3,5,50,4,1,1,5,4,5,7,1,1,1,5,5,2,15,25,2,8,1,1,C03,7,9,3,18,2,12,,25,25,1,21,8,C03,120.645263,24.225553,2
2022,1,27,22,0,臺中市,豐原區,0,0,0,8,,,50,,,,,,,,,,,,,,,17,,,,,B12,,,1,,2,,,17,17,1,4,,B12,120.700752,24.24913,3
2022,1,27,22,4,臺中市,西區,0,0,0,8,3,5,50,14,9,1,5,4,5,7,4,4,1,5,5,2,13,16,,,,,B03,,,1,,2,,,16,16,1,21,,B03,120.661508,24.139959,3
2022,1,27,22,13,臺中市,大里區,0,0,0,8,,,30,,,,,,,,,,,,,,,6,,,,,C03,,,1,,2,,,6,6,1,18,,C03,120.703993,24.09773,3
2022,1,27,22,44,臺中市,北區,0,1,0,8,3,5,50,4,2,1,5,4,5,7,1,1,3,2,3,1,1,23,2,9,3,4,C03,7,9,1,10,2,12,,23,23,1,22,9,C03,120.68305,24.16304,2
2022,1,27,23,6,臺中市,太平區,0,2,0,8,3,5,30,14,9,1,5,4,5,7,4,4,10,5,5,1,13,23,2,8,1,1,C03,7,9,1,10,2,11,,23,23,1,18,8,C03,120.711637,24.125786,2
2022,1,27,23,8,臺中市,北屯區,0,1,0,8,3,5,50,4,1,1,5,4,5,7,2,1,10,5,5,2,16,25,2,9,1,1,C03,7,9,1,10,2,11,,25,25,1,5,8,C03,120.720933,24.174936,2
2022,1,28,0,27,臺中市,新社區,0,1,0,8,3,5,40,14,9,1,5,4,5,7,4,4,5,5,5,1,17,10,3,10,1,1,B03,7,11,1,8,2,4,,10,10,1,22,8,B03,120.801253,24.229671,2
2022,1,28,0,33,臺中市,南屯區,0,0,0,8,,,50,,,,,,,,,,,,,,,12,,,,,B03,,,1,,1,,,12,12,1,22,,B03,120.634063,24.141383,3
2022,1,28,0,40,臺中市,后里區,0,2,0,8,3,5,50,15,8,1,5,4,5,7,4,4,1,4,4,2,16,6,3,10,1,1,B03,7,6,1,8,2,6,,6,6,1,22,8,B03,120.722659,24.301508,2
2022,1,28,1,11,臺中市,西區,0,0,0,7,3,5,50,14,9,1,5,4,5,7,4,4,5,5,5,2,14,12,,,,,B03,,,1,,2,,,12,12,1,21,,B03,120.67291,24.141632,3
2022,1,28,1,11,臺中市,東區,0,1,0,8,3,5,50,3,1,1,5,4,5,7,2,1,5,2,5,2,12,23,3,10,1,1,B03,7,9,1,8,2,8,,23,23,1,22,8,B03,120.684055,24.134986,2
2022,1,28,3,23,臺中市,大里區,0,0,0,8,,,50,,,,,,,,,,,,,,,42,,,,,B03,,,1,,2,,,42,42,1,5,,B03,120.67549,24.102471,3
2022,1,28,4,0,臺中市,潭子區,0,0,0,8,,,30,,,,,,,,,,,,,,,12,,,,,B12,,,1,,2,,,12,12,1,22,,B12,120.712323,24.21173,3
2022,1,28,5,8,臺中市,北屯區,0,0,0,8,,,50,,,,,,,,,,,,,,,12,,,,,B03,,,1,,2,,,12,12,1,4,,B03,120.68427,24.1695,3
2022,1,28,5,38,臺中市,南屯區,0,1,0,8,3,5,50,3,7,1,5,4,5,7,4,4,5,4,5,2,16,6,2,9,1,1,C03,7,6,1,10,2,11,,6,6,1,20,9,C03,120.648055,24.145,2
2022,1,28,5,40,臺中市,潭子區,0,0,0,8,,,50,,,,,,,,,,,,,,,23,,,,,A12,,,1,,9,,,23,23,1,22,,A12,120.700637,24.21191,3
2022,1,28,5,47,臺中市,大雅區,0,1,0,8,2,5,50,11,8,1,5,4,5,7,4,4,9,4,5,1,17,23,2,9,1,1,C03,7,9,1,10,2,11,,23,23,1,22,9,C03,120.65088,24.229843,2
2022,1,28,5,47,臺中市,外埔區,0,0,0,8,1,5,40,13,9,1,5,4,5,7,4,4,10,5,5,2,12,23,,,,,B03,,,1,,10,,,44,44,1,21,,B03,120.634653,24.343926,3
2022,1,28,5,54,臺中市,北屯區,0,1,0,8,2,5,50,3,18,1,5,4,5,7,3,1,10,5,5,2,3,15,3,10,1,1,C03,7,9,1,10,2,11,,15,15,1,5,8,C03,120.696488,24.164561,2
2022,1,28,5,55,臺中市,北區,0,0,0,8,,,40,,,,,,,,,,,,,,,23,,,,,A12,,,1,,2,,,23,23,1,22,,A12,120.676461,24.156864,3
2022,1,28,5,58,臺中市,北屯區,0,1,0,8,2,5,40,14,8,1,5,4,5,7,4,4,9,5,4,2,17,23,2,9,1,1,C03,7,9,1,10,2,12,,23,23,1,21,8,C03,120.686949,24.175685,2
2022,1,28,6,25,臺中市,大甲區,0,0,0,8,,,50,,,,,,,,,,,,,,,6,,,,,B03,,,1,,1,,,6,6,1,21,,B03,120.619379,24.345459,3
2022,1,28,7,5,臺中市,東勢區,0,0,0,8,,,50,,,,,,,,,,,,,,,6,,,,,B03,,,1,,2,,,23,6,1,22,,B03,120.830523,24.250921,3
2022,1,28,7,10,臺中市,大肚區,0,1,0,8,1,5,50,14,7,1,5,4,5,7,1,1,5,4,4,1,12,19,3,10,1,1,B03,7,1,1,8,2,15,,19,19,1,21,8,B03,120.577276,24.118203,2
2022,1,28,7,25,臺中市,神岡區,0,1,0,8,1,5,50,3,1,1,5,4,5,7,1,1,10,5,5,2,16,25,3,10,1,1,C03,7,9,1,10,2,12,,25,25,1,22,9,C03,120.683143,24.2467,2
2022,1,28,7,26,臺中市,西區,0,2,0,8,1,5,30,4,1,1,5,4,5,7,4,4,10,5,5,2,15,6,2,9,1,1,C03,7,9,6,18,2,11,,6,6,1,21,8,C03,120.669072,24.146055,2
2022,1,28,7,35,臺中市,豐原區,0,0,0,,,,50,,,,,,,,,,,,,,,6,,,,,B03,,,1,,2,,,6,6,1,22,,B03,120.720222,24.23655,3
2022,1,28,7,40,臺中市,大雅區,0,0,0,8,,,30,,,,,,,,,,,,,,,18,,,,,B03,,,1,,1,,,18,18,1,22,,B03,120.666406,24.211667,3
2022,1,28,7,40,臺中市,太平區,0,2,0,8,1,5,30,4,1,1,5,4,5,7,3,1,5,5,5,2,15,6,2,9,1,1,C03,7,9,1,10,2,14,,6,6,1,21,8,C03,120.729958,24.109771,2
2022,1,28,7,40,臺中市,梧棲區,0,0,0,,,,50,,,,,,,,,,,,,,,25,,,,,B03,,,1,,2,,,25,25,1,21,,B03,120.529688,24.25661,3
2022,1,28,7,40,臺中市,大甲區,0,1,0,8,1,5,70,3,1,1,5,4,5,7,4,4,10,5,5,2,16,9,3,10,1,1,B03,7,6,1,8,2,2,,9,9,1,4,1,B03,120.64337,24.410108,2
2022,1,28,7,43,臺中市,神岡區,0,0,0,8,,,50,,,,,,,,,,,,,,,42,,,,,B03,,,1,,1,,,42,42,1,22,,B03,120.697978,24.248858,3
2022,1,28,7,45,臺中市,新社區,0,1,0,8,1,5,40,14,9,1,5,4,5,7,4,4,5,5,5,1,18,23,2,9,1,1,C01,7,9,1,9,2,11,,23,23,1,22,8,C01,120.873766,24.134398,2
2022,1,28,7,48,臺中市,大里區,0,1,0,7,1,5,50,14,9,1,5,4,5,7,1,1,5,5,5,1,17,25,2,9,1,1,C03,7,9,1,10,2,11,,25,25,1,22,8,C03,120.670201,24.107111,2