年,月,日,時,分,縣市,區,死,受傷,2-30,天候,光線,道路類別,速限,道路型態,事故位置,路面鋪裝,路面狀態,路面缺陷,障礙物,視距,號誌種類,號誌動作,分向設施,快車道或一般車道間,快慢車道間,路面邊線,事故類型及型態,主要肇因,受傷程度,主要傷處,保護裝備,行動電話,當事者區分,車輛用途,當事者行動狀態,駕駛資格情形,駕駛執照種類,飲酒情形,車輛撞擊部位最初,車輛撞擊部位其他,肇事因素個別,肇事因素主要,肇事逃逸,職業,旅次目的,車種,GPS緯度,GPS經度,事故類別
2022,1,28,21,43,臺中市,梧棲區,0,2,0,6,3,5,60,3,2,1,4,4,5,7,1,1,1,4,5,1,18,23,2,9,1,1,C03,7,9,2,18,2,12,,23,23,1,9,8,C03,120.53016,24.235977,2
2022,1,28,21,43,臺中市,豐原區,0,0,0,8,,,50,,,,,,,,,,,,,,,26,,,,,B03,,,1,,2,,,26,26,1,4,,B03,120.721563,24.252677,3
2022,1,28,21,55,臺中市,沙鹿區,0,0,0,6,,,40,,,,,,,,,,,,,,,23,,,,,C03,,,1,,2,,,23,23,1,22,,C03,120.581114,24.201675,3
2022,1,28,22,2,臺中市,北屯區,0,0,0,6,,,50,,,,,,,,,,,,,,,12,,,,,B03,,,1,,1,,,12,12,1,9,,B03,120.694861,24.166091,3
2022,1,28,22,5,臺中市,大雅區,0,0,0,8,,,30,,,,,,,,,,,,,,,12,,,,,B03,,,1,,2,,,12,12,1,22,,B03,120.646214,24.232122,3
2022,1,28,22,18,臺中市,豐原區,0,0,0,6,,,50,,,,,,,,,,,,,,,1,,,,,C03,,,1,,2,,,1,1,1,22,,C03,120.70761,24.246933,3
2022,1,28,22,22,臺中市,北屯區,0,1,0,6,3,5,50,14,9,1,4,4,5,7,4,4,10,5,5,2,17,19,3,10,1,1,B03,7,1,1,8,2,8,,19,19,1,22,8,B03,120.682936,24.169096,2
2022,1,28,22,28,臺中市,北屯區,0,2,0,6,3,5,50,4,1,1,4,4,5,7,2,1,10,5,5,2,16,19,2,9,1,1,C03,7,1,1,10,2,14,,19,19,1,22,8,C03,120.69029,24.175495,2
2022,1,28,22,31,臺中市,西屯區,0,1,0,6,3,5,40,14,8,1,4,4,5,7,4,4,1,4,4,2,13,23,2,9,3,4,C03,7,9,1,10,2,11,,23,23,1,22,8,C03,120.61352,24.186985,2
2022,1,28,22,31,臺中市,龍井區,0,1,0,6,3,5,30,3,1,1,4,4,5,7,4,4,10,5,5,2,17,6,3,10,3,4,C03,7,5,1,10,2,14,,6,6,1,22,9,C03,120.589021,24.180697,2
2022,1,28,22,38,臺中市,大雅區,0,1,0,6,3,5,50,4,1,1,4,4,5,7,1,1,9,4,4,1,17,23,2,9,1,1,C03,7,9,1,10,2,11,,23,23,1,22,9,C03,120.634726,24.236486,2
2022,1,28,22,40,臺中市,西區,0,2,0,6,3,5,50,3,1,1,4,4,5,7,4,4,10,5,5,2,16,6,3,10,1,1,B03,7,5,1,8,2,1,,6,6,1,20,8,B03,120.659799,24.161223,2
2022,1,28,22,40,臺中市,大里區,0,1,0,8,1,5,25,14,7,1,5,4,5,7,1,1,5,4,4,1,17,23,2,7,3,4,C03,7,12,1,10,2,12,,23,23,1,22,8,C03,120.69695,24.111199,2
2022,1,28,22,40,臺中市,神岡區,0,0,0,8,,,50,,,,,,,,,,,,,,,42,,,,,B03,,,1,,2,,,42,42,1,12,,B03,120.672638,24.254888,3
2022,1,28,22,48,臺中市,豐原區,0,1,0,6,3,5,50,14,8,1,4,4,5,7,4,4,1,4,5,2,16,7,3,10,1,1,B03,7,8,1,8,2,2,,7,7,1,21,8,B03,120.708445,24.250171,2
2022,1,28,22,55,臺中市,霧峰區,0,1,0,6,3,5,40,14,9,1,4,4,5,7,4,4,9,4,5,1,18,42,2,9,1,1,C03,7,9,1,10,2,14,,42,42,1,18,8,C03,120.680503,24.065016,2
2022,1,28,22,58,臺中市,大里區,0,1,0,6,3,5,50,4,2,1,4,4,5,7,1,1,10,5,5,1,16,23,3,10,1,1,B03,7,5,1,8,2,8,,23,23,1,5,8,B03,120.696623,24.110936,2
2022,1,28,23,0,臺中市,梧棲區,0,0,0,7,3,5,50,14,2,1,4,4,5,7,1,1,1,2,4,1,13,23,3,10,1,1,B03,7,9,1,8,6,1,,23,23,1,9,8,B03,120.533426,24.260301,3
2022,1,28,23,4,臺中市,中區,0,0,0,6,,,40,,,,,,,,,,,,,,,19,,,,,B12,,,1,,1,,,19,19,1,2,,B12,120.677029,24.145374,3
2022,1,28,23,32,臺中市,大雅區,0,1,0,6,3,5,50,4,2,1,4,4,5,7,1,1,9,4,4,1,18,23,2,9,1,1,C03,7,9,1,10,2,13,,23,23,1,22,9,C03,120.614181,24.236038,2
2022,1,28,23,49,臺中市,北屯區,0,1,0,6,3,5,50,4,1,1,4,4,5,7,3,1,10,5,5,2,18,43,2,9,1,1,C03,7,9,1,10,2,12,,43,43,1,5,8,C03,120.703838,24.180385,2
2022,1,29,0,15,臺中市,大里區,0,0,0,6,,,80,,,,,,,,,,,,,,,44,,,,,B03,,,1,,2,,,44,44,1,2,,B03,120.686727,24.073898,3
2022,1,29,0,19,臺中市,北區,0,0,0,,,,50,,,,,,,,,,,,,,,16,,,,,B03,,,1,,2,,,16,16,1,22,,B03,120.671564,24.172282,3
2022,1,29,2,5,臺中市,大里區,0,1,0,6,3,5,50,3,1,1,4,4,5,7,3,1,10,5,5,2,17,38,3,10,1,1,B12,7,13,3,18,2,7,,38,38,1,9,7,B12,120.700406,24.0889,2
2022,1,29,4,39,臺中市,烏日區,0,3,0,6,3,5,70,4,2,1,4,4,5,7,2,1,1,4,5,1,13,23,2,1,1,1,B03,7,9,1,8,2,1,,23,23,1,22,8,B03,120.589819,24.113486,2
2022,1,29,4,42,臺中市,烏日區,0,0,0,,,,40,,,,,,,,,,,,,,,13,,,,,B03,,,1,,2,,,13,13,1,22,,B03,120.646171,24.110859,3
2022,1,29,4,56,臺中市,北屯區,0,1,0,6,3,5,50,4,1,1,4,4,5,7,1,1,5,5,5,2,13,23,2,9,1,1,C03,7,9,1,10,2,11,,23,23,1,22,8,C03,120.690479,24.174007,2
2022,1,29,5,24,臺中市,西區,0,0,0,6,,,50,,,,,,,,,,,,,,,23,,,,,B03,,,1,,9,,,23,23,1,9,,B03,120.664257,24.138321,3
2022,1,29,6,5,臺中市,南區,0,0,0,6,3,5,50,14,9,1,4,4,5,7,4,4,1,4,5,2,12,23,3,10,1,1,B03,7,9,1,8,2,2,,23,23,1,22,8,B03,120.655376,24.129719,3
2022,1,29,6,25,臺中市,北屯區,0,2,0,6,2,5,40,3,1,1,4,4,5,7,4,4,10,5,5,2,13,16,2,9,1,1,C03,7,9,1,10,2,11,14,16,16,1,5,8,C03,120.698393,24.16501,2
2022,1,29,6,34,臺中市,豐原區,0,0,0,6,,,30,,,,,,,,,,,,,,,17,,,,,B03,,,1,,2,,,17,17,1,22,,B03,120.747956,24.253403,3
2022,1,29,6,38,臺中市,豐原區,0,1,0,6,1,5,50,14,9,1,4,4,5,7,4,4,3,5,5,2,16,7,3,10,3,4,B03,7,8,1,8,2,8,,7,7,1,22,8,B03,120.702926,24.249531,2
2022,1,29,6,46,臺中市,清水區,0,1,0,6,2,5,30,14,9,1,4,4,5,7,4,4,10,5,5,2,3,53,2,9,4,5,H01,8,16,8,20,10,16,,53,53,1,20,5,H01,120.606713,24.309417,2
2022,1,29,6,47,臺中市,龍井區,0,0,0,8,,,50,,,,,,,,,,,,,,,44,,,,,A04,,,1,,2,,,44,44,1,22,,A04,120.593824,24.190808,3
2022,1,29,6,55,臺中市,大里區,0,0,0,6,,,50,,,,,,,,,,,,,,,12,,,,,B12,,,1,,2,,,12,12,1,5,,B12,120.668526,24.107448,3
2022,1,29,7,17,臺中市,豐原區,0,3,0,6,1,5,50,4,1,1,4,4,5,7,1,1,10,5,5,2,17,25,2,9,1,1,B02,7,9,3,18,3,1,,25,25,1,22,8,B02,120.716413,24.260563,2
2022,1,29,7,23,臺中市,大雅區,0,1,0,6,1,5,50,14,9,1,5,4,5,7,4,4,5,4,5,1,17,43,2,9,1,1,C03,7,9,1,10,2,12,,43,43,1,22,9,C03,120.63537,24.215285,2
2022,1,29,7,27,臺中市,沙鹿區,0,1,0,6,1,5,40,4,2,1,4,4,5,7,2,1,1,4,4,2,17,4,2,9,1,1,C03,7,9,1,10,2,11,,4,4,1,19,8,C03,120.559855,24.237991,2
2022,1,29,7,28,臺中市,北屯區,0,0,0,6,,,50,,,,,,,,,,,,,,,6,,,,,B03,,,1,,2,,,6,6,1,2,,B03,120.6805,24.1806,3
2022,1,29,7,49,臺中市,南屯區,0,0,0,,,,50,,,,,,,,,,,,,,,12,,,,,B03,,,1,,2,,,12,12,1,22,,B03,120.631431,24.139089,3
2022,1,29,7,50,臺中市,大甲區,0,1,0,6,1,5,70,14,8,1,4,4,5,7,1,1,1,4,4,1,18,43,2,1,1,1,C03,7,9,1,10,2,14,,43,43,1,4,7,C03,120.647663,24.375786,2
2022,1,29,7,50,臺中市,豐原區,0,1,0,6,1,5,30,4,2,1,4,4,5,7,4,4,10,5,5,1,11,17,3,10,1,1,C03,7,9,3,18,2,11,14,17,17,1,19,7,C03,120.747296,24.261864,2
2022,1,29,7,53,臺中市,清水區,0,1,0,6,1,5,50,14,9,1,4,4,5,7,4,4,5,5,5,1,10,21,2,9,1,1,C03,7,9,6,10,8,11,,21,21,1,4,1,C03,120.574243,24.279025,2
2022,1,29,8,0,臺中市,北屯區,0,0,0,6,,,50,,,,,,,,,,,,,,,26,,,,,C03,,,1,,2,,,26,26,1,22,,C03,120.698006,24.172915,3
2022,1,29,8,9,臺中市,大里區,0,1,0,6,1,5,50,3,1,1,4,4,5,7,4,4,4,5,4,1,12,6,3,10,1,1,B03,7,6,1,8,2,2,,6,6,1,19,9,B03,120.694548,24.110501,2
2022,1,29,8,15,臺中市,梧棲區,0,0,0,8,1,5,60,14,9,1,5,4,5,7,4,4,1,4,5,1,13,23,3,10,1,1,B03,7,9,1,8,5,1,,23,23,1,12,8,B03,120.539121,24.256453,3
2022,1,29,8,30,臺中市,大里區,0,2,0,6,1,5,30,4,1,1,4,4,5,7,4,4,10,5,5,2,16,6,2,8,3,4,C03,7,5,1,10,2,11,,6,6,1,22,8,C03,120.6993,24.08763,2
2022,1,29,8,55,臺中市,西屯區,0,1,0,6,1,5,40,4,2,1,4,4,5,7,1,1,5,4,4,2,13,1,3,10,1,1,C03,7,9,7,19,2,11,,1,1,1,22,8,C03,120.629317,24.183686,2
2022,1,29,8,56,臺中市,梧棲區,0,1,0,7,1,5,60,4,1,1,4,4,5,7,4,4,10,5,5,2,16,26,3,10,1,1,A31,7,6,1,1,2,5,,26,26,1,10,8,A31,120.534613,24.250265,2
2022,1,29,9,0,臺中市,南屯區,0,0,0,8,,,30,,,,,,,,,,,,,,,17,,,,,B03,,,1,,1,,,17,17,1,22,,B03,120.63722,24.139284,3
2022,1,29,9,3,臺中市,北屯區,0,0,0,6,,,50,,,,,,,,,,,,,,,23,,,,,C03,,,1,,1,,,23,23,1,21,,C03,120.721776,24.176001,3
2022,1,29,9,15,臺中市,太平區,0,1,0,6,1,5,50,14,9,1,4,4,5,7,4,4,9,4,5,2,29,23,2,9,1,1,B03,7,9,1,8,2,5,,23,23,1,21,8,B03,120.725372,24.122019,2
2022,1,29,9,19,臺中市,大甲區,0,2,0,7,1,5,30,14,9,1,4,4,5,7,4,4,10,5,5,2,13,1,2,8,1,1,C03,7,4,1,10,2,14,11,1,1,1,4,1,C03,120.614018,24.361985,2
2022,1,29,9,24,臺中市,北區,0,0,0,8,,,50,,,,,,,,,,,,,,,19,,,,,B03,,,1,,2,,,19,19,1,22,,B03,120.673668,24.151566,3
2022,1,29,9,26,臺中市,北屯區,0,0,0,6,1,5,50,14,9,1,4,4,5,7,4,4,4,3,5,2,16,23,3,10,1,1,B03,7,9,1,8,1,6,,23,23,1,21,8,B03,120.7173,24.167178,3
2022,1,29,9,27,臺中市,豐原區,0,3,0,7,1,5,50,3,1,1,4,4,5,7,4,4,10,5,5,2,13,17,2,8,1,1,C03,7,6,2,18,2,14,,17,17,1,16,8,C03,120.734567,24.237004,2
2022,1,29,9,30,臺中市,太平區,0,0,0,6,,,50,,,,,,,,,,,,,,,23,,,,,C03,,,1,,2,,,23,23,1,21,,C03,120.728702,24.134704,3
2022,1,29,9,31,臺中市,北區,0,0,0,6,,,40,,,,,,,,,,,,,,,23,,,,,B03,,,1,,2,,,23,23,1,21,,B03,120.687711,24.159168,3
2022,1,29,9,36,臺中市,沙鹿區,0,1,0,7,1,5,50,4,1,1,4,4,5,7,4,4,10,5,5,2,16,6,2,7,1,1,C03,7,5,1,10,2,11,,6,6,1,21,8,C03,120.562324,24.239866,2
2022,1,29,9,40,臺中市,豐原區,0,2,0,7,1,5,50,4,1,1,5,4,5,7,1,1,10,5,5,2,17,23,2,9,3,4,C03,7,9,1,10,2,11,,23,23,1,22,8,C03,120.721276,24.25798,2
2022,1,29,9,47,臺中市,西區,0,0,0,8,,,50,,,,,,,,,,,,,,,12,,,,,B03,,,1,,1,,,12,12,1,21,,B03,120.657949,24.146709,3
2022,1,29,9,50,臺中市,大安區,0,1,0,8,1,5,50,11,13,1,5,4,5,7,4,4,5,5,5,1,17,40,3,10,1,1,B03,7,13,1,8,2,4,,40,40,1,4,1,B03,120.590295,24.345913,2
2022,1,29,9,56,臺中市,大肚區,0,0,0,8,,,30,,,,,,,,,,,,,,,12,,,,,B03,,,1,,2,,,12,12,1,22,,B03,120.573748,24.161161,3
2022,1,29,10,0,臺中市,北屯區,0,0,0,8,,,50,,,,,,,,,,,,,,,16,,,,,B03,,,1,,1,,,16,16,1,5,,B03,120.7206,24.1671,3
2022,1,29,10,4,臺中市,潭子區,0,0,0,8,,,30,,,,,,,,,,,,,,,23,,,,,B03,,,1,,2,,,23,23,1,22,,B03,120.713175,24.230077,3
2022,1,29,10,4,臺中市,中區,0,1,0,7,1,5,50,14,9,1,5,4,5,7,4,4,5,4,5,2,18,42,2,9,3,4,C03,7,9,1,10,2,12,,42,42,1,22,5,C03,120.681704,24.140268,2
2022,1,29,10,4,臺中市,南屯區,0,0,0,8,,,50,,,,,,,,,,,,,,,17,,,,,B03,,,1,,1,,,17,17,1,22,,B03,120.632479,24.152016,3
2022,1,29,10,5,臺中市,霧峰區,0,2,0,7,1,5,40,5,2,1,4,4,5,7,1,1,5,5,5,1,12,17,3,10,3,4,B02,7,1,1,8,2,2,,17,17,1,22,8,B02,120.694121,24.066042,2
2022,1,29,10,7,臺中市,西區,0,0,0,8,,,50,,,,,,,,,,,,,,,6,,,,,C03,,,1,,1,,,6,6,1,22,,C03,120.658456,24.152541,3
2022,1,29,10,8,臺中市,霧峰區,0,0,0,8,,,50,,,,,,,,,,,,,,,23,,,,,A12,,,1,,2,,,23,23,1,22,,A12,120.696038,24.053735,3
2022,1,29,10,13,臺中市,梧棲區,0,1,0,8,1,5,30,4,1,1,5,4,5,7,4,4,10,5,5,1,16,6,2,9,1,1,C03,7,5,1,10,2,11,,6,6,1,20,8,C03,120.527983,24.252121,2
2022,1,29,10,17,臺中市,大甲區,0,1,0,7,1,5,70,3,1,1,5,4,5,7,1,1,10,5,5,2,16,26,3,10,1,1,B03,7,6,1,8,2,2,,26,26,1,4,7,B03,120.651998,24.383521,2
2022,1,29,10,20,臺中市,烏日區,0,1,0,8,1,5,40,14,9,1,5,4,5,7,4,4,5,4,4,2,17,23,3,10,1,1,B03,7,9,1,7,2,2,,23,23,1,21,8,B03,120.638337,24.107044,2
2022,1,29,10,20,臺中市,豐原區,0,0,0,8,,,30,,,,,,,,,,,,,,,67,,,,,,,,,,,,,67,67,1,,,,120.730986,24.256026,3
2022,1,29,10,20,臺中市,豐原區,0,2,0,7,1,5,50,14,7,1,4,4,5,7,4,4,5,5,4,1,16,42,2,8,1,1,C03,7,5,1,10,2,11,12,42,42,1,21,7,C03,120.708478,24.245967,2
2022,1,29,10,30,臺中市,后里區,0,2,0,7,1,5,50,4,1,1,4,4,5,7,3,1,10,5,5,2,15,6,2,9,1,1,C03,7,9,1,10,2,11,,6,6,1,22,8,C03,120.710262,24.316595,2
2022,1,29,10,30,臺中市,豐原區,0,1,0,8,1,5,50,4,1,1,5,4,5,7,1,1,10,5,5,2,16,9,3,10,1,1,B03,7,6,1,6,3,2,,9,9,1,21,8,B03,120.729933,24.255126,2
2022,1,29,10,31,臺中市,大雅區,0,0,0,8,,,50,,,,,,,,,,,,,,,23,,,,,B03,,,1,,2,,,23,23,1,22,,B03,120.656598,24.226077,3
2022,1,29,10,43,臺中市,北區,0,2,0,8,1,5,40,4,1,1,5,4,5,7,1,1,10,5,5,2,11,6,2,9,3,4,C03,7,5,1,10,2,11,,6,6,1,5,8,C03,120.682364,24.16033,2
2022,1,29,10,46,臺中市,東區,0,1,0,7,1,5,50,4,1,1,4,4,5,7,1,1,10,5,5,2,18,13,2,9,1,1,C03,7,9,1,10,2,14,,13,13,1,21,8,C03,120.701575,24.140069,2
2022,1,29,10,47,臺中市,烏日區,0,1,0,8,1,5,40,3,2,1,5,4,5,7,2,1,5,4,4,1,13,23,2,9,1,1,C03,7,9,1,10,2,11,14,23,23,1,19,8,C03,120.627679,24.105784,2
2022,1,29,10,50,臺中市,大雅區,0,0,0,8,,,30,,,,,,,,,,,,,,,23,,,,,B12,,,1,,2,,,23,23,1,21,,B12,120.661787,24.237939,3
2022,1,29,10,51,臺中市,大肚區,0,0,0,8,,,30,,,,,,,,,,,,,,,12,,,,,B03,,,1,,2,,,12,12,1,22,,B03,120.578755,24.174451,3
2022,1,29,10,58,臺中市,龍井區,0,0,0,8,,,50,,,,,,,,,,,,,,,17,,,,,C03,,,1,,2,,,17,17,2,22,,C03,120.584028,24.181807,3
2022,1,29,10,58,臺中市,烏日區,0,0,0,,,,30,,,,,,,,,,,,,,,38,,,,,B03,,,1,,10,,,38,38,1,22,,B03,120.634338,24.108678,3
2022,1,29,11,12,臺中市,北屯區,0,0,0,8,,,50,,,,,,,,,,,,,,,26,,,,,C03,,,3,,1,,,26,26,1,21,,C03,120.692343,24.165873,3
2022,1,29,11,13,臺中市,北區,0,1,0,8,1,5,50,3,1,1,5,4,5,7,4,4,10,5,5,2,17,6,3,10,1,1,C03,7,6,1,10,2,15,,6,6,1,22,8,C03,120.669142,24.165604,2
2022,1,29,11,14,臺中市,北區,0,1,0,6,1,5,50,3,1,1,4,4,5,7,4,4,5,4,5,2,16,26,2,9,1,1,C03,7,5,1,10,2,12,,26,26,1,21,8,C03,120.688618,24.15271,2
2022,1,29,11,15,臺中市,豐原區,0,0,0,8,,,50,,,,,,,,,,,,,,,42,,,,,A12,,,1,,2,,,42,42,1,10,,A12,120.70312,24.23861,3
2022,1,29,11,30,臺中市,南區,0,0,0,6,,,50,,,,,,,,,,,,,,,17,,,,,B03,,,1,,2,,,17,17,1,22,,B03,120.670017,24.114829,3
2022,1,29,11,31,臺中市,潭子區,0,0,0,8,1,5,30,11,9,1,5,4,5,7,4,4,10,5,5,2,14,12,,,,,B03,,,1,,2,,,12,12,1,22,,B03,120.703601,24.196302,3
2022,1,29,11,33,臺中市,豐原區,0,0,0,8,,,60,,,,,,,,,,,,,,,26,,,,,B03,,,1,,2,,,26,26,1,22,,B03,120.734957,24.246604,3
2022,1,29,11,45,臺中市,北屯區,0,0,0,6,1,5,30,13,9,1,4,4,5,7,4,4,10,5,5,2,16,42,3,10,1,1,B03,7,9,1,8,2,5,,42,42,1,21,8,B03,120.699598,24.172076,3
2022,1,29,11,47,臺中市,梧棲區,0,0,0,8,,,50,,,,,,,,,,,,,,,17,,,,,B03,,,1,,2,,,17,17,1,11,,B03,120.544839,24.259861,3
2022,1,29,11,48,臺中市,沙鹿區,0,0,0,8,,,50,,,,,,,,,,,,,,,42,,,,,C03,,,1,,2,,,42,42,1,9,,C03,120.559327,24.236398,3
2022,1,29,11,50,臺中市,大里區,0,0,0,8,,,50,,,,,,,,,,,,,,,26,,,,,C03,,,1,,2,,,26,26,1,22,,C03,120.693751,24.093771,3
2022,1,29,11,50,臺中市,烏日區,0,1,0,7,1,5,50,4,1,1,5,4,5,7,2,1,5,4,5,1,15,25,2,9,1,1,C03,7,9,1,10,2,11,,25,25,1,21,8,C03,120.59373,24.108981,2
2022,1,29,11,50,臺中市,后里區,0,0,0,8,1,5,30,13,9,1,5,4,3,7,4,4,10,5,5,2,11,17,,,,,B11,,,1,,1,,,17,17,1,4,,B11,120.732021,24.308802,3
2022,1,29,11,58,臺中市,太平區,0,1,0,6,1,5,50,3,2,1,4,4,5,7,4,4,5,4,5,1,17,43,2,9,1,1,C03,7,9,1,10,2,12,,44,43,1,21,8,C03,120.713298,24.159886,2
2022,1,29,11,59,臺中市,西區,0,0,0,,,,50,,,,,,,,,,,,,,,19,,,,,B03,,,1,,1,,,19,19,1,21,,B03,120.670482,24.137601,3
2022,1,29,12,0,臺中市,南區,0,0,0,6,,,50,,,,,,,,,,,,,,,23,,,,,B03,,,1,,2,,,23,23,1,22,,B03,120.679139,24.126431,3
2022,1,29,12,1,臺中市,西區,0,1,0,8,1,5,50,4,2,1,5,4,5,7,4,4,5,5,5,2,3,51,2,8,1,1,H01,8,16,8,20,10,16,,51,51,1,21,8,H01,120.65878,24.147868,2
2022,1,29,12,3,臺中市,神岡區,0,0,0,8,,,50,,,,,,,,,,,,,,,18,,,,,B03,,,1,,2,,,18,18,1,22,,B03,120.686767,24.246907,3
2022,1,29,12,12,臺中市,西區,0,1,0,6,1,5,50,3,1,1,4,4,5,7,4,4,10,5,5,2,17,6,2,9,3,4,C03,7,5,1,10,2,12,,6,6,1,22,5,C03,120.681757,24.136314,2
2022,1,29,12,20,臺中市,太平區,0,0,0,8,,,50,,,,,,,,,,,,,,,23,,,,,B03,,,1,,1,,,23,23,1,21,,B03,120.7203,24.152522,3
2022,1,29,12,21,臺中市,西區,0,0,0,8,,,50,,,,,,,,,,,,,,,26,,,,,C03,,,1,,1,,,26,26,1,22,,C03,120.662224,24.158471,3
2022,1,29,12,21,臺中市,東區,0,2,0,7,1,5,40,14,9,1,4,4,5,7,4,4,9,5,5,2,16,23,2,9,1,1,C03,7,9,1,10,2,11,,23,23,1,22,8,C03,120.687124,24.144448,2
2022,1,29,12,21,臺中市,沙鹿區,0,1,0,8,1,5,50,4,2,1,5,4,5,7,4,4,9,5,4,2,12,42,3,10,1,1,B03,7,6,1,8,2,5,,42,42,1,4,8,B03,120.572761,24.219537,2
2022,1,29,12,23,臺中市,梧棲區,0,0,0,8,,,50,,,,,,,,,,,,,,,17,,,,,B12,,,1,,2,,,17,17,1,11,,B12,120.534237,24.259531,3
2022,1,29,12,25,臺中市,西區,0,0,0,,,,50,,,,,,,,,,,,,,,16,,,,,B03,,,1,,1,,,16,16,1,21,,B03,120.654627,24.150659,3
2022,1,29,12,25,臺中市,北區,0,0,0,,,,40,,,,,,,,,,,,,,,23,,,,,B03,,,1,,2,,,23,23,1,5,,B03,120.689291,24.161564,3
2022,1,29,12,25,臺中市,北區,0,1,0,7,1,5,50,3,1,1,5,4,5,7,4,4,1,4,5,2,17,6,3,10,1,1,B03,7,6,1,8,2,8,,6,6,1,22,8,B03,120.694264,24.159273,2
2022,1,29,12,27,臺中市,北屯區,0,0,0,8,,,50,,,,,,,,,,,,,,,6,,,,,B03,,,1,,2,,,6,6,1,21,,B03,120.69233,24.165848,3
2022,1,29,12,30,臺中市,霧峰區,0,0,0,6,,,50,,,,,,,,,,,,,,,6,,,,,C03,,,3,,6,,,6,6,1,22,,C03,120.696824,24.061779,3
2022,1,29,12,30,臺中市,神岡區,0,0,0,8,,,50,,,,,,,,,,,,,,,17,,,,,B03,,,1,,2,,,17,17,1,22,,B03,120.712318,24.258276,3
2022,1,29,12,38,臺中市,豐原區,0,0,0,8,,,50,,,,,,,,,,,,,,,23,,,,,B03,,,1,,2,,,23,23,1,21,,B03,120.721969,24.23902,4
2022,1,29,12,42,臺中市,清水區,0,0,0,8,1,5,50,14,9,1,5,4,5,7,4,4,5,5,5,2,12,17,3,10,1,1,B03,7,9,1,8,2,2,,17,17,1,5,1,B03,120.576219,24.26919,3
2022,1,29,12,46,臺中市,東區,0,1,0,8,1,5,30,3,1,1,5,4,5,7,4,4,10,5,5,2,18,43,2,9,1,1,C03,7,9,1,10,2,12,,43,43,1,5,1,C03,120.703965,24.146103,2
2022,1,29,12,50,臺中市,西區,0,0,0,8,,,50,,,,,,,,,,,,,,,19,,,,,B03,,,1,,1,,,19,19,1,21,,B03,120.651981,24.145482,3
2022,1,29,12,59,臺中市,北屯區,0,1,0,8,1,5,50,14,7,1,5,4,5,7,4,4,5,5,4,2,12,1,3,10,1,1,A11,7,9,1,2,2,2,,1,1,1,10,8,A11,120.7225,24.1764,2
2022,1,29,13,0,臺中市,西區,0,1,0,8,1,5,50,4,1,1,5,4,5,7,1,1,10,5,5,2,16,6,3,10,1,1,B03,7,6,1,8,2,2,,6,6,1,4,5,B03,120.657249,24.149843,2
2022,1,29,13,1,臺中市,太平區,0,0,0,8,,,50,,,,,,,,,,,,,,,23,,,,,C03,,,7,,11,,,23,23,1,21,,C03,120.712732,24.144516,3
2022,1,29,13,3,臺中市,西屯區,0,0,0,8,,,30,,,,,,,,,,,,,,,43,,,,,B02,,,1,,11,,,43,43,1,22,,B02,120.615649,24.185886,3
2022,1,29,13,5,臺中市,中區,0,1,0,7,1,5,50,4,1,1,5,4,5,7,4,4,10,5,5,2,11,10,3,10,1,1,B03,7,11,1,8,2,5,,10,10,1,22,9,B03,120.679277,24.146501,2
2022,1,29,13,5,臺中市,西區,0,0,0,8,,,40,,,,,,,,,,,,,,,12,,,,,C03,,,1,,1,,,12,12,1,22,,C03,120.654244,24.151759,3
2022,1,29,13,5,臺中市,太平區,0,0,0,8,,,50,,,,,,,,,,,,,,,12,,,,,B03,,,1,,2,,,12,12,1,21,,B03,120.716528,24.1371,3
2022,1,29,13,25,臺中市,清水區,0,0,0,8,1,5,50,14,9,1,5,4,5,7,4,4,5,5,5,2,12,19,3,10,1,1,B03,7,1,1,8,2,2,,19,19,1,5,5,B03,120.573131,24.265946,3
2022,1,29,13,32,臺中市,太平區,0,4,0,8,1,5,50,4,1,1,5,4,5,7,1,1,10,5,5,2,15,25,2,9,1,1,C03,7,9,1,10,2,11,,25,25,1,19,5,C03,120.725932,24.133882,2
2022,1,29,13,35,臺中市,神岡區,0,1,0,8,1,5,50,14,9,1,5,4,5,7,4,4,1,4,5,2,17,7,3,10,1,1,B03,7,8,1,8,2,2,,7,7,1,12,8,B03,120.695327,24.233163,2
2022,1,29,13,36,臺中市,潭子區,0,1,0,7,1,5,50,4,1,1,5,4,5,7,2,1,3,4,5,1,16,25,2,9,1,1,C03,7,9,3,18,3,11,,25,25,1,22,9,C03,120.719792,24.228775,2
2022,1,29,13,40,臺中市,西區,0,0,0,8,,,50,,,,,,,,,,,,,,,7,,,,,B03,,,1,,1,,,7,7,1,4,,B03,120.67304,24.147181,3
2022,1,29,13,48,臺中市,豐原區,0,3,0,8,1,5,50,5,1,1,5,4,5,7,1,1,10,5,5,2,16,26,2,9,1,1,C03,7,5,1,10,2,15,,26,26,1,22,8,C03,120.706085,24.242641,2