年,月,日,時,分,縣市,區,死,受傷,2-30,天候,光線,道路類別,速限,道路型態,事故位置,路面鋪裝,路面狀態,路面缺陷,障礙物,視距,號誌種類,號誌動作,分向設施,快車道或一般車道間,快慢車道間,路面邊線,事故類型及型態,主要肇因,受傷程度,主要傷處,保護裝備,行動電話,當事者區分,車輛用途,當事者行動狀態,駕駛資格情形,駕駛執照種類,飲酒情形,車輛撞擊部位最初,車輛撞擊部位其他,肇事因素個別,肇事因素主要,肇事逃逸,職業,旅次目的,車種,GPS緯度,GPS經度,事故類別
2022,1,29,13,55,臺中市,北區,0,0,0,8,,,50,,,,,,,,,,,,,,,23,,,,,B02,,,1,,2,,,23,23,1,21,,B02,120.68322,24.147366,3
2022,1,29,13,55,臺中市,太平區,0,1,0,6,1,5,50,4,2,1,4,4,5,7,1,1,10,5,5,2,16,23,3,10,1,1,B03,7,5,3,18,2,8,,23,23,1,21,8,B03,120.723462,24.157208,2
2022,1,29,13,57,臺中市,北屯區,0,0,0,8,,,30,,,,,,,,,,,,,,,6,,,,,B03,,,1,,2,,,6,6,1,21,,B03,120.692368,24.18421,3
2022,1,29,14,0,臺中市,西區,0,2,0,8,1,5,50,5,1,1,5,4,5,7,1,1,10,5,5,2,12,9,3,10,1,1,B03,7,6,1,8,2,2,,9,9,1,22,9,B03,120.668527,24.132092,2
2022,1,29,14,3,臺中市,龍井區,0,1,0,7,1,5,50,14,8,1,5,4,5,7,4,4,1,4,4,2,17,16,2,9,1,1,C03,7,9,4,8,2,11,,16,16,1,1,8,C03,120.546125,24.193111,2
2022,1,29,14,4,臺中市,南屯區,0,1,0,8,1,5,50,3,1,1,5,4,5,7,2,1,10,5,5,2,16,6,2,7,3,4,C03,7,6,1,10,2,12,,6,6,1,22,8,C03,120.645077,24.129514,2
2022,1,29,14,10,臺中市,大肚區,0,0,0,,,,50,,,,,,,,,,,,,,,12,,,,,B03,,,1,,2,,,12,12,1,21,,B03,120.544938,24.156341,3
2022,1,29,14,13,臺中市,北屯區,0,0,0,8,,,50,,,,,,,,,,,,,,,16,,,,,B03,,,1,,2,,,16,16,1,18,,B03,120.6953,24.1668,3
2022,1,29,14,23,臺中市,沙鹿區,0,2,0,8,1,5,50,4,1,1,5,4,5,7,2,1,10,5,5,2,17,7,2,8,1,1,C03,7,7,3,18,5,13,,7,7,1,11,7,C03,120.56868,24.22478,2
2022,1,29,14,25,臺中市,神岡區,0,1,0,8,1,5,50,4,2,1,5,4,5,7,1,1,5,4,4,2,17,10,3,10,1,1,B03,7,11,1,8,2,5,,10,10,1,12,8,B03,120.709177,24.259478,2
2022,1,29,14,30,臺中市,太平區,0,0,0,8,,,30,,,,,,,,,,,,,,,17,,,,,B03,,,1,,2,,,17,17,1,21,,B03,120.727827,24.129002,3
2022,1,29,14,36,臺中市,大甲區,0,1,0,7,1,5,50,4,1,1,5,4,5,7,3,1,10,5,5,1,15,6,2,9,1,1,C03,7,9,1,10,2,12,,6,6,1,22,8,C03,120.625827,24.34982,2
2022,1,29,14,37,臺中市,豐原區,0,0,0,8,,,50,,,,,,,,,,,,,,,6,,,,,C03,,,1,,2,,,6,6,1,21,,C03,120.70908,24.251152,3
2022,1,29,14,38,臺中市,南屯區,0,0,0,8,,,30,,,,,,,,,,,,,,,17,,,,,B03,,,1,,1,,,17,17,2,22,,B03,120.638733,24.137861,3
2022,1,29,14,41,臺中市,大甲區,0,2,0,7,1,5,50,4,1,1,5,4,5,7,4,4,10,5,5,1,12,8,3,10,1,1,B03,7,5,1,8,2,8,,8,8,1,22,8,B03,120.615771,24.347544,2
2022,1,29,14,43,臺中市,太平區,0,0,0,8,,,30,,,,,,,,,,,,,,,12,,,,,B03,,,1,,2,,,12,12,1,4,,B03,120.726166,24.125001,3
2022,1,29,14,43,臺中市,沙鹿區,0,0,0,8,,,60,,,,,,,,,,,,,,,7,,,,,B03,,,1,,2,,,7,7,1,21,,B03,120.597591,24.249998,3
2022,1,29,14,54,臺中市,龍井區,0,1,0,7,1,5,30,3,1,1,5,4,5,7,4,4,10,5,5,2,11,23,2,9,1,1,C03,7,9,3,18,2,11,,23,23,1,5,8,C03,120.547313,24.203873,2
2022,1,29,14,58,臺中市,東區,0,0,0,8,,,50,,,,,,,,,,,,,,,23,,,,,B03,,,1,,2,,,23,23,1,22,,B03,120.709335,24.145252,3
2022,1,29,15,0,臺中市,沙鹿區,0,1,0,8,1,5,40,5,1,1,5,4,5,7,2,1,10,5,5,2,16,2,2,8,1,1,C03,7,9,1,10,2,13,,2,2,1,3,5,C03,120.569509,24.237324,2
2022,1,29,15,1,臺中市,南區,0,0,0,8,,,50,,,,,,,,,,,,,,,12,,,,,B03,,,1,,2,,,12,12,1,5,,B03,120.649355,24.115256,3
2022,1,29,15,7,臺中市,太平區,0,2,0,6,1,5,30,11,9,1,4,4,5,7,4,4,10,5,5,2,11,5,3,10,1,1,B03,7,9,1,8,2,8,,5,5,1,21,8,B03,120.723735,24.137869,2
2022,1,29,15,13,臺中市,神岡區,0,1,0,8,1,5,50,5,1,1,5,4,5,7,1,1,10,5,5,2,17,23,3,10,3,4,B03,7,9,1,8,2,1,,23,23,1,22,9,B03,120.66339,24.258543,2
2022,1,29,15,16,臺中市,大里區,0,0,0,8,,,50,,,,,,,,,,,,,,,17,,,,,C03,,,1,,2,,,17,17,1,5,,C03,120.68947,24.11498,3
2022,1,29,15,25,臺中市,豐原區,0,2,0,7,1,5,50,14,9,1,5,4,5,7,4,4,4,5,5,1,17,26,2,9,3,4,C03,7,1,1,10,2,13,,26,26,1,22,8,C03,120.702543,24.25135,2
2022,1,29,15,30,臺中市,潭子區,0,0,0,8,,,50,,,,,,,,,,,,,,,6,,,,,B03,,,1,,2,,,6,6,1,22,,B03,120.702566,24.215886,3
2022,1,29,15,32,臺中市,太平區,0,0,0,,,,50,,,,,,,,,,,,,,,23,,,,,B03,,,1,,1,,,23,23,1,4,,B03,120.701406,24.148008,3
2022,1,29,15,34,臺中市,梧棲區,0,1,0,8,1,5,30,4,1,1,5,4,5,7,4,4,10,5,5,2,15,6,2,9,1,1,C03,7,9,1,10,2,12,,6,6,1,19,8,C03,120.538818,24.231076,2
2022,1,29,15,37,臺中市,后里區,0,0,0,8,,,50,,,,,,,,,,,,,,,19,,,,,B03,,,1,,2,,,19,19,1,22,,B03,120.707193,24.309213,3
2022,1,29,15,41,臺中市,龍井區,0,0,0,8,,,30,,,,,,,,,,,,,,,6,,,,,B03,,,1,,2,,,6,6,1,22,,B03,120.572123,24.179325,3
2022,1,29,15,42,臺中市,新社區,0,1,0,6,1,5,40,14,9,1,4,4,5,7,4,4,10,5,5,1,11,5,3,10,1,1,C03,7,9,1,10,2,14,,5,5,1,22,8,C03,120.824032,24.154533,2
2022,1,29,15,43,臺中市,太平區,0,1,0,7,1,5,50,4,2,1,5,4,5,7,4,4,5,4,5,2,21,13,2,9,1,1,B03,7,9,2,18,2,1,,13,13,1,21,8,B03,120.734307,24.149907,2
2022,1,29,15,49,臺中市,豐原區,0,0,0,8,,,50,,,,,,,,,,,,,,,16,,,,,C01,,,1,,2,,,16,16,1,21,,C01,120.706752,24.251859,3
2022,1,29,15,52,臺中市,潭子區,0,1,0,8,1,5,50,14,9,1,5,4,5,7,4,4,5,5,5,1,17,23,3,10,1,1,B03,7,6,1,8,2,15,,9,9,1,22,9,B03,120.699497,24.223037,2
2022,1,29,15,55,臺中市,大雅區,0,1,0,8,1,5,30,14,8,1,5,4,5,7,4,4,9,4,5,1,17,19,3,10,1,1,C03,7,1,1,10,2,11,,19,19,1,22,9,C03,120.665002,24.217836,2
2022,1,29,15,58,臺中市,大里區,0,0,0,7,1,5,30,14,9,1,4,4,5,7,4,4,10,5,5,2,29,44,,,,,B03,,,1,,11,,,44,44,1,5,,B03,120.698388,24.091587,3
2022,1,29,16,7,臺中市,北屯區,0,2,0,8,1,5,50,4,4,1,5,4,5,7,2,1,5,5,4,2,12,1,3,10,1,1,C03,7,4,1,10,2,12,,1,1,1,22,8,C03,120.704663,24.16517,2
2022,1,29,16,8,臺中市,大里區,0,2,0,8,1,5,50,4,1,1,5,4,5,7,4,4,10,5,5,2,16,4,2,9,1,1,C03,7,9,4,10,2,11,,4,4,1,20,8,C03,120.69257,24.093186,2
2022,1,29,16,10,臺中市,西區,0,1,0,8,1,5,50,5,1,1,5,4,5,7,1,1,10,5,5,2,12,42,3,10,1,1,B03,7,6,1,8,2,6,,42,42,1,22,9,B03,120.669801,24.150724,2
2022,1,29,16,11,臺中市,豐原區,0,0,0,8,,,50,,,,,,,,,,,,,,,23,,,,,B03,,,1,,2,,,23,23,1,21,,B03,120.724043,24.236246,3
2022,1,29,16,15,臺中市,北區,0,2,0,8,1,5,50,3,1,1,5,4,5,7,4,4,10,5,5,2,16,6,2,9,1,1,C03,7,5,1,10,2,12,,6,6,1,22,8,C03,120.674592,24.159226,2
2022,1,29,16,17,臺中市,豐原區,0,0,0,8,,,50,,,,,,,,,,,,,,,23,,,,,B03,,,1,,2,,,23,23,1,22,,B03,120.74821,24.266868,3
2022,1,29,16,20,臺中市,北屯區,0,0,0,8,,,50,,,,,,,,,,,,,,,23,,,,,C03,,,1,,1,,,23,23,1,21,,C03,120.690611,24.173191,3
2022,1,29,16,22,臺中市,神岡區,0,1,0,8,1,5,30,14,9,1,5,4,5,7,4,4,10,5,5,1,17,16,2,9,1,1,C03,7,9,1,10,2,11,,16,16,1,12,8,C03,120.703885,24.26447,2
2022,1,29,16,26,臺中市,西區,0,0,0,8,,,50,,,,,,,,,,,,,,,23,,,,,B12,,,1,,2,,,23,23,1,22,,B12,120.663252,24.14456,3
2022,1,29,16,26,臺中市,北區,0,1,0,8,1,5,50,4,1,1,5,4,5,7,4,4,1,5,5,2,15,6,3,10,1,1,B12,7,9,1,8,2,2,,6,6,1,21,8,B12,120.693569,24.155368,2
2022,1,29,16,29,臺中市,沙鹿區,0,0,0,8,,,30,,,,,,,,,,,,,,,23,,,,,B03,,,1,,2,,,23,23,1,1,,B03,120.565667,24.25136,3
2022,1,29,16,33,臺中市,北屯區,0,1,0,8,1,5,50,4,1,1,5,4,5,7,4,4,10,5,5,2,13,16,2,8,1,1,C03,7,9,1,10,2,11,,16,16,1,21,8,C03,120.694282,24.172863,2
2022,1,29,16,34,臺中市,北區,0,0,0,8,1,5,30,4,1,1,5,4,5,7,4,4,10,5,5,2,15,6,,,,,C03,,,1,,2,,,6,6,1,22,,C03,120.673812,24.145156,3
2022,1,29,16,38,臺中市,東區,0,2,0,8,1,5,50,3,1,1,5,4,5,7,4,4,9,5,5,2,12,9,2,9,1,1,B12,7,6,1,8,2,2,,9,9,1,5,1,B12,120.7069,24.136364,2
2022,1,29,16,40,臺中市,北區,0,0,0,8,,,50,,,,,,,,,,,,,,,6,,,,,B03,,,1,,2,,,6,6,1,22,,B03,120.666724,24.16043,3
2022,1,29,16,41,臺中市,太平區,0,2,0,8,1,5,30,3,2,1,5,4,5,7,4,4,10,5,5,2,3,53,2,7,4,5,H01,8,16,8,20,10,16,,53,53,1,4,5,H01,120.730915,24.141279,2
2022,1,29,16,50,臺中市,北區,0,0,0,,,,50,,,,,,,,,,,,,,,23,,,,,B03,,,1,,2,,,23,23,1,21,,B03,120.673885,24.164445,3
2022,1,29,16,56,臺中市,太平區,0,0,0,8,,,50,,,,,,,,,,,,,,,3,,,,,C03,,,1,,2,,,3,3,1,21,,C03,120.702104,24.148114,3
2022,1,29,16,57,臺中市,沙鹿區,0,0,0,8,,,50,,,,,,,,,,,,,,,42,,,,,B03,,,1,,2,,,42,42,1,11,,B03,120.562352,24.240017,3
2022,1,29,17,1,臺中市,北區,0,0,0,7,1,5,50,14,7,1,5,4,5,7,4,4,8,3,5,2,12,23,,,,,B03,,,1,,2,,,23,23,1,22,,B03,120.692686,24.161684,3
2022,1,29,17,2,臺中市,豐原區,0,2,0,8,1,5,50,3,1,1,5,4,5,7,1,1,4,3,5,1,16,7,2,9,1,1,F03,7,8,8,20,2,16,,7,7,1,4,5,F03,120.721252,24.269761,2
2022,1,29,17,6,臺中市,清水區,0,1,0,8,1,5,50,14,9,1,5,4,5,7,4,4,8,5,4,2,17,11,2,9,3,4,F01,7,11,8,20,9,16,,11,11,1,22,8,F01,120.571779,24.271826,2
2022,1,29,17,6,臺中市,豐原區,0,0,0,8,,,50,,,,,,,,,,,,,,,23,,,,,B03,,,1,,2,,,23,23,1,21,,B03,120.711725,24.250747,3
2022,1,29,17,10,臺中市,南區,0,1,0,8,3,5,50,14,9,1,5,4,5,7,4,4,5,5,5,2,2,23,3,10,1,1,B12,7,9,1,8,2,2,,23,23,1,22,8,B12,120.682962,24.131512,2
2022,1,29,17,10,臺中市,大里區,0,0,0,8,,,30,,,,,,,,,,,,,,,23,,,,,B03,,,1,,1,,,23,23,1,3,,B03,120.708536,24.08755,3
2022,1,29,17,13,臺中市,大里區,0,0,0,7,1,5,30,14,9,1,4,4,5,7,4,4,10,5,5,2,16,23,,,,,B03,,,1,,2,,,23,23,1,18,,B03,120.706261,24.086347,3
2022,1,29,17,15,臺中市,大雅區,0,1,0,8,1,5,50,3,1,1,5,4,5,7,1,1,9,4,4,1,17,6,3,10,1,1,B03,7,6,1,8,2,5,,6,6,1,22,9,B03,120.642273,24.229109,2
2022,1,29,17,23,臺中市,東區,0,0,0,8,,,50,,,,,,,,,,,,,,,23,,,,,B12,,,1,,2,,,23,23,1,22,,B12,120.703279,24.144442,3
2022,1,29,17,25,臺中市,大里區,0,1,0,8,3,5,50,4,1,1,5,4,5,7,1,1,10,5,5,2,11,23,3,10,1,1,B03,7,5,1,8,2,8,,23,23,1,21,8,B03,120.686153,24.115274,2
2022,1,29,17,30,臺中市,南屯區,0,1,0,8,1,5,50,4,1,1,5,4,5,7,1,1,5,4,4,2,17,9,3,10,1,1,B03,7,6,1,8,2,2,,9,9,1,22,8,B03,120.624221,24.152416,2
2022,1,29,17,30,臺中市,神岡區,0,0,0,8,,,30,,,,,,,,,,,,,,,17,,,,,B12,,,1,,2,,,17,17,1,22,,B12,120.710053,24.258382,3
2022,1,29,17,32,臺中市,北區,0,0,0,,,,50,,,,,,,,,,,,,,,23,,,,,B03,,,1,,2,,,23,23,1,21,,B03,120.669204,24.161613,3
2022,1,29,17,34,臺中市,大里區,0,0,0,8,,,50,,,,,,,,,,,,,,,16,,,,,B03,,,1,,2,,,16,16,1,5,,B03,120.690413,24.123828,3
2022,1,29,17,36,臺中市,北屯區,0,0,0,8,,,50,,,,,,,,,,,,,,,16,,,,,B03,,,1,,1,,,16,16,1,22,,B03,120.715841,24.17495,3
2022,1,29,17,36,臺中市,后里區,0,0,0,8,3,5,50,14,9,1,5,4,5,7,4,4,1,4,4,1,17,42,3,10,1,1,B03,7,3,1,8,1,6,,42,42,1,21,8,B03,120.72318,24.311616,3
2022,1,29,17,38,臺中市,北屯區,0,1,0,8,1,5,80,14,7,1,5,4,5,7,4,4,2,3,5,1,13,16,2,1,1,1,B03,7,9,1,8,2,8,,16,16,1,21,9,B03,120.720788,24.168855,2
2022,1,29,17,41,臺中市,烏日區,0,1,0,8,2,5,40,11,9,1,5,4,5,1,4,4,10,5,5,2,10,5,2,8,1,1,C03,7,9,1,10,2,11,,5,5,1,18,8,C03,120.646905,24.067144,2
2022,1,29,17,42,臺中市,太平區,0,0,0,8,,,50,,,,,,,,,,,,,,,16,,,,,F03,,,8,,2,,,16,16,1,21,,F03,120.719885,24.121266,3
2022,1,29,17,50,臺中市,西區,0,2,0,8,3,5,50,3,1,1,5,4,5,7,4,4,10,5,5,2,16,6,2,9,1,1,C03,7,5,1,10,2,14,,6,6,1,4,5,C03,120.670517,24.151595,2
2022,1,29,17,53,臺中市,豐原區,0,1,0,8,3,5,50,14,9,1,5,4,5,7,4,4,1,3,5,1,18,42,2,9,1,1,C03,7,9,1,10,2,11,,42,42,1,4,5,C03,120.727219,24.248572,2
2022,1,29,17,55,臺中市,北屯區,0,0,0,8,,,40,,,,,,,,,,,,,,,8,,,,,C03,,,1,,1,,,8,8,1,22,,C03,120.692704,24.164923,3
2022,1,29,17,56,臺中市,霧峰區,0,1,0,8,1,5,40,3,9,1,5,4,5,7,3,1,9,5,5,1,16,6,2,9,1,1,C03,7,5,1,10,2,13,,6,6,1,3,8,C03,120.679971,24.070271,2
2022,1,29,18,0,臺中市,烏日區,0,2,0,8,3,5,50,4,2,1,5,4,5,7,1,1,4,3,4,2,13,23,2,8,1,1,C03,7,9,1,10,2,11,,23,23,1,21,9,C03,120.608,24.117962,2
2022,1,29,18,3,臺中市,北區,0,1,0,8,3,5,50,4,1,1,5,4,5,7,2,1,10,5,5,2,12,6,3,10,1,1,B12,7,6,1,8,2,2,,6,6,1,2,8,B12,120.682089,24.154584,2
2022,1,29,18,4,臺中市,清水區,0,1,0,8,3,5,60,4,2,1,5,4,5,7,1,1,1,4,3,1,17,23,2,9,3,4,B03,7,9,1,8,2,1,,23,23,1,22,8,B03,120.558415,24.273537,2
2022,1,29,18,11,臺中市,太平區,0,0,0,,,,80,,,,,,,,,,,,,,,7,,,,,B02,,,1,,2,,,7,7,1,4,,B02,120.717445,24.158276,3
2022,1,29,18,14,臺中市,西區,0,1,0,8,3,5,30,3,1,1,5,4,5,7,4,4,10,5,5,2,12,6,3,10,1,1,B03,7,6,1,8,2,8,,6,6,1,22,9,B03,120.657616,24.15364,2
2022,1,29,18,20,臺中市,大里區,0,0,0,,,,30,,,,,,,,,,,,,,,67,,,,,,,,,,,,,67,67,1,,,,120.734389,24.086877,3
2022,1,29,18,20,臺中市,太平區,0,0,0,8,,,50,,,,,,,,,,,,,,,23,,,,,A04,,,1,,2,,,23,23,1,21,,A04,120.719885,24.121266,3
2022,1,29,18,27,臺中市,沙鹿區,0,1,0,8,3,5,30,4,1,1,5,4,5,7,4,4,10,5,5,2,15,6,2,8,1,1,C03,7,9,1,10,2,12,,6,6,1,22,9,C03,120.5639,24.248576,2
2022,1,29,18,37,臺中市,大里區,0,1,0,8,4,5,50,14,9,1,5,4,5,7,1,1,9,5,5,1,16,23,3,10,3,4,B12,7,9,1,8,2,8,,23,23,1,3,8,B12,120.698356,24.080595,2
2022,1,29,18,40,臺中市,北屯區,0,0,0,8,,,50,,,,,,,,,,,,,,,7,,,,,B03,,,1,,2,,,7,7,1,22,,B03,120.665513,24.201393,3
2022,1,29,18,42,臺中市,北區,0,1,0,8,3,5,50,5,1,1,5,4,5,7,1,1,10,5,5,2,16,6,3,10,1,1,B12,7,5,1,8,2,2,,6,6,1,22,8,B12,120.675365,24.155733,2
2022,1,29,18,47,臺中市,北屯區,0,1,0,8,1,5,40,4,1,1,5,4,5,7,2,1,10,5,5,2,2,15,3,10,1,1,B11,7,6,1,8,2,5,,15,15,1,21,8,B11,120.719208,24.175849,2
2022,1,29,18,49,臺中市,豐原區,0,0,0,8,,,30,,,,,,,,,,,,,,,12,,,,,B03,,,1,,2,,,12,12,1,21,,B03,120.71658,24.252691,3
2022,1,29,18,57,臺中市,外埔區,0,0,0,8,,,40,,,,,,,,,,,,,,,12,,,,,B12,,,6,,11,,,12,12,1,22,,B12,120.63832,24.342059,3
2022,1,29,19,5,臺中市,大肚區,0,0,0,8,,,50,,,,,,,,,,,,,,,40,,,,,B03,,,1,,2,,,40,40,1,19,,B03,120.544683,24.153763,3
2022,1,29,19,11,臺中市,太平區,0,0,0,8,,,50,,,,,,,,,,,,,,,6,,,,,B03,,,1,,2,,,6,6,1,4,,B03,120.723332,24.149483,3
2022,1,29,19,12,臺中市,大雅區,0,0,0,8,,,50,,,,,,,,,,,,,,,16,,,,,B03,,,1,,2,,,16,16,1,22,,B03,120.627318,24.239292,3
2022,1,29,19,13,臺中市,北區,0,0,0,,,,50,,,,,,,,,,,,,,,23,,,,,B03,,,1,,2,,,23,23,1,21,,B03,120.674141,24.159078,3
2022,1,29,19,19,臺中市,西屯區,0,2,0,8,3,5,50,14,7,1,5,4,5,7,4,4,1,4,4,2,2,23,2,9,1,1,C03,7,9,1,10,2,12,,23,23,1,4,8,C03,120.659585,24.175233,2
2022,1,29,19,22,臺中市,北屯區,0,1,0,8,3,5,40,14,12,1,5,4,5,7,4,4,5,5,4,2,16,7,3,10,1,1,B03,7,8,1,8,2,5,,7,7,1,21,8,B03,120.667944,24.178338,2
2022,1,29,19,34,臺中市,太平區,0,1,0,8,3,5,50,14,9,1,5,4,5,7,4,4,9,5,5,2,12,17,3,10,1,1,B03,7,9,1,8,11,5,,17,17,1,21,8,B03,120.720663,24.130636,2
2022,1,29,19,35,臺中市,大雅區,0,2,0,8,3,5,50,14,8,1,5,4,5,7,4,4,9,4,4,1,17,23,2,9,1,1,C03,7,9,1,10,2,11,,23,23,1,22,9,C03,120.66581,24.216922,2
2022,1,29,19,40,臺中市,大雅區,0,0,0,8,,,30,,,,,,,,,,,,,,,23,,,,,B03,,,1,,1,,,23,23,1,22,,B03,120.623506,24.233431,3
2022,1,29,19,49,臺中市,北屯區,0,0,0,8,,,50,,,,,,,,,,,,,,,23,,,,,B03,,,1,,2,,,23,23,1,21,,B03,120.679411,24.169816,3
2022,1,29,20,5,臺中市,太平區,0,0,0,8,,,80,,,,,,,,,,,,,,,42,,,,,B03,,,1,,2,,,42,42,1,4,,B03,120.710569,24.140305,3
2022,1,29,20,10,臺中市,大里區,0,1,0,8,3,5,40,4,1,1,5,4,5,7,1,1,10,5,5,2,17,26,3,10,1,1,B12,7,6,1,8,2,15,,26,26,1,5,8,B12,120.688488,24.094037,2
2022,1,29,20,16,臺中市,北區,0,1,0,8,3,5,50,4,1,1,5,4,5,7,4,4,10,5,5,2,15,6,3,10,1,1,B12,7,9,1,8,2,2,,6,6,1,2,8,B12,120.669449,24.171635,2
2022,1,29,20,19,臺中市,太平區,0,3,0,8,3,5,80,14,7,1,5,4,5,7,4,4,2,3,5,1,17,23,2,3,1,1,B03,7,9,1,8,2,1,,23,23,1,4,5,B03,120.717295,24.156074,2
2022,1,29,20,20,臺中市,大里區,0,0,0,8,,,30,,,,,,,,,,,,,,,17,,,,,B03,,,1,,2,,,17,17,1,5,,B03,120.6619,24.102075,3
2022,1,29,20,25,臺中市,北區,0,0,0,8,,,40,,,,,,,,,,,,,,,23,,,,,B03,,,1,,2,,,23,23,1,22,,B03,120.675901,24.164339,3
2022,1,29,20,28,臺中市,南屯區,0,0,0,,,,50,,,,,,,,,,,,,,,23,,,,,C03,,,1,,1,,,23,23,1,22,,C03,120.64988,24.142033,3
2022,1,29,20,29,臺中市,南屯區,0,0,0,8,,,50,,,,,,,,,,,,,,,23,,,,,A42,,,1,,11,,,23,23,2,22,,A42,120.615231,24.153686,3
2022,1,29,20,32,臺中市,太平區,0,3,0,8,3,5,50,14,9,1,5,4,5,7,4,4,5,4,5,1,16,26,2,9,1,1,F03,7,11,8,20,2,16,,26,26,1,21,8,F03,120.719112,24.133491,2
2022,1,29,20,45,臺中市,西屯區,0,1,0,8,3,5,40,14,8,1,5,4,5,7,4,4,1,4,3,2,13,23,3,10,1,1,B03,7,9,1,8,1,1,,23,23,1,4,8,B03,120.635841,24.181657,2
2022,1,29,20,50,臺中市,霧峰區,0,0,0,,,,30,,,,,,,,,,,,,,,67,,,,,H03,,,1,,11,,,23,23,1,3,,H03,120.678449,24.06471,3
2022,1,29,20,55,臺中市,大雅區,0,0,0,8,,,50,,,,,,,,,,,,,,,23,,,,,B12,,,1,,2,,,23,23,1,22,,B12,120.647754,24.225958,3
2022,1,29,21,5,臺中市,北屯區,0,0,0,8,,,50,,,,,,,,,,,,,,,1,,,,,B03,,,1,,9,,,1,1,2,22,,B03,120.696515,24.170835,3
2022,1,29,21,20,臺中市,南屯區,0,1,0,8,3,5,40,14,8,1,5,4,5,7,4,4,1,4,1,2,17,23,2,9,1,1,C03,7,9,1,10,2,14,,23,23,1,5,8,C03,120.639626,24.117963,2
2022,1,29,21,38,臺中市,西屯區,0,1,0,8,3,5,50,4,1,1,5,4,5,7,1,1,5,5,4,2,17,26,3,10,3,4,B03,7,5,1,8,2,15,,26,26,1,22,8,B03,120.63049,24.18339,2
2022,1,29,21,45,臺中市,北屯區,0,1,0,8,3,5,50,5,1,1,5,4,5,7,1,1,10,5,5,2,16,6,3,10,1,1,B03,7,5,1,8,2,2,,6,6,1,21,8,B03,120.676711,24.176952,2
2022,1,29,22,0,臺中市,大肚區,0,0,0,,,,30,,,,,,,,,,,,,,,18,,,,,B03,,,1,,2,,,18,18,1,22,,B03,120.543512,24.15087,3
2022,1,29,22,7,臺中市,北區,0,0,0,8,,,50,,,,,,,,,,,,,,,42,,,,,B03,,,3,,2,,,42,42,1,5,,B03,120.6989,24.159718,3
2022,1,29,22,9,臺中市,中區,0,1,0,8,3,5,50,4,1,1,5,4,5,7,2,1,10,5,5,2,16,27,3,10,1,1,B03,7,6,1,8,1,2,,27,27,1,20,9,B03,120.676028,24.145511,2
2022,1,29,22,20,臺中市,西區,0,0,0,8,,,50,,,,,,,,,,,,,,,7,,,,,C03,,,1,,2,,,7,7,1,21,,C03,120.672122,24.140737,3
2022,1,29,22,24,臺中市,大雅區,0,0,0,8,,,50,,,,,,,,,,,,,,,16,,,,,B03,,,1,,2,,,16,16,1,22,,B03,120.603879,24.231764,3
2022,1,29,22,30,臺中市,潭子區,0,0,0,8,,,40,,,,,,,,,,,,,,,12,,,,,B03,,,1,,2,,,12,12,1,22,,B03,120.706694,24.221394,3
2022,1,29,22,44,臺中市,北區,0,3,0,8,3,5,50,4,1,1,5,4,5,7,1,1,10,5,5,2,16,6,2,9,1,1,C03,7,5,1,10,2,12,,6,6,1,22,9,C03,120.679035,24.149883,2
2022,1,29,23,6,臺中市,北區,0,2,0,8,3,5,50,4,1,1,5,4,5,7,3,1,5,5,5,2,15,6,2,9,1,1,C03,7,9,2,18,2,11,,6,6,1,5,8,C03,120.678916,24.157257,2
2022,1,29,23,15,臺中市,大里區,0,3,0,8,3,5,50,14,9,1,5,4,5,7,3,1,3,4,5,1,16,6,2,9,1,1,C03,7,9,1,10,2,14,,6,6,1,22,8,C03,120.681731,24.102368,2
2022,1,29,23,16,臺中市,大安區,0,2,0,8,3,5,50,14,9,1,5,4,5,7,4,4,9,5,5,1,2,23,2,9,1,1,C03,7,9,1,10,2,11,,23,23,1,4,1,C03,120.608326,24.348515,2
2022,1,29,23,53,臺中市,梧棲區,0,1,0,8,3,5,40,4,1,1,5,4,5,7,3,1,8,3,1,1,16,9,3,10,1,1,B03,7,6,1,8,2,5,,9,9,1,21,8,B03,120.544331,24.247096,2
2022,1,29,23,58,臺中市,中區,0,3,0,8,1,5,30,4,1,1,5,4,5,7,4,4,10,5,5,2,15,6,2,9,1,1,C03,7,9,1,10,2,12,,6,6,1,6,9,C03,120.678207,24.145585,2
2022,1,30,0,13,臺中市,后里區,0,1,0,8,3,5,50,3,1,1,5,4,5,7,3,1,1,3,4,1,15,67,,,,,,,,,,,,,67,67,1,,,,120.723313,24.287386,2
2022,1,30,0,17,臺中市,神岡區,0,1,0,8,1,5,50,3,2,1,5,4,5,7,3,1,3,5,5,1,17,44,3,10,1,1,B03,7,5,1,8,2,7,,44,44,1,22,9,B03,120.673983,24.282178,2
2022,1,30,0,23,臺中市,西區,0,1,0,8,3,5,50,4,1,1,5,4,5,7,3,1,5,5,5,1,16,6,3,10,1,1,B03,7,9,1,8,2,8,,6,6,1,21,8,B03,120.671359,24.139839,2