年,月,日,時,分,縣市,區,死,受傷,2-30,天候,光線,道路類別,速限,道路型態,事故位置,路面鋪裝,路面狀態,路面缺陷,障礙物,視距,號誌種類,號誌動作,分向設施,快車道或一般車道間,快慢車道間,路面邊線,事故類型及型態,主要肇因,受傷程度,主要傷處,保護裝備,行動電話,當事者區分,車輛用途,當事者行動狀態,駕駛資格情形,駕駛執照種類,飲酒情形,車輛撞擊部位最初,車輛撞擊部位其他,肇事因素個別,肇事因素主要,肇事逃逸,職業,旅次目的,車種,GPS緯度,GPS經度,事故類別
2022,1,30,15,53,臺中市,沙鹿區,0,3,0,8,1,5,50,4,1,1,5,4,5,7,4,4,10,5,5,2,15,6,2,9,1,1,C03,7,9,1,9,2,15,,6,6,1,20,8,C03,120.562591,24.251962,2
2022,1,30,15,55,臺中市,大里區,0,2,0,8,2,5,50,14,9,1,5,4,5,7,4,4,5,2,5,1,13,23,2,8,1,1,C03,7,9,1,10,2,11,,23,23,1,18,8,C03,120.686061,24.114365,2
2022,1,30,15,56,臺中市,后里區,0,0,0,8,1,5,30,4,1,1,5,4,5,7,4,4,5,5,5,2,15,42,,,,,B03,,,1,,2,,,42,42,1,22,,B03,120.720858,24.304123,3
2022,1,30,15,58,臺中市,北屯區,0,0,0,8,,,50,,,,,,,,,,,,,,,23,,,,,B02,,,1,,1,,,23,23,1,22,,B02,120.703358,24.169628,3
2022,1,30,15,59,臺中市,北區,0,1,0,8,1,5,50,4,1,1,5,4,5,7,3,1,5,5,5,2,15,6,3,10,1,1,B03,7,9,1,8,2,4,,6,6,1,21,8,B03,120.697326,24.159886,2
2022,1,30,16,0,臺中市,大安區,0,1,0,8,1,5,50,4,1,1,5,4,5,7,3,1,5,5,5,2,13,23,3,10,1,1,B03,7,9,1,8,2,1,,23,23,1,21,8,B03,120.600254,24.371463,2
2022,1,30,16,1,臺中市,西屯區,0,0,0,8,,,0,,,,,,,,,,,,,,,43,,,,,B02,,,1,,9,,,43,43,1,22,,B02,120.650828,24.168687,3
2022,1,30,16,3,臺中市,東區,0,0,0,8,,,50,,,,,,,,,,,,,,,6,,,,,B03,,,1,,2,,,6,6,1,22,,B03,120.707715,24.145735,3
2022,1,30,16,3,臺中市,南屯區,0,0,0,8,,,50,,,,,,,,,,,,,,,23,,,,,B03,,,1,,1,,,23,23,1,4,,B03,120.648346,24.140223,3
2022,1,30,16,6,臺中市,大雅區,0,1,0,8,1,5,30,4,1,1,5,4,5,7,4,4,10,5,5,2,17,6,3,10,1,1,B03,7,9,1,8,2,5,,6,6,1,22,9,B03,120.648021,24.227215,2
2022,1,30,16,13,臺中市,南屯區,0,2,0,8,1,5,50,14,9,1,5,4,5,7,4,4,5,4,5,2,12,6,2,9,1,1,C03,7,9,1,10,2,12,,6,6,1,22,8,C03,120.643848,24.151298,2
2022,1,30,16,13,臺中市,大里區,0,0,0,8,,,40,,,,,,,,,,,,,,,23,,,,,B03,,,1,,1,,,23,23,1,3,,B03,120.703392,24.101321,3
2022,1,30,16,16,臺中市,潭子區,0,1,0,8,1,5,30,4,1,1,5,4,5,7,4,4,10,5,5,2,15,6,2,9,1,1,C03,7,9,1,10,2,11,,6,6,1,22,8,C03,120.696607,24.193424,2
2022,1,30,16,20,臺中市,清水區,0,0,0,8,1,5,50,14,9,1,5,4,5,7,4,4,5,5,5,1,14,12,3,10,3,4,,7,2,7,19,11,3,,12,12,1,22,9,,120.568159,24.276016,3
2022,1,30,16,22,臺中市,北屯區,0,0,0,8,,,50,,,,,,,,,,,,,,,26,,,,,B03,,,1,,1,,,26,26,1,21,,B03,120.718195,24.170102,3
2022,1,30,16,25,臺中市,南屯區,0,0,0,8,1,5,50,3,1,1,5,4,4,7,1,1,9,5,5,2,12,17,3,10,1,1,B01,7,9,1,4,1,5,,17,17,1,10,4,B01,120.62227,24.1403,3
2022,1,30,16,26,臺中市,西屯區,0,0,0,8,,,50,,,,,,,,,,,,,,,23,,,,,B12,,,1,,1,,,23,23,1,4,,B12,120.64429,24.201919,3
2022,1,30,16,26,臺中市,后里區,0,0,0,8,,,50,,,,,,,,,,,,,,,38,,,,,B02,,,1,,2,,,38,38,1,1,,B02,120.719619,24.30932,3
2022,1,30,16,27,臺中市,太平區,0,0,0,,,,30,,,,,,,,,,,,,,,19,,,,,B03,,,1,,2,1,5,19,19,1,22,,B03,120.714084,24.148825,3
2022,1,30,16,29,臺中市,西區,0,0,0,8,1,5,50,4,1,1,5,4,5,7,1,1,10,5,5,2,13,9,3,10,1,1,B03,7,6,1,8,2,7,,9,9,1,21,8,B03,120.661687,24.152547,3
2022,1,30,16,30,臺中市,后里區,0,1,0,8,1,5,50,11,9,1,5,4,5,7,4,4,5,5,5,2,17,42,2,9,1,1,C03,7,9,2,18,2,11,,42,42,1,22,8,C03,120.716408,24.305088,2
2022,1,30,16,30,臺中市,豐原區,0,0,0,8,,,50,,,,,,,,,,,,,,,9,,,,,B03,,,1,,2,,,9,9,1,21,,B03,120.705889,24.251884,3
2022,1,30,16,35,臺中市,西區,0,1,0,8,1,5,50,4,2,1,5,4,5,7,1,1,5,4,5,2,12,19,3,10,1,1,B03,7,1,1,8,2,8,,19,19,1,22,9,B03,120.664295,24.147887,2
2022,1,30,16,40,臺中市,北屯區,0,0,0,8,,,50,,,,,,,,,,,,,,,23,,,,,B03,,,1,,2,,,23,23,1,22,,B03,120.690397,24.183478,3
2022,1,30,16,41,臺中市,西區,0,1,0,8,1,5,50,4,1,1,5,4,5,7,2,1,10,5,5,2,16,6,3,10,1,1,B03,7,5,1,8,2,5,,6,6,1,21,8,B03,120.668643,24.144384,2
2022,1,30,16,50,臺中市,大里區,0,0,0,8,,,50,,,,,,,,,,,,,,,40,,,,,B02,,,1,,2,,,40,40,1,5,,B02,120.686218,24.114377,3
2022,1,30,16,50,臺中市,太平區,0,0,0,,,,50,,,,,,,,,,,,,,,16,,,,,C03,,,1,,2,11,,16,16,1,22,,C03,120.711546,24.149877,3
2022,1,30,16,52,臺中市,大雅區,0,0,0,8,,,50,,,,,,,,,,,,,,,23,,,,,B03,,,1,,2,,,23,23,1,22,,B03,120.648906,24.223083,3
2022,1,30,16,54,臺中市,北屯區,0,0,0,8,,,30,,,,,,,,,,,,,,,6,,,,,B03,,,1,,1,,,6,6,1,21,,B03,120.668758,24.186134,3
2022,1,30,16,55,臺中市,豐原區,0,1,0,8,1,5,50,14,9,1,5,4,5,7,4,4,10,5,5,2,17,23,3,10,1,1,B03,7,9,1,8,2,1,,23,23,1,22,8,B03,120.715875,24.250357,2
2022,1,30,17,1,臺中市,豐原區,0,1,0,8,1,5,50,5,9,1,5,4,5,7,4,4,5,5,5,2,16,8,3,10,3,4,B03,7,5,1,8,2,8,,8,8,1,22,8,B03,120.738444,24.255976,2
2022,1,30,17,3,臺中市,霧峰區,0,0,0,8,,,40,,,,,,,,,,,,,,,23,,,,,B03,,,1,,2,,,23,23,1,3,,B03,120.663019,24.072322,3
2022,1,30,17,5,臺中市,西區,0,2,0,8,1,5,50,14,9,1,5,4,5,7,4,4,5,4,5,2,16,26,2,9,1,1,C03,7,11,1,10,2,14,,26,26,1,4,5,C03,120.667905,24.146728,2
2022,1,30,17,15,臺中市,外埔區,0,0,0,8,1,5,50,14,9,1,5,4,5,7,1,1,4,1,5,1,13,23,,,,,B03,,,1,,2,,,23,23,1,22,,B03,120.656278,24.33883,3
2022,1,30,17,17,臺中市,新社區,0,0,0,8,3,5,40,14,9,1,5,4,5,7,4,4,5,5,5,1,17,23,3,10,1,1,B03,7,3,1,8,2,6,,23,23,1,22,8,B03,120.808658,24.248335,3
2022,1,30,17,18,臺中市,沙鹿區,0,1,0,8,1,5,50,14,8,1,5,4,5,7,1,1,1,3,5,1,12,14,3,10,1,1,B03,7,6,3,18,2,2,,14,14,1,22,8,B03,120.565179,24.239632,2
2022,1,30,17,21,臺中市,北屯區,0,0,0,8,,,50,,,,,,,,,,,,,,,23,,,,,B03,,,1,,1,,,23,23,1,22,,B03,120.729978,24.177173,3
2022,1,30,17,24,臺中市,烏日區,0,0,1,8,2,5,30,14,22,1,5,4,5,7,4,4,10,5,5,2,29,23,5,9,2,1,F03,7,9,8,20,8,16,,23,23,1,21,8,F03,120.642598,24.028058,2
2022,1,30,17,30,臺中市,大雅區,0,0,0,8,,,40,,,,,,,,,,,,,,,12,,,,,B03,,,1,,2,,,12,12,1,22,,B03,120.652106,24.216615,3
2022,1,30,17,32,臺中市,西區,0,1,0,8,1,5,50,5,1,1,5,4,5,7,1,1,10,5,5,2,16,6,3,10,1,1,B03,7,6,1,8,2,2,,6,6,1,20,8,B03,120.669801,24.150724,2
2022,1,30,17,32,臺中市,西屯區,0,0,0,8,,,40,,,,,,,,,,,,,,,23,,,,,C03,,,3,,1,,,23,23,1,22,,C03,120.637096,24.172041,3
2022,1,30,17,32,臺中市,豐原區,0,1,0,8,2,5,30,4,2,1,5,4,5,7,4,4,4,4,4,2,17,6,3,10,1,1,B03,7,5,1,8,2,4,,6,6,1,20,5,B03,120.716027,24.242902,2
2022,1,30,17,40,臺中市,南區,0,0,0,,,,30,,,,,,,,,,,,,,,12,,,,,B12,,,1,,11,,,12,12,1,21,,B12,120.654461,24.10895,3
2022,1,30,17,40,臺中市,北屯區,0,1,0,8,2,5,50,14,8,1,5,4,5,7,4,4,1,4,4,2,17,40,3,10,1,1,B03,7,14,1,8,2,4,,40,40,1,21,8,B03,120.67246,24.191725,2
2022,1,30,17,50,臺中市,北屯區,0,0,0,8,,,50,,,,,,,,,,,,,,,23,,,,,B03,,,1,,11,,,23,23,2,22,,B03,120.685456,24.169187,3
2022,1,30,17,54,臺中市,北區,0,1,0,8,3,5,50,14,9,1,5,4,5,7,4,4,8,5,5,2,12,16,2,3,1,1,C03,7,9,1,10,2,11,,16,16,1,5,8,C03,120.674086,24.166714,2
2022,1,30,18,15,臺中市,大里區,0,0,0,8,,,50,,,,,,,,,,,,,,,10,,,,,B03,,,1,,2,,,10,10,1,6,,B03,120.694173,24.110345,3
2022,1,30,18,19,臺中市,豐原區,0,1,0,8,3,5,50,4,9,1,5,4,5,7,3,1,5,5,5,2,16,23,3,10,3,4,C03,7,9,3,18,9,11,,23,23,2,22,8,C03,120.726511,24.245591,2
2022,1,30,18,20,臺中市,南區,0,0,0,8,,,50,,,,,,,,,,,,,,,23,,,,,B03,,,1,,2,,,23,23,1,22,,B03,120.668269,24.118914,3
2022,1,30,18,20,臺中市,北屯區,0,1,0,8,3,5,50,4,1,1,5,4,5,7,4,4,10,5,5,2,15,6,3,10,1,1,B03,7,9,1,8,2,5,1,6,6,1,21,8,B03,120.689107,24.174158,2
2022,1,30,18,22,臺中市,南屯區,0,0,0,8,3,5,50,14,9,1,5,4,5,7,4,4,1,4,5,2,12,7,3,10,1,1,B03,7,8,1,8,1,5,,7,7,1,4,8,B03,120.63189,24.14506,3
2022,1,30,18,24,臺中市,南屯區,0,1,0,8,3,5,50,14,7,1,5,4,5,7,4,4,5,4,4,2,16,9,3,10,1,1,B02,7,6,1,15,2,5,,9,9,1,22,8,B02,120.6354,24.15238,2
2022,1,30,18,28,臺中市,梧棲區,0,2,0,8,3,5,30,4,1,1,5,4,5,7,4,4,10,4,5,2,15,6,2,9,1,1,F03,7,9,8,20,5,16,,6,6,1,21,8,F03,120.526571,24.249317,2
2022,1,30,18,30,臺中市,大里區,0,0,0,8,,,50,,,,,,,,,,,,,,,23,,,,,B12,,,1,,11,,,23,23,1,21,,B12,120.697901,24.094346,3
2022,1,30,18,30,臺中市,烏日區,0,1,0,8,3,5,50,4,1,1,5,4,5,7,2,1,1,4,4,2,16,25,2,9,1,1,C03,7,5,1,10,2,12,,25,25,1,21,8,C03,120.625567,24.108842,2
2022,1,30,18,30,臺中市,沙鹿區,0,3,0,8,3,5,50,14,7,1,5,4,5,7,4,4,1,4,4,2,13,16,2,8,1,1,C03,7,9,1,10,2,11,,16,16,1,18,8,C03,120.560194,24.239179,2
2022,1,30,18,35,臺中市,烏日區,0,1,0,8,3,5,50,4,1,1,5,4,5,6,1,1,10,5,5,2,15,25,2,7,1,1,C03,7,9,1,10,2,14,,25,25,1,21,8,C03,120.626313,24.110364,2
2022,1,30,18,36,臺中市,南區,0,2,0,7,3,5,40,4,1,1,5,4,5,7,4,4,10,4,5,2,16,44,2,9,1,1,C03,7,15,1,10,2,13,,23,44,1,22,8,C03,120.659903,24.116771,2
2022,1,30,18,49,臺中市,梧棲區,0,0,0,8,,,30,,,,,,,,,,,,,,,17,,,,,B03,,,1,,2,,,17,17,1,21,,B03,120.540078,24.235075,3
2022,1,30,18,51,臺中市,潭子區,0,0,0,8,,,50,,,,,,,,,,,,,,,19,,,,,B03,,,1,,2,,,19,19,1,22,,B03,120.712723,24.216611,3
2022,1,30,18,54,臺中市,北區,0,1,0,8,4,5,50,5,1,1,5,4,5,7,2,1,10,5,5,2,15,25,3,10,1,1,B03,7,9,1,8,2,1,,25,25,1,4,8,B03,120.686252,24.15482,2
2022,1,30,19,1,臺中市,西區,0,2,0,8,3,5,50,14,8,1,5,4,5,7,4,4,9,5,4,2,1,23,2,9,1,1,C03,7,9,1,10,2,11,,23,23,1,4,5,C03,120.661657,24.137637,2
2022,1,30,19,5,臺中市,外埔區,0,0,0,8,3,5,50,3,2,1,5,4,3,7,1,1,5,4,4,1,16,10,,,,,B03,,,1,,2,,,10,10,1,22,,B03,120.638693,24.341974,3
2022,1,30,19,16,臺中市,南區,0,2,0,8,2,5,50,3,1,1,5,4,5,7,4,4,10,5,5,2,16,6,3,10,1,1,B03,7,5,1,8,2,1,,6,6,1,5,8,B03,120.65328,24.119221,2
2022,1,30,19,17,臺中市,龍井區,0,0,0,8,,,60,,,,,,,,,,,,,,,16,,,,,B03,,,1,,1,,,16,16,1,22,,B03,120.580736,24.176166,3
2022,1,30,19,18,臺中市,北屯區,0,1,0,8,1,5,50,14,8,1,5,4,5,7,4,4,1,4,4,2,16,1,3,10,1,1,C03,7,6,1,10,2,13,,1,1,1,22,8,C03,120.697047,24.169516,2
2022,1,30,19,24,臺中市,北屯區,0,0,0,8,,,50,,,,,,,,,,,,,,,23,,,,,B03,,,1,,2,,,23,23,1,22,,B03,120.693491,24.192727,3
2022,1,30,19,30,臺中市,太平區,0,0,0,8,,,40,,,,,,,,,,,,,,,43,,,,,C03,,,1,,10,,,43,43,1,22,,C03,120.719722,24.116388,3
2022,1,30,19,39,臺中市,西屯區,0,1,0,8,3,5,50,14,9,1,5,4,5,7,4,4,9,5,5,2,17,43,2,9,3,4,C03,7,5,1,10,2,15,,43,43,1,22,8,C03,120.59322,24.183658,2
2022,1,30,19,40,臺中市,潭子區,0,0,0,8,,,50,,,,,,,,,,,,,,,6,,,,,B03,,,1,,2,,,6,6,1,22,,B03,120.701782,24.213347,3
2022,1,30,19,42,臺中市,南區,0,0,0,8,,,50,,,,,,,,,,,,,,,12,,,,,B03,,,1,,2,,,12,12,1,21,,B03,120.666799,24.11689,3
2022,1,30,19,45,臺中市,北區,0,2,0,8,3,5,50,4,1,1,5,4,5,7,1,1,2,4,5,2,16,6,3,10,1,1,B03,7,5,1,8,2,2,,6,6,1,21,8,B03,120.685574,24.153539,2
2022,1,30,19,45,臺中市,北屯區,0,0,0,8,,,50,,,,,,,,,,,,,,,23,,,,,A11,,,1,,2,,,23,23,1,21,,A11,120.673691,24.190532,3
2022,1,30,19,50,臺中市,大甲區,0,1,0,8,3,5,50,14,9,1,5,4,5,7,4,4,10,5,5,2,17,19,3,10,1,1,B03,7,1,1,8,2,4,,19,19,1,4,1,B03,120.619286,24.343508,2
2022,1,30,19,55,臺中市,北屯區,0,0,0,8,,,50,,,,,,,,,,,,,,,42,,,,,B03,,,6,,1,,,42,42,1,22,,B03,120.719871,24.18228,3
2022,1,30,19,59,臺中市,南屯區,0,0,0,8,3,5,50,14,9,1,5,4,5,7,4,4,9,5,5,2,12,19,3,10,1,1,B03,7,1,1,8,1,,,19,19,1,18,7,B03,120.64394,24.13624,3
2022,1,30,20,2,臺中市,北屯區,0,0,0,8,,,50,,,,,,,,,,,,,,,23,,,,,B03,,,1,,2,,,23,23,1,22,,B03,120.66675,24.184498,3
2022,1,30,20,10,臺中市,豐原區,0,2,0,8,3,5,50,11,5,1,5,4,5,7,4,4,5,5,5,2,17,25,3,10,1,1,B01,7,5,1,4,2,4,,25,25,1,22,8,B01,120.711722,24.250729,2
2022,1,30,20,11,臺中市,西區,0,1,0,8,3,5,50,3,1,1,5,4,5,7,4,4,10,5,5,2,16,6,3,10,1,1,B03,7,6,1,8,2,2,,6,6,1,21,8,B03,120.656257,24.140026,2
2022,1,30,20,15,臺中市,北屯區,0,0,0,8,,,30,,,,,,,,,,,,,,,12,,,,,B03,,,1,,1,,,12,12,1,22,,B03,120.665626,24.18547,3
2022,1,30,20,17,臺中市,北區,0,2,0,8,3,5,50,14,8,1,5,4,5,7,4,4,8,3,4,2,3,51,2,9,3,1,H01,8,16,8,20,10,16,,51,51,1,21,8,H01,120.684973,24.147938,2
2022,1,30,20,19,臺中市,北屯區,0,0,0,8,,,40,,,,,,,,,,,,,,,42,,,,,C03,,,1,,1,,,42,42,1,21,,C03,120.691591,24.176538,3
2022,1,30,20,20,臺中市,豐原區,0,0,0,8,,,50,,,,,,,,,,,,,,,19,,,,,B03,,,1,,2,,,19,19,1,22,,B03,120.726796,24.256945,3
2022,1,30,20,37,臺中市,西區,0,0,0,,,,50,,,,,,,,,,,,,,,12,,,,,B03,,,1,,1,,,12,12,1,20,,B03,120.665197,24.131582,3
2022,1,30,20,39,臺中市,北區,0,1,0,8,3,5,30,4,1,1,5,4,5,7,4,4,10,5,5,2,17,6,3,10,1,1,C03,7,9,1,10,2,15,,6,6,1,21,8,C03,120.697407,24.153966,2
2022,1,30,20,49,臺中市,潭子區,0,0,0,8,,,50,,,,,,,,,,,,,,,23,,,,,B03,,,1,,2,,,23,23,1,22,,B03,120.707352,24.203147,3
2022,1,30,21,1,臺中市,豐原區,0,0,0,8,,,50,,,,,,,,,,,,,,,42,,,,,C03,,,1,,2,,,42,42,1,21,,C03,120.71729,24.246177,4
2022,1,30,21,15,臺中市,大甲區,0,0,0,8,,,30,,,,,,,,,,,,,,,12,,,,,B03,,,1,,2,,,12,12,1,4,,B03,120.621345,24.360518,3
2022,1,30,21,34,臺中市,沙鹿區,0,2,0,8,3,5,50,14,9,1,5,4,5,7,4,4,4,5,5,2,3,23,2,9,1,1,C03,7,9,2,18,2,11,,23,23,1,9,9,C03,120.558407,24.236592,2
2022,1,30,21,35,臺中市,大雅區,0,1,0,8,4,5,60,14,12,1,5,4,5,7,4,4,3,4,4,1,16,19,3,10,1,1,B03,7,1,1,8,2,5,,19,19,1,22,9,B03,120.646662,24.222493,2
2022,1,30,21,35,臺中市,大肚區,0,2,0,8,1,5,70,5,2,1,5,4,5,7,1,1,10,5,5,2,13,16,2,9,1,1,C03,7,12,1,10,2,11,,16,16,1,4,8,C03,120.548547,24.142297,2
2022,1,30,21,42,臺中市,大里區,0,0,0,8,,,30,,,,,,,,,,,,,,,23,,,,,F01,,,8,,1,,,23,23,1,13,,F01,120.700046,24.097322,3
2022,1,30,21,44,臺中市,豐原區,0,0,0,8,,,50,,,,,,,,,,,,,,,12,,,,,B03,,,1,,2,,,12,12,1,22,,B03,120.727957,24.244792,3
2022,1,30,21,45,臺中市,南屯區,0,1,0,8,3,5,50,4,1,1,5,4,5,7,2,1,10,5,5,2,16,6,3,10,1,1,B03,7,6,1,8,2,2,,6,6,1,22,8,B03,120.653038,24.134957,2
2022,1,30,21,47,臺中市,北區,0,0,0,8,,,50,,,,,,,,,,,,,,,6,,,,,B03,,,1,,2,,,6,6,1,22,,B03,120.701259,24.155738,3
2022,1,30,21,49,臺中市,清水區,0,0,0,8,,,50,,,,,,,,,,,,,,,16,,,,,B03,,,1,,2,,,16,16,1,22,,B03,120.575037,24.2813,3
2022,1,30,21,50,臺中市,后里區,0,0,0,8,3,5,50,4,1,1,5,4,5,7,2,1,10,5,5,2,11,17,,,,,B03,,,1,,2,,,17,17,1,22,,B03,120.72205,24.304137,3
2022,1,30,22,0,臺中市,太平區,0,0,0,8,,,50,,,,,,,,,,,,,,,17,,,,,B03,,,1,,2,,,17,17,1,22,,B03,120.730369,24.110902,3
2022,1,30,22,6,臺中市,東勢區,0,0,0,8,,,50,,,,,,,,,,,,,,,67,,,,,B12,,,1,,2,,,17,17,1,5,,B12,120.846848,24.253353,3
2022,1,30,22,15,臺中市,龍井區,0,0,0,8,,,50,,,,,,,,,,,,,,,18,,,,,B03,,,1,,2,,,18,18,1,22,,B03,120.584125,24.181668,3
2022,1,30,22,25,臺中市,北屯區,0,0,0,8,,,50,,,,,,,,,,,,,,,6,,,,,B03,,,1,,2,,,6,6,1,22,,B03,120.687269,24.18015,3
2022,1,30,22,28,臺中市,北屯區,0,0,0,8,,,40,,,,,,,,,,,,,,,23,,,,,B03,,,1,,2,,,23,23,1,21,,B03,120.721019,24.17492,3
2022,1,30,22,30,臺中市,北屯區,0,0,0,8,,,30,,,,,,,,,,,,,,,23,,,,,B03,,,1,,1,,,23,23,1,22,,B03,120.66775,24.200713,3
2022,1,30,22,35,臺中市,南屯區,0,0,0,8,,,50,,,,,,,,,,,,,,,6,,,,,B02,,,1,8,1,,,6,6,1,12,,B02,120.649944,24.134818,3
2022,1,30,22,35,臺中市,北屯區,0,0,0,8,,,50,,,,,,,,,,,,,,,42,,,,,B03,,,1,,1,,,42,42,1,22,,B03,120.680537,24.200824,3
2022,1,30,22,55,臺中市,太平區,0,0,0,8,,,50,,,,,,,,,,,,,,,8,,,,,B03,,,1,,2,,,8,8,1,22,,B03,120.719531,24.118069,3
2022,1,30,23,1,臺中市,西屯區,0,0,0,8,,,50,,,,,,,,,,,,,,,23,,,,,B01,,,1,,2,,,23,23,1,10,,B01,120.642482,24.161389,3
2022,1,30,23,3,臺中市,神岡區,0,1,0,8,3,5,50,15,9,1,5,4,5,7,3,1,5,5,4,2,17,6,3,10,1,1,B12,7,9,1,3,2,4,,6,6,1,22,8,B12,120.6791,24.251182,2
2022,1,30,23,39,臺中市,北區,0,0,0,8,,,50,,,,,,,,,,,,,,,23,,,,,B03,,,1,,2,,,23,23,1,5,,B03,120.669635,24.163079,3
2022,1,30,23,44,臺中市,中區,0,1,0,8,3,5,50,4,1,1,5,4,5,7,1,1,10,5,5,2,16,6,3,10,1,1,B01,7,6,1,4,2,8,,6,6,1,10,8,B01,120.684456,24.142287,2
2022,1,30,23,45,臺中市,石岡區,0,4,0,8,3,5,70,14,9,1,5,4,5,7,4,4,1,4,5,1,13,23,2,1,1,1,B03,7,9,1,8,2,1,,23,23,1,5,8,B03,120.808736,24.264753,2
2022,1,31,0,7,臺中市,烏日區,0,2,0,8,3,5,70,11,11,1,5,4,5,7,4,4,1,4,4,1,18,23,2,7,1,1,C03,7,6,1,10,2,11,,23,23,1,22,8,C03,120.585575,24.112856,2
2022,1,31,0,40,臺中市,大里區,0,0,0,8,,,50,,,,,,,,,,,,,,,23,,,,,B12,,,1,,2,,,23,23,1,22,,B12,120.70038,24.119165,3
2022,1,31,1,0,臺中市,大甲區,0,0,0,8,,,50,,,,,,,,,,,,,,,44,,,,,B03,,,1,,1,,,44,44,1,4,,B03,120.622673,24.345184,3
2022,1,31,1,34,臺中市,南屯區,0,0,0,8,,,30,,,,,,,,,,,,,,,23,,,,,B12,,,1,,2,,,23,23,1,19,,B12,120.643055,24.139411,3
2022,1,31,1,37,臺中市,西區,0,0,0,8,,,50,,,,,,,,,,,,,,,9,,,,,B01,,,1,,2,,,9,9,1,10,,B01,120.655144,24.146707,3
2022,1,31,3,25,臺中市,北屯區,0,2,0,8,3,5,50,4,2,1,5,4,5,7,2,1,1,4,5,2,12,43,2,9,1,1,B12,7,7,6,18,2,5,,43,43,1,21,8,B12,120.676153,24.173555,2
2022,1,31,4,10,臺中市,西區,0,0,0,8,,,50,,,,,,,,,,,,,,,23,,,,,B03,,,1,,2,,,23,23,1,22,,B03,120.663855,24.140035,3
2022,1,31,5,55,臺中市,清水區,0,1,0,7,3,5,50,4,1,1,5,4,5,7,1,1,1,4,1,1,3,23,3,10,1,1,B03,7,6,1,8,2,8,,23,23,1,21,8,B03,120.549163,24.276541,2
2022,1,31,6,30,臺中市,東區,0,1,0,8,1,5,50,4,1,1,5,4,5,7,1,1,10,5,5,2,17,25,2,9,1,1,C03,7,5,1,10,2,11,,25,25,1,21,8,C03,120.698063,24.142776,2
2022,1,31,7,26,臺中市,北屯區,0,0,0,8,,,50,,,,,,,,,,,,,,,6,,,,,C03,,,1,,2,,,6,6,1,22,,C03,120.698256,24.183792,3
2022,1,31,8,8,臺中市,西屯區,0,0,0,8,,,50,,,,,,,,,,,,,,,43,,,,,B03,,,3,,11,,,43,43,1,22,,B03,120.659118,24.195841,3
2022,1,31,8,21,臺中市,北屯區,0,1,0,8,1,5,50,11,13,1,5,4,5,7,4,4,1,4,4,2,18,23,2,9,1,1,C03,7,9,1,10,4,11,,23,23,1,21,8,C03,120.681329,24.181739,2
2022,1,31,8,24,臺中市,沙鹿區,0,1,0,8,1,5,50,4,1,1,5,4,5,7,4,4,10,5,5,2,16,6,2,9,1,1,C03,7,9,1,10,2,12,,6,6,1,2,1,C03,120.560794,24.237015,2
2022,1,31,8,25,臺中市,清水區,0,2,0,8,1,5,50,3,9,1,5,4,5,7,4,4,5,4,5,1,13,23,2,7,1,1,C03,7,9,1,10,2,11,,23,23,1,5,5,C03,120.572118,24.289222,2
2022,1,31,8,37,臺中市,大里區,0,2,0,7,1,5,60,4,2,1,5,4,5,7,1,1,1,2,4,2,12,16,3,10,1,1,B01,7,9,1,2,2,5,,16,16,1,10,4,B01,120.688021,24.101881,2
2022,1,31,8,48,臺中市,潭子區,0,0,0,8,,,50,,,,,,,,,,,,,,,12,,,,,B03,,,1,,2,,,12,12,1,22,,B03,120.697816,24.194743,3
2022,1,31,8,50,臺中市,大肚區,0,0,0,,,,60,,,,,,,,,,,,,,,7,,,,,B03,,,1,,2,,,7,7,1,21,,B03,120.542661,24.164899,3
2022,1,31,8,54,臺中市,龍井區,0,2,0,8,1,5,30,4,1,1,5,4,5,7,4,4,10,5,5,2,15,6,2,9,1,1,C03,7,9,3,18,2,11,,6,6,1,12,8,C03,120.520586,24.211851,2
2022,1,31,9,1,臺中市,西區,0,0,0,8,,,50,,,,,,,,,,,,,,,43,,,,,,,,,,,,,43,43,2,,,,120.669561,24.145895,3
2022,1,31,9,1,臺中市,東區,0,0,0,8,,,50,,,,,,,,,,,,,,,42,,,,,B03,,,1,,2,,,42,42,1,22,,B03,120.693695,24.133167,3
2022,1,31,9,5,臺中市,神岡區,0,0,0,8,,,50,,,,,,,,,,,,,,,12,,,,,B03,,,1,,2,,,12,12,1,22,,B03,120.654862,24.279885,3
2022,1,31,9,7,臺中市,潭子區,0,1,0,8,1,5,50,4,1,1,5,4,5,7,4,4,10,5,5,2,3,23,3,10,1,1,C03,7,9,1,10,2,11,,23,23,1,22,8,C03,120.696356,24.195306,2
2022,1,31,9,8,臺中市,烏日區,0,2,0,8,1,5,50,3,2,1,5,4,5,7,4,4,5,5,4,2,16,1,2,9,1,1,C03,7,4,1,10,2,12,,1,1,1,21,8,C03,120.638615,24.104548,2