年,月,日,時,分,縣市,區,死,受傷,2-30,天候,光線,道路類別,速限,道路型態,事故位置,路面鋪裝,路面狀態,路面缺陷,障礙物,視距,號誌種類,號誌動作,分向設施,快車道或一般車道間,快慢車道間,路面邊線,事故類型及型態,主要肇因,受傷程度,主要傷處,保護裝備,行動電話,當事者區分,車輛用途,當事者行動狀態,駕駛資格情形,駕駛執照種類,飲酒情形,車輛撞擊部位最初,車輛撞擊部位其他,肇事因素個別,肇事因素主要,肇事逃逸,職業,旅次目的,車種,GPS緯度,GPS經度,事故類別
2022,1,31,9,15,臺中市,北屯區,0,0,0,8,,,50,,,,,,,,,,,,,,,26,,,,,B03,,,1,,2,,,26,26,1,8,,B03,120.696514,24.188693,3
2022,1,31,9,28,臺中市,清水區,0,0,0,8,1,5,50,14,13,1,5,4,5,7,4,4,1,4,4,1,14,12,3,10,1,1,B12,7,2,1,8,2,3,,12,12,1,4,5,B12,120.572193,24.275074,3
2022,1,31,9,29,臺中市,豐原區,0,0,0,8,,,30,,,,,,,,,,,,,,,12,,,,,B12,,,1,,2,,,12,12,1,22,,B12,120.720205,24.270599,3
2022,1,31,9,32,臺中市,北區,0,2,0,8,1,5,50,4,1,1,5,4,5,7,2,1,10,5,5,2,17,19,2,9,1,1,C03,7,1,1,10,2,13,,19,19,1,22,8,C03,120.680857,24.149188,2
2022,1,31,9,50,臺中市,南屯區,0,0,0,8,,,50,,,,,,,,,,,,,,,42,,,,,B03,,,1,,1,,,42,42,1,22,,B03,120.634147,24.143855,3
2022,1,31,9,55,臺中市,豐原區,0,1,0,8,1,5,50,4,2,1,5,4,5,7,1,1,1,3,5,2,17,42,2,9,1,1,C03,7,15,1,10,2,13,,42,42,1,4,6,C03,120.736388,24.2727,2
2022,1,31,10,0,臺中市,北區,1,0,0,8,1,5,50,4,1,1,5,4,5,7,1,1,1,5,5,2,15,25,3,10,1,1,B03,7,9,1,8,2,5,,25,25,1,21,7,B03,120.694374,24.155267,1
2022,1,31,10,10,臺中市,霧峰區,0,0,0,8,,,50,,,,,,,,,,,,,,,23,,,,,B03,,,1,,2,,,23,23,1,22,,B03,120.676029,24.049329,3
2022,1,31,10,13,臺中市,潭子區,0,0,0,8,,,30,,,,,,,,,,,,,,,18,,,,,B12,,,1,,2,,,18,18,1,22,,B12,120.707725,24.211981,3
2022,1,31,10,16,臺中市,北屯區,0,2,0,8,1,5,40,14,7,1,5,4,5,7,4,4,5,5,4,2,12,40,2,8,3,4,B03,7,13,1,8,2,4,,40,40,1,21,8,B03,120.693671,24.164816,2
2022,1,31,10,29,臺中市,北區,0,1,0,8,1,5,50,14,7,1,5,4,5,7,4,4,5,5,4,2,17,43,2,9,1,1,C03,7,9,1,10,2,12,,43,43,1,22,8,C03,120.670457,24.155974,2
2022,1,31,10,30,臺中市,外埔區,0,2,0,8,1,5,50,14,9,1,5,4,5,7,4,4,4,3,5,1,12,10,2,8,1,1,C03,7,11,3,18,2,14,,10,10,1,22,8,C03,120.643167,24.338832,2
2022,1,31,10,40,臺中市,北屯區,0,3,0,8,1,5,50,4,1,1,5,4,5,7,1,1,10,5,5,2,17,6,3,10,1,1,B03,7,6,1,8,2,6,,6,6,1,21,8,B03,120.690998,24.171655,2
2022,1,31,10,47,臺中市,梧棲區,0,0,0,8,,,50,,,,,,,,,,,,,,,12,,,,,C03,,,1,,2,,,12,12,1,5,,C03,120.535659,24.252724,3
2022,1,31,11,0,臺中市,梧棲區,0,1,0,8,1,5,50,4,2,1,5,4,5,7,1,1,1,4,5,1,16,6,2,9,1,1,C03,7,10,1,10,2,14,,6,6,1,5,8,C03,120.539221,24.244859,2
2022,1,31,11,0,臺中市,神岡區,0,0,0,8,,,30,,,,,,,,,,,,,,,17,,,,,B03,,,1,,1,,,17,17,1,12,,B03,120.653421,24.278039,3
2022,1,31,11,1,臺中市,中區,0,1,0,8,1,5,50,14,9,1,5,4,5,7,4,4,5,5,5,2,17,30,3,10,1,1,C03,7,9,1,10,2,15,,30,30,1,5,8,C03,120.680235,24.142881,2
2022,1,31,11,3,臺中市,西屯區,0,0,0,8,,,50,,,,,,,,,,,,,,,12,,,,,B03,,,1,,2,,,12,12,1,1,,B03,120.655686,24.160219,3
2022,1,31,11,7,臺中市,北區,0,0,0,8,,,50,,,,,,,,,,,,,,,23,,,,,B12,,,1,,2,,,23,23,1,21,,B12,120.671633,24.15921,3
2022,1,31,11,10,臺中市,大里區,0,2,0,8,1,5,50,4,1,1,5,4,5,7,4,4,5,4,4,2,12,16,2,9,1,1,C03,7,9,1,10,2,11,,16,16,1,18,8,C03,120.68154,24.111626,2
2022,1,31,11,12,臺中市,霧峰區,0,0,0,8,,,40,,,,,,,,,,,,,,,19,,,,,B03,,,1,,2,,,19,19,1,22,,B03,120.662566,24.072085,3
2022,1,31,11,13,臺中市,大里區,0,0,0,8,,,30,,,,,,,,,,,,,,,17,,,,,B03,,,1,,2,,,17,17,1,22,,B03,120.696115,24.090483,3
2022,1,31,11,16,臺中市,沙鹿區,0,0,0,8,,,50,,,,,,,,,,,,,,,18,,,,,B12,,,1,,2,,,18,18,1,9,,B12,120.568796,24.241788,3
2022,1,31,11,19,臺中市,潭子區,0,0,0,8,,,40,,,,,,,,,,,,,,,23,,,,,B03,,,1,,2,,,23,23,1,22,,B03,120.701466,24.207137,3
2022,1,31,11,19,臺中市,石岡區,0,1,0,8,1,5,50,14,9,1,5,4,5,7,4,4,2,4,5,1,17,43,2,9,1,1,C04,7,15,1,10,2,12,,43,43,1,19,8,C04,120.81778,24.26056,2
2022,1,31,11,20,臺中市,西區,0,1,0,8,1,5,50,4,1,1,5,4,5,7,1,1,10,5,5,2,13,16,2,9,1,1,C03,7,9,1,10,2,11,,16,16,1,21,8,C03,120.681512,24.136542,2
2022,1,31,11,28,臺中市,清水區,0,1,0,8,1,5,50,5,1,1,5,4,5,7,1,1,1,4,4,1,13,23,2,9,1,1,C03,7,9,1,10,2,11,12,23,23,1,18,5,C03,120.575485,24.278299,2
2022,1,31,11,30,臺中市,北屯區,0,1,0,8,1,5,50,14,9,1,5,4,5,7,4,4,5,4,5,2,3,52,2,9,1,1,H01,8,16,8,20,10,16,,52,52,1,20,8,H01,120.736759,24.178447,2
2022,1,31,11,45,臺中市,太平區,0,0,0,,,,30,,,,,,,,,,,,,,,43,,,,,F03,,,,,,15,,43,43,1,,,F03,120.723159,24.125148,3
2022,1,31,11,49,臺中市,大里區,0,2,0,8,1,5,40,3,2,1,5,4,5,7,4,4,5,4,5,1,13,23,2,9,1,1,C03,7,9,1,10,2,11,,23,23,1,22,5,C03,120.694081,24.106861,2
2022,1,31,11,52,臺中市,豐原區,0,2,0,8,1,5,50,14,7,1,5,4,5,7,4,4,5,4,4,2,17,19,2,9,3,4,C03,7,1,1,10,2,11,,19,19,1,22,8,C03,120.722058,24.253246,2
2022,1,31,11,54,臺中市,后里區,0,1,0,8,1,5,30,14,9,1,5,4,5,7,1,1,1,3,5,1,18,42,2,9,1,1,C03,7,9,6,10,7,14,,42,42,1,22,8,C03,120.709764,24.30427,2
2022,1,31,11,59,臺中市,沙鹿區,0,0,0,8,,,50,,,,,,,,,,,,,,,16,,,,,B12,,,1,,11,,,16,16,2,11,,B12,120.55888,24.234683,3
2022,1,31,12,10,臺中市,后里區,0,1,0,8,1,5,50,4,18,1,5,4,5,7,1,1,10,5,5,2,3,6,3,10,1,1,B03,7,5,1,8,2,1,,6,6,1,7,8,B03,120.712002,24.305646,2
2022,1,31,12,26,臺中市,豐原區,0,1,0,8,1,5,50,14,13,1,5,4,5,7,4,4,4,3,5,1,29,12,2,5,1,1,B03,7,2,1,8,2,3,,12,12,1,4,5,B03,120.724288,24.227338,2
2022,1,31,12,35,臺中市,大肚區,0,1,0,8,1,5,30,11,9,1,5,4,5,7,4,4,10,5,5,2,10,23,3,10,1,1,B12,7,9,1,8,4,1,,23,23,1,7,8,B12,120.577965,24.119255,2
2022,1,31,12,36,臺中市,北屯區,0,3,0,8,1,5,50,5,1,1,5,4,5,7,4,4,10,5,5,2,17,6,2,9,1,1,C03,7,15,2,18,2,11,,6,6,1,5,8,C03,120.719504,24.177833,2
2022,1,31,12,38,臺中市,霧峰區,0,0,0,8,,,60,,,,,,,,,,,,,,,23,,,,,B12,,,1,,2,,,23,23,1,22,,B12,120.695256,24.061091,3
2022,1,31,12,40,臺中市,大雅區,0,0,0,8,,,50,,,,,,,,,,,,,,,12,,,,,B03,,,1,,2,,,12,12,1,22,,B03,120.653013,24.225942,3
2022,1,31,12,58,臺中市,北屯區,0,0,0,8,,,50,,,,,,,,,,,,,,,43,,,,,C03,,,1,,1,,,43,43,1,22,,C03,120.72065,24.175523,3
2022,1,31,13,6,臺中市,大里區,0,0,0,8,,,30,,,,,,,,,,,,,,,6,,,,,B03,,,1,,2,,,6,6,1,22,,B03,120.683567,24.111345,3
2022,1,31,13,13,臺中市,太平區,0,0,0,8,,,50,,,,,,,,,,,,,,,23,,,,,C03,,,1,,2,,,23,23,1,21,,C03,120.716274,24.148739,3
2022,1,31,13,14,臺中市,東區,0,0,0,8,,,50,,,,,,,,,,,,,,,23,,,,,B03,,,1,,2,,,23,23,1,5,,B03,120.709715,24.140923,3
2022,1,31,13,14,臺中市,大甲區,0,0,0,8,,,30,,,,,,,,,,,,,,,23,,,,,B03,,,1,,2,,,23,23,1,22,,B03,120.645808,24.405069,3
2022,1,31,13,15,臺中市,大甲區,0,0,0,8,,,50,,,,,,,,,,,,,,,6,,,,,B03,,,1,,2,,,6,6,1,22,,B03,120.618827,24.338432,3
2022,1,31,13,17,臺中市,北屯區,0,0,0,8,,,50,,,,,,,,,,,,,,,17,,,,,B03,,,1,,1,,,17,17,1,21,,B03,120.694811,24.162493,3
2022,1,31,13,19,臺中市,大安區,0,1,0,8,1,5,50,3,1,1,5,4,5,7,4,4,10,5,5,2,18,23,2,9,1,1,C03,7,9,1,10,8,12,,23,23,1,4,1,C03,120.603346,24.379755,2
2022,1,31,13,20,臺中市,北屯區,0,2,0,8,1,5,50,3,1,1,5,4,5,7,4,4,10,5,5,2,16,6,2,7,1,1,C03,7,5,1,10,2,11,,6,6,1,20,8,C03,120.66775,24.174411,2
2022,1,31,13,26,臺中市,大雅區,0,1,0,8,1,5,30,4,1,1,5,4,5,7,4,4,10,5,5,2,15,6,2,8,1,1,C03,7,9,1,10,2,11,,6,6,1,22,8,C03,120.666052,24.215362,2
2022,1,31,13,40,臺中市,大里區,0,0,0,8,,,30,,,,,,,,,,,,,,,17,,,,,B03,,,1,,2,,,17,17,1,22,,B03,120.679933,24.104303,3
2022,1,31,13,42,臺中市,大甲區,0,1,0,8,1,5,50,14,9,1,5,4,5,7,4,4,5,5,5,1,9,23,3,10,1,1,B03,7,9,1,8,2,2,,23,23,1,4,1,B03,120.622643,24.344363,2
2022,1,31,13,42,臺中市,東勢區,0,1,0,8,1,5,50,14,9,1,5,4,5,7,4,4,5,5,5,1,3,53,2,9,4,5,H01,8,20,8,20,10,16,,53,53,1,9,8,H01,120.850929,24.255771,2
2022,1,31,13,43,臺中市,南區,0,1,0,8,1,5,40,14,8,1,5,4,5,7,4,4,5,5,4,2,17,16,3,10,1,1,C03,7,9,1,10,2,11,,16,16,1,22,8,C03,120.665477,24.113803,2
2022,1,31,13,45,臺中市,大里區,0,1,0,8,1,5,50,4,2,1,5,4,5,7,1,1,10,5,5,2,16,26,2,9,1,1,C03,7,11,1,10,2,13,,26,26,1,22,8,C03,120.693545,24.090162,2
2022,1,31,13,50,臺中市,南區,0,2,0,8,1,5,50,4,1,1,5,4,5,7,1,1,10,5,5,2,12,17,2,9,1,1,C03,7,9,1,10,2,12,,17,17,1,22,8,C03,120.658179,24.117568,2
2022,1,31,13,52,臺中市,清水區,0,1,0,8,1,5,50,4,1,1,5,4,5,7,4,4,10,5,5,2,15,6,2,9,3,4,C03,7,9,1,10,2,11,,6,6,1,22,8,C03,120.572467,24.273869,2
2022,1,31,13,53,臺中市,北屯區,0,1,0,8,1,5,50,4,1,1,5,4,5,7,2,1,10,5,5,2,14,12,3,10,1,1,B03,7,2,1,8,2,3,,12,12,1,5,7,B03,120.720781,24.176666,2
2022,1,31,13,59,臺中市,北屯區,0,0,0,8,,,50,,,,,,,,,,,,,,,23,,,,,B03,,,1,,1,,,23,23,1,22,,B03,120.722095,24.175996,3
2022,1,31,14,4,臺中市,豐原區,0,0,0,8,,,50,,,,,,,,,,,,,,,23,,,,,B03,,,1,,2,,,23,23,1,21,,B03,120.708955,24.245533,3
2022,1,31,14,10,臺中市,太平區,0,1,0,8,1,5,50,3,2,1,5,4,5,7,1,1,5,5,5,1,16,7,3,10,1,1,B03,7,8,3,18,2,6,,7,7,1,22,8,B03,120.715833,24.135277,2
2022,1,31,14,11,臺中市,西屯區,0,2,0,7,1,5,30,3,1,1,5,4,5,7,4,4,10,5,5,2,17,8,2,9,1,1,C03,7,5,4,11,2,14,,8,8,1,1,9,C03,120.663985,24.16758,2
2022,1,31,14,12,臺中市,北區,0,2,0,8,2,5,50,3,1,1,5,4,5,7,4,4,5,5,5,2,9,23,3,10,4,5,H01,8,16,8,20,10,16,,60,23,1,22,8,H01,120.687648,24.155547,2
2022,1,31,14,36,臺中市,豐原區,0,0,0,8,,,50,,,,,,,,,,,,,,,25,,,,,B03,,,1,,2,,,25,25,1,22,,B03,120.722498,24.236557,3
2022,1,31,14,41,臺中市,霧峰區,0,0,0,8,,,50,,,,,,,,,,,,,,,12,,,,,B03,,,1,,2,,,12,12,1,22,,B03,120.697795,24.065079,3
2022,1,31,14,43,臺中市,北屯區,0,0,0,8,,,50,,,,,,,,,,,,,,,23,,,,,B03,,,1,,1,,,23,23,1,21,,B03,120.697485,24.18287,3
2022,1,31,14,45,臺中市,后里區,0,0,0,8,1,5,40,3,1,1,5,4,5,7,4,4,10,5,5,2,14,12,,,,,B03,,,1,,2,,,12,12,1,22,,B03,120.717661,24.305356,3
2022,1,31,14,50,臺中市,大里區,0,1,0,8,1,5,50,14,9,1,5,4,5,7,4,4,5,5,5,2,17,26,2,9,3,4,B03,7,7,1,8,2,1,,26,26,1,22,8,B03,120.714735,24.092368,2
2022,1,31,15,2,臺中市,北屯區,0,0,0,8,,,50,,,,,,,,,,,,,,,23,,,,,B03,,,1,,1,,,23,23,1,22,,B03,120.726725,24.171678,3
2022,1,31,15,2,臺中市,大里區,0,0,0,8,1,5,50,14,9,1,5,4,5,7,4,4,1,4,4,1,16,19,,,,,B03,,,1,,2,,,19,19,1,22,,B03,120.693884,24.089896,3
2022,1,31,15,5,臺中市,東區,0,0,0,8,,,50,,,,,,,,,,,,,,,42,,,,,B03,,,1,,2,,,42,42,1,22,,B03,120.69937,24.12724,3
2022,1,31,15,8,臺中市,西屯區,0,1,0,8,1,5,40,14,7,1,5,4,5,7,4,4,5,4,4,2,16,7,3,10,1,1,C03,7,7,1,10,11,14,,7,7,1,22,8,C03,120.619621,24.184448,2
2022,1,31,15,14,臺中市,西屯區,0,0,0,8,,,50,,,,,,,,,,,,,,,23,,,,,B03,,,1,,2,,,23,23,1,22,,B03,120.665602,24.170336,3
2022,1,31,15,19,臺中市,北區,0,2,0,8,1,5,30,14,9,1,5,4,5,7,4,4,10,5,5,2,17,40,2,7,1,1,B01,7,14,1,4,2,4,,40,40,1,21,8,B01,120.682686,24.158445,2
2022,1,31,15,19,臺中市,大肚區,0,0,0,,,,70,,,,,,,,,,,,,,,42,,,,,C03,,,,,,,,42,42,1,22,,C03,120.549307,24.140167,3
2022,1,31,15,20,臺中市,南區,0,0,0,8,,,50,,,,,,,,,,,,,,,23,,,,,C03,,,1,,2,,,23,23,1,22,,C03,120.663506,24.119339,3
2022,1,31,15,29,臺中市,大里區,0,0,0,8,,,50,,,,,,,,,,,,,,,23,,,,,B03,,,1,,2,,,23,23,1,22,,B03,120.693127,24.084869,3
2022,1,31,15,33,臺中市,大里區,0,2,0,8,1,5,50,4,1,1,5,4,5,7,2,1,10,4,4,1,16,8,3,10,1,1,B12,7,5,1,8,2,7,,8,8,1,5,8,B12,120.697251,24.111391,2
2022,1,31,15,35,臺中市,大里區,0,1,0,8,1,5,30,4,1,1,5,4,5,7,4,4,10,5,5,2,13,23,3,10,1,1,C03,7,9,1,10,2,11,,23,23,1,20,8,C03,120.689866,24.118391,2
2022,1,31,15,35,臺中市,太平區,0,0,0,,,,50,,,,,,,,,,,,,,,23,,,,,B03,,,1,,1,1,,23,23,1,22,,B03,120.715487,24.148967,3
2022,1,31,15,48,臺中市,大里區,0,0,0,8,,,30,,,,,,,,,,,,,,,17,,,,,B03,,,1,,2,,,17,17,1,5,,B03,120.682105,24.110325,3
2022,1,31,15,50,臺中市,東勢區,0,0,0,8,,,60,,,,,,,,,,,,,,,40,,,,,B12,,,1,,2,,,40,40,1,9,,B12,120.832902,24.24651,3
2022,1,31,15,52,臺中市,東勢區,0,0,0,8,,,50,,,,,,,,,,,,,,,42,,,,,B03,,,1,,2,,,42,42,1,22,,B03,120.830366,24.251473,3
2022,1,31,15,58,臺中市,北區,0,0,0,8,,,50,,,,,,,,,,,,,,,23,,,,,B03,,,1,,2,,,23,23,1,22,,B03,120.698073,24.160629,3
2022,1,31,16,0,臺中市,北屯區,0,0,0,8,,,50,,,,,,,,,,,,,,,7,,,,,B03,,,1,,1,,,7,7,1,21,,B03,120.718845,24.175681,3
2022,1,31,16,0,臺中市,烏日區,0,1,0,8,1,5,50,4,1,1,5,4,5,7,2,1,5,4,4,1,12,7,3,10,1,1,B03,7,7,1,8,2,8,,7,7,1,21,8,B03,120.654874,24.095124,2
2022,1,31,16,11,臺中市,霧峰區,0,1,0,8,1,5,60,3,1,1,5,4,5,7,4,4,1,4,4,1,16,6,3,10,1,1,B03,7,6,1,8,2,2,,6,6,1,4,8,B03,120.693939,24.049254,2
2022,1,31,16,17,臺中市,北屯區,0,1,0,8,1,5,30,3,1,1,5,4,5,7,4,4,10,5,5,2,16,6,2,9,1,1,C03,7,5,1,10,2,13,11,6,6,1,5,8,C03,120.683736,24.194063,2
2022,1,31,16,17,臺中市,西屯區,0,1,0,8,1,5,40,14,8,1,5,4,5,7,4,4,1,4,1,2,13,16,3,10,1,1,B02,7,9,1,8,1,1,,16,16,1,22,8,B02,120.626488,24.184556,2
2022,1,31,16,25,臺中市,北屯區,0,0,0,8,,,50,,,,,,,,,,,,,,,12,,,,,B03,,,1,,2,,,12,12,1,22,,B03,120.694497,24.162463,3
2022,1,31,16,25,臺中市,北屯區,0,0,0,8,,,50,,,,,,,,,,,,,,,6,,,,,B03,,,1,,2,,,6,6,1,22,,B03,120.680203,24.17807,3
2022,1,31,16,34,臺中市,豐原區,0,0,0,6,,,50,,,,,,,,,,,,,,,17,,,,,B03,,,1,,2,,,17,17,1,4,,B03,120.722913,24.251055,3
2022,1,31,16,40,臺中市,太平區,0,1,0,8,1,5,40,14,9,1,5,4,5,7,4,4,5,5,5,2,18,23,2,9,1,1,C03,7,9,1,10,2,14,,23,23,1,21,8,C03,120.808065,24.095749,2
2022,1,31,16,45,臺中市,北屯區,0,1,0,8,1,5,30,4,1,1,5,4,5,7,4,4,10,5,5,2,15,6,3,10,1,1,B03,7,9,1,8,2,1,,6,6,1,21,8,B03,120.720394,24.177661,2
2022,1,31,16,45,臺中市,西屯區,0,0,0,8,,,50,,,,,,,,,,,,,,,23,,,,,B03,,,1,,1,,,23,23,1,4,,B03,120.655635,24.162159,3
2022,1,31,16,53,臺中市,大里區,0,0,0,8,,,50,,,,,,,,,,,,,,,6,,,,,B03,,,1,,2,,,6,6,1,22,,B03,120.682829,24.077027,3
2022,1,31,17,3,臺中市,太平區,0,0,0,8,,,50,,,,,,,,,,,,,,,67,,,,,,,,,,,,,67,67,1,,,,120.711513,24.160713,3
2022,1,31,17,4,臺中市,東區,0,2,0,8,1,5,50,14,7,1,5,4,5,7,4,4,9,5,4,2,16,19,2,9,1,1,C03,7,1,3,18,2,11,,19,19,1,22,8,C03,120.709688,24.144284,2
2022,1,31,17,33,臺中市,梧棲區,0,0,0,8,,,40,,,,,,,,,,,,,,,23,,,,,B03,,,1,,2,,,23,23,1,12,,B03,120.557621,24.254564,3
2022,1,31,17,34,臺中市,北屯區,0,0,0,8,,,30,,,,,,,,,,,,,,,16,,,,,C03,,,1,,1,,,16,16,1,5,,C03,120.682055,24.19134,3
2022,1,31,17,44,臺中市,大里區,0,0,0,8,,,50,,,,,,,,,,,,,,,17,,,,,B03,,,1,,2,,,17,17,1,5,,B03,120.70388,24.108313,3
2022,1,31,17,50,臺中市,神岡區,0,0,0,8,,,30,,,,,,,,,,,,,,,12,,,,,B03,,,1,,1,,,12,12,1,22,,B03,120.699437,24.253787,3
2022,1,31,17,54,臺中市,豐原區,0,1,0,8,3,5,50,3,2,1,5,4,5,7,1,1,5,5,4,2,17,44,3,10,1,1,B03,7,9,1,8,2,8,,44,44,1,22,8,B03,120.708852,24.245589,2
2022,1,31,17,56,臺中市,南屯區,0,0,0,,,,50,,,,,,,,,,,,,,,2,,,,,B03,,,1,,2,,,2,2,1,22,,B03,120.637961,24.147086,3
2022,1,31,18,0,臺中市,大雅區,0,1,0,8,3,5,50,4,1,1,5,4,5,7,1,1,5,4,5,1,16,25,3,10,1,1,B03,7,5,1,8,2,1,,25,25,1,22,9,B03,120.645376,24.225594,2
2022,1,31,18,2,臺中市,太平區,0,1,0,8,3,5,50,4,1,1,5,4,5,7,1,1,10,5,5,2,16,6,3,10,1,1,B03,7,5,1,8,2,6,,6,6,1,22,8,B03,120.718829,24.148904,2
2022,1,31,18,10,臺中市,梧棲區,0,1,0,8,4,5,40,14,7,1,5,4,5,7,4,4,1,4,1,1,23,23,2,9,1,1,C02,7,11,1,9,2,11,,23,23,1,12,8,C02,120.552607,24.244041,2
2022,1,31,18,17,臺中市,豐原區,0,0,0,8,,,50,,,,,,,,,,,,,,,42,,,,,B03,,,1,,2,,,42,42,1,22,,B03,120.726362,24.249047,3
2022,1,31,19,13,臺中市,大雅區,0,1,0,8,4,5,50,14,9,1,5,4,5,7,4,4,5,5,5,1,12,23,3,10,1,1,B03,7,9,1,8,2,2,,23,23,1,22,9,B03,120.656857,24.225645,2
2022,1,31,19,22,臺中市,北屯區,0,0,0,8,,,50,,,,,,,,,,,,,,,23,,,,,C03,,,1,,1,,,23,23,1,22,,C03,120.685548,24.172185,3
2022,1,31,19,35,臺中市,大里區,0,0,0,8,,,50,,,,,,,,,,,,,,,12,,,,,B03,,,1,,2,,,12,12,1,20,,B03,120.677834,24.094204,3
2022,1,31,19,45,臺中市,太平區,0,1,0,8,3,5,50,3,2,1,5,4,5,7,4,4,9,4,5,1,16,23,2,8,1,1,C03,7,4,1,10,2,12,,23,23,1,22,8,C03,120.703629,24.111601,2
2022,1,31,19,57,臺中市,南屯區,0,1,0,8,3,5,50,4,2,1,5,4,5,7,2,1,9,5,5,2,17,25,2,9,1,1,C03,7,5,1,10,2,12,,25,25,1,20,7,C03,120.64391,24.13205,2
2022,1,31,19,59,臺中市,大甲區,0,0,0,8,,,50,,,,,,,,,,,,,,,42,,,,,B12,,,1,,2,,,42,42,1,20,,B12,120.653426,24.37974,3
2022,1,31,20,11,臺中市,潭子區,0,0,0,8,,,50,,,,,,,,,,,,,,,17,,,,,B03,,,1,,2,,,17,17,1,22,,B03,120.71063,24.215763,3
2022,1,31,20,11,臺中市,龍井區,0,1,0,8,3,5,60,4,1,1,5,4,5,7,1,1,10,5,5,2,15,25,2,9,1,1,C03,7,9,1,10,2,11,,25,25,1,4,5,C03,120.534832,24.193782,2
2022,1,31,20,21,臺中市,太平區,0,1,0,8,3,5,50,4,1,1,5,4,5,7,1,1,10,5,5,2,16,6,3,10,1,1,B03,7,5,1,8,2,8,,6,6,1,22,8,B03,120.718485,24.129188,2
2022,1,31,20,45,臺中市,南屯區,0,1,0,8,3,5,50,3,1,1,5,4,5,7,1,1,5,5,5,2,18,42,2,9,1,1,C03,7,9,1,10,2,15,,42,42,1,22,8,C03,120.636458,24.151175,2
2022,1,31,20,50,臺中市,大雅區,0,0,0,8,,,50,,,,,,,,,,,,,,,23,,,,,B03,,,1,,2,,,23,23,1,22,,B03,120.651757,24.213161,3
2022,1,31,20,50,臺中市,中區,0,1,0,8,3,5,50,3,1,1,5,4,5,7,1,1,10,5,5,2,16,23,2,9,1,1,C03,7,9,1,10,2,14,,23,23,1,4,5,C03,120.683136,24.136466,2
2022,1,31,20,53,臺中市,西屯區,0,0,0,,,,50,,,,,,,,,,,,,,,23,,,,,B02,,,1,,2,,,23,23,1,22,,B02,120.637166,24.170311,3
2022,1,31,21,0,臺中市,南區,0,2,0,8,3,5,50,3,1,1,5,4,5,7,4,4,1,4,5,2,17,6,2,9,1,1,C03,7,6,2,18,2,11,,6,6,1,22,8,C03,120.68344,24.11904,2
2022,1,31,21,0,臺中市,北屯區,0,0,0,8,,,50,,,,,,,,,,,,,,,10,,,,,B03,,,1,,1,,,10,10,1,21,,B03,120.687018,24.175754,3
2022,1,31,21,0,臺中市,大里區,0,0,0,8,,,50,,,,,,,,,,,,,,,23,,,,,B03,,,1,,2,,,23,23,1,5,,B03,120.691908,24.101048,3
2022,1,31,21,15,臺中市,大里區,0,0,0,7,3,5,50,14,9,1,5,4,5,7,4,4,5,5,5,2,14,12,,,,,B12,,,1,,2,,,12,12,1,10,,B12,120.701632,24.096329,3
2022,1,31,21,44,臺中市,東區,0,0,0,8,,,50,,,,,,,,,,,,,,,16,,,,,C03,,,1,,2,,,16,16,1,5,,C03,120.692505,24.147477,3
2022,1,31,21,50,臺中市,太平區,0,0,0,,,,50,,,,,,,,,,,,,,,12,,,,,B03,,,1,,1,,,12,12,1,21,,B03,120.716384,24.143098,3
2022,1,31,21,53,臺中市,西屯區,0,0,0,8,,,50,,,,,,,,,,,,,,,23,,,,,B03,,,1,,11,,,23,23,1,22,,B03,120.652804,24.166273,3
2022,1,31,22,43,臺中市,大里區,0,0,0,8,,,30,,,,,,,,,,,,,,,12,,,,,B03,,,3,,2,,,12,12,1,22,,B03,120.703531,24.094478,3
2022,1,31,22,48,臺中市,西區,0,0,0,8,,,50,,,,,,,,,,,,,,,16,,,,,B03,,,1,,1,,,16,16,1,4,,B03,120.663193,24.156545,3
2022,1,31,22,56,臺中市,太平區,0,1,0,8,3,5,50,14,9,1,5,4,5,7,4,4,5,4,5,1,12,42,2,9,1,1,C03,7,9,6,10,2,12,,42,42,1,22,8,C03,120.725997,24.136647,2
2022,1,31,23,15,臺中市,西屯區,0,0,0,8,,,50,,,,,,,,,,,,,,,23,,,,,B03,,,1,,2,,,23,23,1,21,,B03,120.627042,24.177514,3
2022,1,31,23,18,臺中市,梧棲區,0,1,0,8,3,5,60,4,1,1,5,4,5,7,1,1,10,5,5,2,16,25,3,10,1,1,B03,7,5,1,1,2,5,,25,25,1,9,1,B03,120.529448,24.234281,2
2022,1,31,23,24,臺中市,烏日區,0,0,0,8,,,50,,,,,,,,,,,,,,,12,,,,,B02,,,6,,2,,,12,12,1,22,,B02,120.646716,24.073173,3
2022,1,31,23,45,臺中市,東區,0,0,0,,,,50,,,,,,,,,,,,,,,12,,,,,B03,,,1,,2,,,12,12,1,22,,B03,120.70025,24.132923,3